lead_time,arrival_date_year,arrival_date_week_number,arrival_date_day_of_month,stays_in_weekend_nights,stays_in_week_nights,adults,children,babies,is_repeated_guest,previous_cancellations,previous_bookings_not_canceled,booking_changes,days_in_waiting_list,adr,required_car_parking_spaces,total_of_special_requests,total_nights,total_guests,is_family,has_agent,has_company,adr_per_guest,prev_cancel_ratio,hotel,arrival_date_month,arrival_weekday,meal,country,market_segment,distribution_channel,reserved_room_type,deposit_type,customer_type,agent,company,is_canceled
1,2017,21,27,0,1,2,1,0,0,0,0,1,0,158.5,0,1,1,3,1,1,0,52.833333333333336,0.0,Resort Hotel,May,Saturday,BB,PRT,Online TA,TA/TO,D,No Deposit,Transient,240.0,,0
0,2015,40,1,0,1,3,0,0,0,0,0,0,0,120.0,0,2,1,3,0,0,0,40.0,0.0,Resort Hotel,October,Thursday,BB,LUX,Online TA,TA/TO,A,No Deposit,Transient-Party,,,0
43,2017,35,29,0,1,3,0,0,0,0,0,1,0,210.0,0,1,1,3,0,1,0,70.0,0.0,City Hotel,August,Tuesday,BB,FRA,Online TA,TA/TO,D,No Deposit,Transient,9.0,,0
73,2016,12,17,2,3,2,0,0,0,0,0,0,0,72.12,0,1,5,2,0,1,0,36.06,0.0,City Hotel,March,Thursday,BB,AUT,Online TA,TA/TO,B,No Deposit,Transient-Party,9.0,,1
39,2016,47,15,2,5,2,0,0,0,0,0,0,0,74.8,0,1,7,2,0,1,0,37.4,0.0,City Hotel,November,Tuesday,SC,BRA,Online TA,TA/TO,A,No Deposit,Transient,9.0,,1
1,2016,52,19,1,2,2,1,0,0,0,0,0,0,117.5,0,2,3,3,1,1,0,39.166666666666664,0.0,City Hotel,December,Monday,BB,IRN,Online TA,TA/TO,A,No Deposit,Transient,9.0,,0
74,2017,13,30,0,3,2,0,0,0,0,0,0,0,103.8,0,0,3,2,0,1,0,51.9,0.0,City Hotel,March,Thursday,BB,DEU,Online TA,TA/TO,A,No Deposit,Transient,9.0,,0
17,2017,22,2,1,2,2,0,0,0,0,0,0,0,112.0,0,1,3,2,0,1,0,56.0,0.0,City Hotel,June,Friday,SC,NLD,Online TA,TA/TO,A,No Deposit,Transient,7.0,,0
13,2017,4,24,0,2,1,0,0,1,0,9,0,0,38.0,1,0,2,1,0,0,1,38.0,0.0,Resort Hotel,January,Tuesday,BB,PRT,Corporate,Corporate,A,No Deposit,Transient,,338.0,0
31,2017,21,22,1,2,1,0,0,0,0,0,1,0,144.4,0,1,3,1,0,1,0,144.4,0.0,City Hotel,May,Monday,BB,USA,Online TA,TA/TO,D,No Deposit,Transient,7.0,,0
45,2016,6,6,2,2,1,0,0,0,0,0,0,0,46.9,0,1,4,1,0,1,0,46.9,0.0,City Hotel,February,Saturday,SC,CHE,Online TA,TA/TO,A,No Deposit,Transient,11.0,,0
0,2016,11,7,3,8,1,0,0,0,0,0,6,0,90.0,0,0,11,1,0,0,0,90.0,0.0,City Hotel,March,Monday,BB,GNB,Direct,Direct,A,No Deposit,Transient,,,0
75,2017,33,16,0,1,3,0,0,0,0,0,0,0,200.0,0,1,1,3,0,1,0,66.66666666666667,0.0,City Hotel,August,Wednesday,BB,FRA,Online TA,TA/TO,D,No Deposit,Transient,9.0,,0
105,2016,29,16,2,6,2,0,0,0,0,0,1,0,227.0,0,0,8,2,0,1,0,113.5,0.0,Resort Hotel,July,Saturday,HB,ESP,Online TA,TA/TO,E,No Deposit,Transient,240.0,,1
80,2015,41,9,0,2,2,0,0,0,0,0,0,50,136.0,0,0,2,2,0,1,0,68.0,0.0,City Hotel,October,Friday,HB,PRT,Offline TA/TO,TA/TO,D,No Deposit,Transient-Party,12.0,,0
191,2016,21,15,1,0,2,0,0,0,0,0,1,0,106.2,0,1,1,2,0,1,0,53.1,0.0,City Hotel,May,Sunday,BB,PRT,Online TA,TA/TO,A,No Deposit,Transient,8.0,,1
0,2017,18,3,0,4,2,0,0,0,0,0,3,0,89.25,1,1,4,2,0,1,0,44.625,0.0,Resort Hotel,May,Wednesday,HB,BRA,Online TA,TA/TO,G,No Deposit,Transient,240.0,,0
29,2015,43,23,0,2,2,0,0,0,0,0,0,0,56.0,0,2,2,2,0,0,0,28.0,0.0,Resort Hotel,October,Friday,BB,ESP,Direct,Direct,A,No Deposit,Transient-Party,,,0
207,2016,41,4,1,5,2,0,0,0,0,0,1,0,70.0,0,0,6,2,0,1,0,35.0,0.0,Resort Hotel,October,Tuesday,HB,GBR,Offline TA/TO,TA/TO,A,No Deposit,Transient,243.0,,0
38,2016,15,3,2,1,1,0,0,0,0,0,0,0,112.5,0,1,3,1,0,1,0,112.5,0.0,City Hotel,April,Sunday,BB,GBR,Online TA,TA/TO,A,No Deposit,Transient,9.0,,0
45,2016,11,8,0,1,2,0,0,0,0,0,0,0,67.5,0,0,1,2,0,1,0,33.75,0.0,City Hotel,March,Tuesday,SC,PRT,Online TA,TA/TO,A,No Deposit,Transient,9.0,,1
132,2016,21,16,3,6,2,0,0,0,0,0,0,0,66.8,0,0,9,2,0,1,0,33.4,0.0,Resort Hotel,May,Monday,HB,MYS,Offline TA/TO,TA/TO,A,No Deposit,Transient,177.0,,0
31,2016,53,30,0,2,1,0,0,1,0,1,3,0,222.5,0,0,2,1,0,0,0,222.5,0.0,Resort Hotel,December,Friday,HB,PRT,Groups,Direct,A,No Deposit,Transient-Party,,,0
124,2016,43,22,2,2,2,0,0,0,0,0,1,0,95.0,1,0,4,2,0,0,0,47.5,0.0,Resort Hotel,October,Saturday,BB,SWE,Groups,Corporate,F,No Deposit,Transient-Party,,,0
1,2016,13,22,0,1,2,0,0,0,0,0,0,0,58.0,0,0,1,2,0,0,0,29.0,0.0,Resort Hotel,March,Tuesday,BB,GBR,Direct,Direct,A,No Deposit,Transient,,,0
64,2016,38,16,0,2,3,0,0,0,0,0,0,0,168.3,0,1,2,3,0,1,0,56.1,0.0,City Hotel,September,Friday,BB,ESP,Online TA,TA/TO,D,No Deposit,Transient,9.0,,0
157,2016,46,6,2,2,1,0,0,0,0,0,0,0,117.68,0,2,4,1,0,1,0,117.68,0.0,City Hotel,November,Sunday,BB,POL,Online TA,TA/TO,A,No Deposit,Transient,7.0,,0
1,2015,37,7,1,0,1,0,0,0,0,0,0,0,133.0,0,1,1,1,0,1,0,133.0,0.0,City Hotel,September,Monday,BB,MEX,Online TA,TA/TO,A,No Deposit,Contract,9.0,,0
42,2016,13,21,1,2,2,0,0,0,0,0,0,0,63.0,0,0,3,2,0,1,0,31.5,0.0,City Hotel,March,Monday,BB,PRT,Offline TA/TO,TA/TO,A,No Deposit,Transient,22.0,,1
220,2016,24,11,2,5,2,0,0,0,0,0,2,0,81.0,0,1,7,2,0,1,0,40.5,0.0,Resort Hotel,June,Saturday,HB,IRL,Offline TA/TO,TA/TO,A,No Deposit,Transient,171.0,,0
75,2016,20,9,1,1,2,0,0,0,0,0,0,0,116.1,0,0,2,2,0,1,0,58.05,0.0,City Hotel,May,Monday,SC,LUX,Online TA,TA/TO,A,No Deposit,Transient,9.0,,1
96,2015,34,22,2,5,2,0,0,0,0,0,0,0,76.5,0,0,7,2,0,1,0,38.25,0.0,City Hotel,August,Saturday,BB,PRT,Online TA,TA/TO,A,No Deposit,Transient,9.0,,1
81,2017,35,28,1,2,1,0,0,1,0,2,1,0,125.0,0,0,3,1,0,1,0,125.0,0.0,City Hotel,August,Monday,BB,DEU,Online TA,TA/TO,A,No Deposit,Transient,10.0,,0
63,2016,45,4,0,2,2,0,0,0,0,0,0,0,97.2,0,1,2,2,0,1,0,48.6,0.0,City Hotel,November,Friday,BB,FRA,Online TA,TA/TO,A,No Deposit,Transient,9.0,,1
116,2017,19,7,2,5,2,0,0,0,0,0,0,0,69.95,0,0,7,2,0,1,0,34.975,0.0,Resort Hotel,May,Sunday,HB,PRT,Offline TA/TO,TA/TO,A,No Deposit,Transient,479.0,,0
31,2016,8,20,1,1,2,0,0,0,0,0,0,0,72.8,0,2,2,2,0,1,0,36.4,0.0,City Hotel,February,Saturday,BB,IRL,Online TA,TA/TO,A,No Deposit,Transient,9.0,,1
180,2017,33,16,0,2,1,1,0,0,0,0,0,0,121.0,0,0,2,2,1,1,0,60.5,0.0,City Hotel,August,Wednesday,SC,PRT,Online TA,TA/TO,A,No Deposit,Transient,8.0,,1
363,2016,42,11,0,5,1,0,0,0,0,0,1,0,58.0,0,0,5,1,0,0,0,58.0,0.0,Resort Hotel,October,Tuesday,HB,RUS,Groups,Corporate,D,No Deposit,Transient-Party,,,0
107,2015,37,9,0,2,2,0,0,0,0,0,0,0,89.25,0,1,2,2,0,1,0,44.625,0.0,City Hotel,September,Wednesday,BB,NLD,Online TA,TA/TO,A,No Deposit,Transient,9.0,,0
6,2017,11,15,0,1,1,0,0,0,0,0,0,0,65.0,0,1,1,1,0,0,1,65.0,0.0,City Hotel,March,Wednesday,BB,PRT,Corporate,Corporate,A,No Deposit,Transient,,443.0,0
79,2016,44,28,0,1,2,0,0,0,0,0,0,0,0.0,0,1,1,2,0,1,0,0.0,0.0,Resort Hotel,October,Friday,BB,PRT,Complementary,TA/TO,F,No Deposit,Transient,127.0,,1
243,2017,8,19,2,2,2,0,0,0,0,0,0,0,97.75,0,4,4,2,0,1,0,48.875,0.0,City Hotel,February,Sunday,BB,GBR,Online TA,TA/TO,D,No Deposit,Transient,9.0,,0
137,2016,40,26,2,5,2,0,0,0,0,0,0,0,104.0,0,0,7,2,0,1,0,52.0,0.0,Resort Hotel,September,Monday,BB,GBR,Online TA,TA/TO,D,No Deposit,Transient,240.0,,1
11,2016,49,29,0,1,1,0,0,0,0,0,0,0,103.0,0,2,1,1,0,1,0,103.0,0.0,City Hotel,November,Tuesday,BB,ESP,Online TA,TA/TO,A,No Deposit,Transient,9.0,,0
181,2017,35,30,0,4,2,0,0,0,0,0,0,0,119.25,0,2,4,2,0,1,0,59.625,0.0,City Hotel,August,Wednesday,SC,JPN,Online TA,TA/TO,A,No Deposit,Transient,9.0,,0
0,2017,22,1,0,1,2,0,0,0,0,0,0,0,92.98,0,0,1,2,0,1,0,46.49,0.0,City Hotel,June,Thursday,SC,USA,Online TA,TA/TO,A,No Deposit,Transient,152.0,,0
2,2016,18,26,0,2,2,0,0,0,0,0,1,0,129.0,0,0,2,2,0,0,0,64.5,0.0,City Hotel,April,Tuesday,BB,ITA,Direct,Direct,A,No Deposit,Transient,,,0
48,2016,8,20,1,1,2,0,0,0,0,0,0,0,57.28,0,1,2,2,0,1,0,28.64,0.0,City Hotel,February,Saturday,BB,DEU,Online TA,TA/TO,A,No Deposit,Transient,7.0,,0
28,2016,27,27,1,3,3,0,0,0,0,0,0,0,175.4,0,0,4,3,0,1,0,58.46666666666667,0.0,City Hotel,June,Monday,BB,BRA,Online TA,TA/TO,D,No Deposit,Transient,9.0,,1
7,2017,9,2,1,3,2,0,0,0,0,0,0,0,47.0,0,0,4,2,0,0,1,23.5,0.0,Resort Hotel,March,Thursday,BB,NLD,Groups,Corporate,D,No Deposit,Transient-Party,,223.0,0
222,2017,16,17,1,3,2,1,0,0,0,0,1,0,166.0,0,0,4,3,1,1,0,55.333333333333336,0.0,City Hotel,April,Monday,BB,DEU,Online TA,TA/TO,D,No Deposit,Transient,9.0,,0
39,2015,53,27,2,2,2,1,0,0,0,0,2,0,99.86,0,1,4,3,1,1,0,33.28666666666667,0.0,City Hotel,December,Sunday,BB,BRA,Online TA,TA/TO,B,No Deposit,Contract,9.0,,0
4,2016,13,21,1,2,2,1,0,0,0,0,0,0,128.0,0,1,3,3,1,1,0,42.666666666666664,0.0,City Hotel,March,Monday,BB,FRA,Online TA,TA/TO,A,No Deposit,Transient,9.0,,0
38,2017,1,3,2,8,2,0,0,1,0,1,1,0,89.06,1,0,10,2,0,1,0,44.53,0.0,Resort Hotel,January,Tuesday,HB,FRA,Direct,Direct,F,No Deposit,Transient,250.0,,0
6,2017,4,24,0,2,2,0,0,0,0,0,0,0,48.0,0,1,2,2,0,1,0,24.0,0.0,Resort Hotel,January,Tuesday,BB,ESP,Online TA,TA/TO,A,No Deposit,Transient,240.0,,0
129,2016,35,25,0,2,3,0,0,0,0,0,0,0,128.7,0,0,2,3,0,1,0,42.9,0.0,City Hotel,August,Thursday,BB,ESP,Online TA,TA/TO,D,No Deposit,Transient,9.0,,0
38,2015,43,20,0,5,2,0,0,0,0,0,0,0,96.3,0,0,5,2,0,1,0,48.15,0.0,City Hotel,October,Tuesday,BB,ESP,Online TA,TA/TO,A,No Deposit,Transient,9.0,,0
183,2017,31,5,2,5,2,0,0,0,0,0,0,0,95.46,0,1,7,2,0,1,0,47.73,0.0,City Hotel,August,Saturday,BB,ITA,Online TA,TA/TO,A,No Deposit,Transient,7.0,,0
224,2017,32,9,2,6,2,1,0,0,0,0,0,0,148.5,0,1,8,3,1,1,0,49.5,0.0,City Hotel,August,Wednesday,BB,FRA,Online TA,TA/TO,A,No Deposit,Transient,9.0,,1
56,2017,11,12,2,1,1,0,0,0,0,0,0,0,62.0,1,1,3,1,0,1,0,62.0,0.0,Resort Hotel,March,Sunday,BB,PRT,Online TA,TA/TO,A,No Deposit,Transient,240.0,,0
151,2017,31,4,1,2,3,0,0,0,0,0,0,0,175.5,0,0,3,3,0,1,0,58.5,0.0,City Hotel,August,Friday,BB,IRL,Online TA,TA/TO,D,No Deposit,Transient,9.0,,1
73,2015,29,14,1,5,2,0,0,0,0,0,0,0,127.0,0,1,6,2,0,0,0,63.5,0.0,Resort Hotel,July,Tuesday,HB,PRT,Direct,Direct,A,No Deposit,Transient-Party,,,0
0,2016,35,26,0,1,2,0,0,0,0,0,0,0,194.0,0,0,1,2,0,1,0,97.0,0.0,Resort Hotel,August,Friday,BB,CHN,Online TA,TA/TO,D,No Deposit,Transient,240.0,,0
155,2017,30,24,2,5,2,1,0,0,0,0,0,0,133.38,0,2,7,3,1,1,0,44.46,0.0,City Hotel,July,Monday,BB,AUT,Online TA,TA/TO,D,No Deposit,Transient,7.0,,0
240,2017,21,25,0,3,2,0,0,0,0,0,0,0,138.6,0,1,3,2,0,1,0,69.3,0.0,City Hotel,May,Thursday,BB,BEL,Online TA,TA/TO,D,No Deposit,Transient,9.0,,1
59,2016,5,28,0,1,1,0,0,0,0,0,0,0,80.0,0,0,1,1,0,1,0,80.0,0.0,City Hotel,January,Thursday,BB,PRT,Offline TA/TO,TA/TO,A,No Deposit,Transient-Party,87.0,,0
158,2017,26,29,2,3,3,0,0,0,0,0,0,0,156.06,0,0,5,3,0,1,0,52.02,0.0,City Hotel,June,Thursday,BB,BRA,Online TA,TA/TO,D,No Deposit,Transient,9.0,,1
50,2016,3,14,0,3,2,0,0,0,0,0,0,43,52.0,0,2,3,2,0,1,0,26.0,0.0,City Hotel,January,Thursday,BB,FRA,Offline TA/TO,TA/TO,A,No Deposit,Transient-Party,20.0,,0
86,2016,33,8,1,3,2,2,0,0,0,0,0,0,276.0,1,0,4,4,1,1,0,69.0,0.0,Resort Hotel,August,Monday,BB,PRT,Online TA,TA/TO,G,No Deposit,Transient,240.0,,0
107,2016,16,15,2,2,2,0,0,0,0,0,0,0,95.2,0,1,4,2,0,1,0,47.6,0.0,City Hotel,April,Friday,BB,AUT,Online TA,TA/TO,D,No Deposit,Transient,9.0,,0
35,2016,40,26,1,1,2,1,0,0,0,0,0,0,133.2,0,1,2,3,1,1,0,44.4,0.0,City Hotel,September,Monday,BB,PRT,Online TA,TA/TO,A,No Deposit,Transient,9.0,,1
1,2017,13,28,0,2,1,0,0,0,0,0,0,0,35.0,0,0,2,1,0,0,1,35.0,0.0,Resort Hotel,March,Tuesday,BB,PRT,Corporate,Corporate,A,No Deposit,Transient,,112.0,0
26,2017,19,8,1,3,1,0,0,1,0,3,0,0,65.0,0,0,4,1,0,1,0,65.0,0.0,Resort Hotel,May,Monday,BB,PRT,Corporate,Corporate,D,No Deposit,Transient,254.0,,0
7,2016,19,5,0,3,2,0,0,0,0,0,0,0,144.0,0,1,3,2,0,1,0,72.0,0.0,City Hotel,May,Thursday,BB,DEU,Offline TA/TO,TA/TO,A,No Deposit,Transient-Party,6.0,,0
36,2017,6,8,2,9,2,0,0,0,0,0,0,0,44.43,0,1,11,2,0,1,0,22.215,0.0,Resort Hotel,February,Wednesday,BB,PRT,Online TA,TA/TO,D,No Deposit,Transient,241.0,,0
1,2016,21,18,0,2,1,0,0,0,0,0,0,0,42.0,0,0,2,1,0,0,1,42.0,0.0,Resort Hotel,May,Wednesday,BB,PRT,Corporate,Corporate,A,No Deposit,Transient,,323.0,0
17,2017,28,15,1,1,2,1,0,0,0,0,0,0,160.0,0,1,2,3,1,1,0,53.333333333333336,0.0,City Hotel,July,Saturday,BB,FRA,Online TA,TA/TO,A,No Deposit,Transient,9.0,,0
191,2016,39,22,2,5,2,0,0,0,0,0,0,0,81.0,0,1,7,2,0,1,0,40.5,0.0,Resort Hotel,September,Thursday,BB,POL,Offline TA/TO,TA/TO,E,No Deposit,Transient,315.0,,0
61,2016,15,3,2,1,2,2,0,0,0,0,0,0,113.0,0,0,3,4,1,1,0,28.25,0.0,Resort Hotel,April,Sunday,BB,PRT,Online TA,TA/TO,G,No Deposit,Transient,240.0,,1
0,2016,11,8,0,1,1,0,0,0,0,0,0,0,75.0,1,0,1,1,0,0,1,75.0,0.0,City Hotel,March,Tuesday,BB,PRT,Corporate,Corporate,D,No Deposit,Transient,,180.0,0
158,2016,39,19,2,5,1,0,0,0,0,0,0,0,109.65,0,0,7,1,0,1,0,109.65,0.0,City Hotel,September,Monday,BB,FRA,Direct,Direct,A,No Deposit,Transient,14.0,,0
18,2017,34,23,0,4,2,0,0,0,0,0,0,0,134.75,0,1,4,2,0,1,0,67.375,0.0,City Hotel,August,Wednesday,SC,SWE,Online TA,TA/TO,A,No Deposit,Transient,9.0,,0
95,2015,27,4,2,4,2,0,0,0,0,0,0,0,85.8,1,2,6,2,0,1,0,42.9,0.0,Resort Hotel,July,Saturday,BB,PRT,Online TA,TA/TO,A,No Deposit,Transient,240.0,,0
92,2016,44,29,1,1,0,2,0,0,0,0,0,0,81.5,0,2,2,2,1,1,0,40.75,0.0,City Hotel,October,Saturday,BB,ESP,Online TA,TA/TO,B,No Deposit,Transient,9.0,,0
2,2017,34,25,0,2,2,0,0,0,0,0,0,0,196.25,0,2,2,2,0,1,0,98.125,0.0,Resort Hotel,August,Friday,BB,PRT,Online TA,TA/TO,D,No Deposit,Transient,240.0,,0
0,2016,42,9,1,0,2,0,0,0,0,0,1,0,77.0,0,0,1,2,0,0,0,38.5,0.0,City Hotel,October,Sunday,BB,PRT,Direct,Direct,A,No Deposit,Transient,,,0
89,2017,6,10,1,2,2,0,0,0,0,0,3,0,46.0,0,0,3,2,0,1,0,23.0,0.0,Resort Hotel,February,Friday,BB,GBR,Online TA,TA/TO,A,No Deposit,Transient,240.0,,1
12,2015,29,18,2,2,1,0,0,0,0,0,1,0,60.0,0,0,4,1,0,1,0,60.0,0.0,City Hotel,July,Saturday,BB,PRT,Groups,TA/TO,A,No Deposit,Transient-Party,1.0,,0
9,2016,47,19,2,4,2,0,0,0,0,0,0,0,63.0,0,2,6,2,0,1,0,31.5,0.0,Resort Hotel,November,Saturday,BB,NOR,Online TA,TA/TO,E,No Deposit,Transient,240.0,,0
111,2016,33,13,2,5,3,0,0,0,0,0,0,0,159.3,0,1,7,3,0,1,0,53.1,0.0,City Hotel,August,Saturday,BB,FRA,Online TA,TA/TO,D,No Deposit,Transient,9.0,,0
61,2015,52,24,0,3,3,0,0,0,1,0,2,0,152.2,0,2,3,3,0,1,0,50.73333333333333,1.0,City Hotel,December,Thursday,HB,PRT,Offline TA/TO,TA/TO,A,No Deposit,Group,13.0,,1
5,2017,33,14,1,1,2,1,0,0,0,0,0,0,220.0,0,2,2,3,1,1,0,73.33333333333333,0.0,City Hotel,August,Monday,BB,FRA,Online TA,TA/TO,A,No Deposit,Transient,9.0,,0
24,2017,29,20,0,2,2,0,0,0,0,0,0,0,124.0,0,1,2,2,0,1,0,62.0,0.0,City Hotel,July,Thursday,SC,BRA,Online TA,TA/TO,A,No Deposit,Transient,9.0,,1
5,2015,37,8,0,4,1,0,0,0,0,0,1,0,114.0,0,2,4,1,0,1,0,114.0,0.0,City Hotel,September,Tuesday,BB,PRT,Online TA,TA/TO,A,No Deposit,Contract,9.0,,0
75,2016,13,21,1,1,2,0,0,0,0,0,1,0,78.15,0,0,2,2,0,1,0,39.075,0.0,City Hotel,March,Monday,BB,USA,Online TA,TA/TO,B,No Deposit,Transient-Party,9.0,,0
156,2017,29,16,5,10,2,0,0,0,0,0,1,0,171.0,0,0,15,2,0,1,0,85.5,0.0,Resort Hotel,July,Sunday,HB,FRA,Offline TA/TO,TA/TO,D,No Deposit,Transient,134.0,,0
8,2016,1,2,0,1,2,0,0,0,0,0,0,0,62.0,1,2,1,2,0,1,0,31.0,0.0,Resort Hotel,January,Saturday,BB,PRT,Online TA,TA/TO,D,No Deposit,Transient,240.0,,0
20,2016,16,12,0,2,1,0,0,0,0,0,1,0,90.0,0,0,2,1,0,1,0,90.0,0.0,City Hotel,April,Tuesday,BB,PRT,Offline TA/TO,TA/TO,A,No Deposit,Transient,85.0,,0
8,2017,8,19,2,4,1,0,0,0,0,0,0,0,100.3,0,0,6,1,0,1,0,100.3,0.0,City Hotel,February,Sunday,BB,ARE,Online TA,TA/TO,D,No Deposit,Transient,9.0,,1
80,2017,19,11,1,3,3,0,0,0,0,0,1,0,167.7,0,1,4,3,0,0,0,55.9,0.0,City Hotel,May,Thursday,HB,ARG,Direct,Direct,D,No Deposit,Transient-Party,,,0
6,2015,50,9,0,1,1,0,0,0,0,0,0,0,38.4,0,1,1,1,0,1,0,38.4,0.0,Resort Hotel,December,Wednesday,BB,PRT,Online TA,TA/TO,D,No Deposit,Transient-Party,240.0,,0
112,2017,32,10,0,3,2,0,0,0,0,0,0,0,155.0,0,0,3,2,0,1,0,77.5,0.0,City Hotel,August,Thursday,BB,ESP,Online TA,TA/TO,D,No Deposit,Transient,9.0,,0
116,2017,18,5,2,5,2,0,0,0,0,0,0,0,74.0,0,0,7,2,0,1,0,37.0,0.0,Resort Hotel,May,Friday,BB,GBR,Online TA,TA/TO,D,No Deposit,Transient,314.0,,0
11,2016,2,7,0,1,2,0,0,1,0,1,0,0,48.0,0,2,1,2,0,1,0,24.0,0.0,Resort Hotel,January,Thursday,BB,PRT,Online TA,TA/TO,A,No Deposit,Transient,240.0,,0
153,2016,30,18,1,4,2,0,1,0,0,0,1,0,203.5,0,3,5,3,1,1,0,67.83333333333333,0.0,Resort Hotel,July,Monday,Undefined,PRT,Direct,Direct,D,No Deposit,Transient,250.0,,0
8,2017,8,21,0,1,1,0,0,1,0,5,0,0,80.0,0,2,1,1,0,0,1,80.0,0.0,City Hotel,February,Tuesday,BB,FRA,Direct,Direct,A,No Deposit,Transient,,91.0,0
154,2017,25,22,1,3,3,0,0,0,0,0,0,0,123.97,0,1,4,3,0,1,0,41.32333333333333,0.0,Resort Hotel,June,Thursday,BB,PRT,Online TA,TA/TO,D,No Deposit,Transient,241.0,,1
117,2017,23,10,4,10,2,1,0,0,0,0,0,0,166.43,0,1,14,3,1,1,0,55.47666666666667,0.0,Resort Hotel,June,Saturday,BB,GBR,Direct,Direct,F,No Deposit,Transient,250.0,,0
86,2017,30,24,1,1,2,0,0,0,0,0,0,0,120.0,0,1,2,2,0,1,0,60.0,0.0,City Hotel,July,Monday,SC,JPN,Online TA,TA/TO,A,No Deposit,Transient,9.0,,0
0,2017,12,21,0,3,2,0,0,0,0,0,1,0,114.0,0,1,3,2,0,1,0,57.0,0.0,City Hotel,March,Tuesday,BB,ECU,Direct,Direct,A,No Deposit,Transient,14.0,,0
17,2017,11,13,1,1,1,0,0,1,0,16,0,0,35.0,0,0,2,1,0,0,1,35.0,0.0,Resort Hotel,March,Monday,BB,PRT,Corporate,Corporate,A,No Deposit,Transient,,154.0,0
119,2017,33,18,2,3,3,0,0,0,0,0,3,0,195.0,0,0,5,3,0,1,0,65.0,0.0,City Hotel,August,Friday,BB,ESP,Online TA,TA/TO,D,No Deposit,Transient,9.0,,1
7,2015,33,15,1,1,2,0,0,0,0,0,0,0,85.0,1,0,2,2,0,1,0,42.5,0.0,City Hotel,August,Saturday,SC,PRT,Online TA,TA/TO,A,No Deposit,Transient,9.0,,0
158,2016,39,24,2,3,2,0,0,0,0,0,4,0,113.8,0,3,5,2,0,1,0,56.9,0.0,Resort Hotel,September,Saturday,HB,IRL,Online TA,TA/TO,A,No Deposit,Transient,240.0,,0
47,2015,45,5,0,2,2,0,0,0,0,0,0,0,105.5,0,1,2,2,0,1,0,52.75,0.0,City Hotel,November,Thursday,BB,BEL,Online TA,TA/TO,B,No Deposit,Transient,9.0,,0
0,2016,18,28,0,0,2,0,0,1,0,0,0,0,0.0,0,1,0,2,0,1,0,0.0,0.0,City Hotel,April,Thursday,BB,PRT,Online TA,TA/TO,D,No Deposit,Transient,7.0,,0
21,2015,45,2,2,5,2,0,0,0,0,0,0,0,69.43,0,0,7,2,0,1,0,34.715,0.0,Resort Hotel,November,Monday,BB,FIN,Online TA,TA/TO,E,No Deposit,Transient,240.0,,0
295,2016,52,24,3,6,3,1,0,0,0,0,0,0,110.11,0,0,9,4,1,1,0,27.5275,0.0,Resort Hotel,December,Saturday,BB,GBR,Online TA,TA/TO,H,No Deposit,Transient,240.0,,1
175,2017,21,26,1,2,3,0,0,0,0,0,0,0,175.5,0,1,3,3,0,1,0,58.5,0.0,City Hotel,May,Friday,BB,DEU,Online TA,TA/TO,D,No Deposit,Transient,9.0,,1
142,2017,30,24,1,3,2,0,0,0,0,0,0,0,115.63,0,0,4,2,0,1,0,57.815,0.0,City Hotel,July,Monday,SC,CHE,Online TA,TA/TO,A,No Deposit,Transient,9.0,,0
7,2017,9,2,1,3,2,0,0,0,0,0,4,0,37.0,0,0,4,2,0,0,1,18.5,0.0,Resort Hotel,March,Thursday,BB,NLD,Groups,Corporate,A,No Deposit,Transient-Party,,223.0,0
103,2016,19,5,2,5,2,0,1,0,0,0,2,0,104.79,0,2,7,3,1,1,0,34.93,0.0,City Hotel,May,Thursday,BB,MAR,Direct,Direct,A,No Deposit,Transient,14.0,,1
58,2017,2,13,0,2,3,0,0,0,0,0,1,0,119.2,0,1,2,3,0,1,0,39.733333333333334,0.0,City Hotel,January,Friday,SC,ESP,Online TA,TA/TO,A,No Deposit,Transient,9.0,,0
36,2016,10,3,0,1,2,0,0,0,0,0,0,0,26.0,0,1,1,2,0,1,0,13.0,0.0,Resort Hotel,March,Thursday,BB,GBR,Offline TA/TO,TA/TO,A,No Deposit,Transient,6.0,,0
37,2016,11,7,1,3,2,0,0,0,0,0,0,0,83.9,0,1,4,2,0,1,0,41.95,0.0,City Hotel,March,Monday,BB,FRA,Online TA,TA/TO,A,No Deposit,Transient,9.0,,0
71,2015,33,11,2,5,2,0,0,0,0,0,0,0,87.9,0,2,7,2,0,1,0,43.95,0.0,Resort Hotel,August,Tuesday,BB,ESP,Online TA,TA/TO,A,No Deposit,Transient,147.0,,0
136,2017,34,21,2,5,2,1,0,0,0,0,0,0,240.91,0,0,7,3,1,1,0,80.30333333333333,0.0,Resort Hotel,August,Monday,FB,PRT,Online TA,TA/TO,A,No Deposit,Transient,175.0,,1
84,2015,32,8,2,5,2,0,0,0,0,0,0,0,134.0,0,2,7,2,0,1,0,67.0,0.0,Resort Hotel,August,Saturday,BB,PRT,Online TA,TA/TO,A,No Deposit,Transient,240.0,,1
0,2017,1,4,0,1,2,0,0,0,0,0,0,0,44.0,0,0,1,2,0,0,0,22.0,0.0,Resort Hotel,January,Wednesday,BB,ESP,Direct,Direct,A,No Deposit,Transient,,,0
47,2016,43,18,0,1,1,0,0,0,0,0,0,0,52.0,0,0,1,1,0,1,0,52.0,0.0,Resort Hotel,October,Tuesday,HB,PRT,Groups,TA/TO,A,No Deposit,Transient-Party,368.0,,1
223,2016,22,24,2,6,2,0,0,0,0,0,1,0,66.0,0,0,8,2,0,0,1,33.0,0.0,Resort Hotel,May,Tuesday,BB,GBR,Groups,Direct,A,No Deposit,Transient-Party,,223.0,0
19,2016,38,12,1,0,1,0,0,0,0,0,0,0,68.5,0,0,1,1,0,0,1,68.5,0.0,City Hotel,September,Monday,BB,PRT,Corporate,Corporate,A,No Deposit,Transient,,51.0,0
28,2015,45,7,2,6,1,0,0,0,0,0,0,0,40.0,0,0,8,1,0,1,1,40.0,0.0,Resort Hotel,November,Saturday,BB,ITA,Corporate,Corporate,A,No Deposit,Transient-Party,328.0,281.0,0
1,2016,7,7,2,1,2,0,0,0,0,0,1,0,51.5,0,0,3,2,0,1,0,25.75,0.0,City Hotel,February,Sunday,BB,FRA,Offline TA/TO,TA/TO,D,No Deposit,Group,28.0,,0
85,2017,18,5,1,2,2,0,0,0,0,0,0,0,162.0,0,0,3,2,0,1,0,81.0,0.0,City Hotel,May,Friday,BB,GBR,Online TA,TA/TO,E,No Deposit,Transient,9.0,,1
30,2016,39,18,2,0,2,0,0,0,0,0,0,0,134.1,0,1,2,2,0,1,0,67.05,0.0,City Hotel,September,Sunday,SC,DEU,Online TA,TA/TO,A,No Deposit,Transient,9.0,,0
18,2017,27,4,0,2,3,1,0,0,0,0,0,0,244.0,0,0,2,4,1,1,0,61.0,0.0,City Hotel,July,Tuesday,BB,BRA,Direct,Direct,E,No Deposit,Transient,14.0,,0
49,2016,12,17,2,3,2,0,0,0,0,0,0,0,97.92,0,0,5,2,0,1,0,48.96,0.0,City Hotel,March,Thursday,BB,NOR,Direct,Direct,D,No Deposit,Transient,14.0,,0
4,2017,25,19,1,4,2,0,0,0,0,0,0,0,135.0,0,1,5,2,0,1,0,67.5,0.0,Resort Hotel,June,Monday,BB,IRL,Direct,Direct,A,No Deposit,Transient,250.0,,0
84,2016,35,22,1,1,2,0,0,0,0,0,0,0,150.3,0,0,2,2,0,1,0,75.15,0.0,City Hotel,August,Monday,BB,CN,Direct,Direct,E,No Deposit,Transient,14.0,,0
3,2017,19,11,0,3,2,0,0,0,0,0,0,0,141.0,0,0,3,2,0,1,0,70.5,0.0,City Hotel,May,Thursday,BB,DEU,Offline TA/TO,TA/TO,D,No Deposit,Transient-Party,27.0,,0
306,2017,13,27,1,3,2,0,0,0,0,0,0,0,86.35,1,2,4,2,0,1,0,43.175,0.0,City Hotel,March,Monday,BB,ITA,Online TA,TA/TO,A,No Deposit,Transient,9.0,,0
0,2016,12,15,0,1,1,0,0,0,0,0,0,0,40.0,0,0,1,1,0,0,0,40.0,0.0,Resort Hotel,March,Tuesday,BB,PRT,Corporate,Corporate,A,No Deposit,Transient,,,0
17,2015,53,28,1,0,2,0,0,0,0,0,0,0,97.0,0,2,1,2,0,1,0,48.5,0.0,City Hotel,December,Monday,BB,ESP,Online TA,TA/TO,A,No Deposit,Transient,9.0,,0
16,2015,39,25,1,2,1,0,0,0,0,0,1,0,170.0,0,0,3,1,0,1,0,170.0,0.0,City Hotel,September,Friday,BB,GBR,Groups,TA/TO,A,No Deposit,Transient-Party,1.0,,0
2,2016,34,17,0,1,2,0,0,0,0,0,0,0,130.0,0,2,1,2,0,1,0,65.0,0.0,City Hotel,August,Wednesday,BB,ESP,Online TA,TA/TO,A,No Deposit,Transient,9.0,,0
22,2016,38,15,0,2,1,0,0,0,0,0,0,0,139.0,0,2,2,1,0,1,0,139.0,0.0,City Hotel,September,Thursday,SC,ESP,Online TA,TA/TO,A,No Deposit,Transient,9.0,,0
89,2016,52,22,2,3,2,2,0,0,0,0,0,0,94.72,0,0,5,4,1,1,0,23.68,0.0,City Hotel,December,Thursday,BB,USA,Online TA,TA/TO,E,No Deposit,Transient,11.0,,0
220,2016,41,3,1,2,1,0,0,0,0,0,0,0,106.0,0,0,3,1,0,0,1,106.0,0.0,City Hotel,October,Monday,BB,PRT,Corporate,Corporate,E,Non Refund,Transient-Party,,51.0,1
5,2016,8,14,2,0,2,0,0,0,0,0,0,0,65.0,0,1,2,2,0,1,0,32.5,0.0,Resort Hotel,February,Sunday,BB,ESP,Online TA,TA/TO,A,No Deposit,Transient,240.0,,0
70,2015,51,14,1,2,1,0,0,0,0,0,0,0,21.37,0,0,3,1,0,1,0,21.37,0.0,Resort Hotel,December,Monday,BB,GBR,Offline TA/TO,TA/TO,A,No Deposit,Transient,156.0,,0
125,2017,32,10,0,3,2,1,0,0,0,0,0,0,114.39,0,0,3,3,1,1,0,38.13,0.0,City Hotel,August,Thursday,BB,PRT,Online TA,TA/TO,D,No Deposit,Transient,83.0,,1
32,2015,43,19,1,3,2,0,0,0,1,0,0,0,96.3,0,0,4,2,0,1,0,48.15,1.0,City Hotel,October,Monday,BB,PRT,Online TA,TA/TO,A,No Deposit,Contract,9.0,,1
167,2017,29,20,1,3,2,0,0,0,0,0,0,0,100.8,0,4,4,2,0,1,0,50.4,0.0,City Hotel,July,Thursday,SC,POL,Online TA,TA/TO,A,No Deposit,Transient,9.0,,0
34,2017,7,17,2,2,2,0,0,0,0,0,1,0,35.11,0,1,4,2,0,1,0,17.555,0.0,Resort Hotel,February,Friday,BB,GBR,Online TA,TA/TO,A,No Deposit,Transient,241.0,,0
63,2016,47,18,0,1,2,0,0,0,0,0,0,0,102.6,0,0,1,2,0,1,0,51.3,0.0,City Hotel,November,Friday,BB,ITA,Online TA,TA/TO,D,No Deposit,Transient,9.0,,1
0,2016,52,19,1,0,2,0,0,0,0,0,0,0,48.0,0,1,1,2,0,1,0,24.0,0.0,Resort Hotel,December,Monday,BB,PRT,Online TA,TA/TO,A,No Deposit,Transient,240.0,,0
0,2016,28,5,0,1,1,0,0,0,0,0,0,0,135.0,0,1,1,1,0,1,0,135.0,0.0,City Hotel,July,Tuesday,BB,PRT,Online TA,TA/TO,A,No Deposit,Transient,9.0,,0
1,2016,11,11,0,1,1,0,0,0,0,0,0,0,90.0,0,0,1,1,0,0,1,90.0,0.0,City Hotel,March,Friday,BB,PRT,Corporate,Corporate,A,No Deposit,Transient-Party,,174.0,0
226,2016,39,21,2,5,2,0,0,0,0,0,0,0,119.85,0,1,7,2,0,1,0,59.925,0.0,City Hotel,September,Wednesday,BB,DEU,Online TA,TA/TO,A,No Deposit,Transient,9.0,,0
15,2017,4,26,0,3,2,0,0,1,0,1,0,0,88.0,0,2,3,2,0,1,0,44.0,0.0,Resort Hotel,January,Thursday,HB,PRT,Online TA,TA/TO,D,No Deposit,Transient-Party,240.0,,0
3,2017,4,23,1,0,1,0,0,1,0,2,1,0,38.5,1,0,1,1,0,0,1,38.5,0.0,Resort Hotel,January,Monday,BB,PRT,Corporate,Corporate,A,No Deposit,Transient,,112.0,0
291,2016,34,19,0,2,2,0,0,0,0,0,0,0,115.0,0,0,2,2,0,1,0,57.5,0.0,City Hotel,August,Friday,HB,PRT,Offline TA/TO,TA/TO,A,Non Refund,Transient,39.0,,1
69,2016,43,16,2,3,2,1,0,0,0,0,0,0,153.05,0,1,5,3,1,1,0,51.01666666666667,0.0,City Hotel,October,Sunday,BB,DEU,Online TA,TA/TO,F,No Deposit,Transient,7.0,,0
76,2017,17,29,1,1,2,0,0,0,0,0,0,0,82.0,0,1,2,2,0,1,0,41.0,0.0,Resort Hotel,April,Saturday,BB,ESP,Online TA,TA/TO,A,No Deposit,Transient-Party,240.0,,0
4,2016,26,20,1,3,2,0,0,0,0,0,0,0,107.0,0,0,4,2,0,1,0,53.5,0.0,City Hotel,June,Monday,BB,CHE,Offline TA/TO,TA/TO,D,No Deposit,Transient,85.0,,0
286,2017,9,4,2,1,2,0,0,0,0,0,0,0,63.06,0,1,3,2,0,1,0,31.53,0.0,City Hotel,March,Saturday,BB,USA,Online TA,TA/TO,A,No Deposit,Transient,7.0,,0
6,2016,36,2,0,2,1,1,0,0,0,0,0,0,156.85,0,2,2,2,1,1,0,78.425,0.0,Resort Hotel,September,Friday,HB,PRT,Online TA,TA/TO,A,No Deposit,Transient,241.0,,0
65,2015,34,21,2,5,2,0,0,0,0,0,1,0,188.71,0,0,7,2,0,1,0,94.355,0.0,Resort Hotel,August,Friday,HB,IRL,Online TA,TA/TO,D,No Deposit,Transient,240.0,,0
141,2017,6,10,2,2,2,0,0,0,0,0,0,0,75.0,0,1,4,2,0,1,0,37.5,0.0,City Hotel,February,Friday,BB,PRT,Offline TA/TO,TA/TO,A,No Deposit,Transient,28.0,,1
95,2016,23,29,2,0,1,0,0,0,0,0,1,0,0.0,0,0,2,1,0,1,0,0.0,0.0,City Hotel,May,Sunday,BB,ISR,Groups,TA/TO,A,No Deposit,Transient-Party,1.0,,0
50,2017,34,22,2,8,2,0,0,0,0,0,0,0,241.75,1,1,10,2,0,1,0,120.875,0.0,Resort Hotel,August,Tuesday,BB,CHE,Direct,Direct,D,No Deposit,Transient,250.0,,0
119,2016,22,23,1,2,1,0,0,0,0,0,0,0,90.0,0,1,3,1,0,1,0,90.0,0.0,City Hotel,May,Monday,BB,PRT,Groups,TA/TO,A,No Deposit,Transient-Party,37.0,,0
207,2017,32,8,0,4,2,0,0,0,0,0,0,0,250.0,0,2,4,2,0,1,0,125.0,0.0,Resort Hotel,August,Tuesday,HB,ESP,Online TA,TA/TO,E,No Deposit,Transient,240.0,,0
109,2017,24,16,4,7,3,0,0,1,0,2,0,0,318.82,1,2,11,3,0,0,0,106.27333333333333,0.0,Resort Hotel,June,Friday,FB,PRT,Direct,Direct,F,No Deposit,Transient,,,0
105,2017,20,20,2,1,2,0,0,0,0,0,0,0,126.0,0,1,3,2,0,1,0,63.0,0.0,City Hotel,May,Saturday,BB,GBR,Direct,Direct,A,No Deposit,Transient,14.0,,0
108,2017,18,5,2,2,2,2,0,0,0,0,0,0,190.58,0,1,4,4,1,1,0,47.645,0.0,City Hotel,May,Friday,BB,FRA,Online TA,TA/TO,F,No Deposit,Transient,7.0,,0
0,2015,43,19,1,1,1,0,0,0,0,0,1,0,89.0,0,1,2,1,0,1,0,89.0,0.0,City Hotel,October,Monday,BB,FRA,Online TA,TA/TO,D,No Deposit,Transient-Party,7.0,,0
118,2016,16,13,0,4,2,0,0,0,0,0,0,0,90.95,0,1,4,2,0,1,0,45.475,0.0,City Hotel,April,Wednesday,BB,BEL,Online TA,TA/TO,A,No Deposit,Transient,8.0,,0
115,2017,18,6,2,4,2,0,0,0,0,0,0,0,89.1,0,0,6,2,0,1,0,44.55,0.0,City Hotel,May,Saturday,BB,DEU,Offline TA/TO,TA/TO,A,No Deposit,Transient,27.0,,0
91,2017,25,18,2,1,3,0,0,0,0,0,0,0,216.0,0,0,3,3,0,1,0,72.0,0.0,City Hotel,June,Sunday,BB,FRA,Online TA,TA/TO,E,No Deposit,Transient,9.0,,1
58,2017,2,11,4,10,2,0,0,0,0,0,0,0,42.0,0,0,14,2,0,1,0,21.0,0.0,Resort Hotel,January,Wednesday,BB,CN,Online TA,TA/TO,A,No Deposit,Transient,240.0,,1
63,2017,13,30,1,3,2,0,0,0,0,0,0,0,86.9,0,0,4,2,0,1,0,43.45,0.0,City Hotel,March,Thursday,SC,ITA,Online TA,TA/TO,A,No Deposit,Transient,9.0,,1
125,2017,15,13,2,3,2,1,0,0,0,0,0,0,123.12,0,0,5,3,1,1,0,41.04,0.0,City Hotel,April,Thursday,BB,PRT,Online TA,TA/TO,D,No Deposit,Transient,86.0,,1
118,2017,22,31,0,4,2,0,0,0,0,0,0,0,85.59,0,0,4,2,0,1,0,42.795,0.0,City Hotel,May,Wednesday,SC,FRA,Online TA,TA/TO,A,No Deposit,Transient,7.0,,0
11,2017,20,17,0,4,2,0,0,0,0,0,0,0,170.0,0,1,4,2,0,1,0,85.0,0.0,City Hotel,May,Wednesday,BB,FRA,Online TA,TA/TO,D,No Deposit,Transient,9.0,,0
11,2016,8,14,2,5,1,0,0,0,0,0,0,0,79.0,0,0,7,1,0,1,0,79.0,0.0,City Hotel,February,Sunday,BB,AGO,Direct,Direct,A,No Deposit,Transient,14.0,,0
2,2016,20,8,2,0,2,0,0,0,0,0,0,0,118.0,0,1,2,2,0,1,0,59.0,0.0,City Hotel,May,Sunday,BB,FRA,Online TA,TA/TO,D,No Deposit,Transient,9.0,,0
4,2016,50,6,0,0,1,0,0,1,0,4,0,0,0.0,0,0,0,1,0,0,1,0.0,0.0,Resort Hotel,December,Tuesday,BB,PRT,Corporate,Corporate,A,No Deposit,Transient,,154.0,0
0,2016,40,27,0,1,1,0,0,1,1,4,0,0,65.0,0,0,1,1,0,0,1,65.0,0.2,Resort Hotel,September,Tuesday,BB,PRT,Corporate,Corporate,A,No Deposit,Transient,,113.0,0
237,2017,18,1,1,2,2,0,0,0,0,0,0,0,54.0,0,0,3,2,0,1,0,27.0,0.0,Resort Hotel,May,Monday,BB,GBR,Online TA,TA/TO,A,No Deposit,Transient,240.0,,1
158,2016,22,25,0,4,1,0,0,0,0,0,6,0,114.75,0,1,4,1,0,1,0,114.75,0.0,City Hotel,May,Wednesday,BB,AUT,Online TA,TA/TO,A,No Deposit,Transient,9.0,,0
264,2017,26,30,2,3,2,0,0,0,0,0,0,0,118.62,0,0,5,2,0,1,0,59.31,0.0,Resort Hotel,June,Friday,BB,GBR,Online TA,TA/TO,E,No Deposit,Transient,240.0,,1
138,2016,27,2,4,6,2,0,0,0,0,0,0,0,146.0,0,0,10,2,0,1,0,73.0,0.0,Resort Hotel,July,Saturday,BB,PRT,Online TA,TA/TO,D,No Deposit,Transient,240.0,,1
280,2016,38,15,2,4,2,0,0,0,0,0,0,0,125.83,0,0,6,2,0,1,0,62.915,0.0,Resort Hotel,September,Thursday,HB,AUT,Online TA,TA/TO,D,No Deposit,Transient,240.0,,0
489,2016,46,10,0,1,1,0,0,0,0,0,0,0,51.4,0,0,1,1,0,1,0,51.4,0.0,City Hotel,November,Thursday,BB,PRT,Groups,TA/TO,A,Non Refund,Transient,1.0,,1
99,2017,17,23,2,2,2,0,0,0,0,0,0,0,108.0,0,0,4,2,0,1,0,54.0,0.0,City Hotel,April,Sunday,SC,GBR,Online TA,TA/TO,A,No Deposit,Transient,9.0,,1
49,2017,1,2,1,0,2,0,0,0,0,0,0,0,79.2,0,1,1,2,0,1,0,39.6,0.0,City Hotel,January,Monday,SC,IRL,Online TA,TA/TO,A,No Deposit,Transient,8.0,,0
22,2016,13,26,2,1,2,0,0,0,0,0,1,0,126.0,1,0,3,2,0,0,0,63.0,0.0,Resort Hotel,March,Saturday,HB,PRT,Direct,Direct,E,No Deposit,Transient,,,0
131,2016,47,13,2,4,2,0,0,0,0,0,0,0,85.27,0,1,6,2,0,1,0,42.635,0.0,City Hotel,November,Sunday,SC,USA,Online TA,TA/TO,A,No Deposit,Transient,9.0,,1
54,2017,5,4,2,5,2,0,0,0,0,0,0,0,68.0,0,1,7,2,0,1,0,34.0,0.0,Resort Hotel,February,Saturday,BB,GBR,Online TA,TA/TO,E,No Deposit,Transient,240.0,,1
221,2016,24,10,1,2,2,0,0,0,1,0,0,15,80.0,0,0,3,2,0,1,0,40.0,1.0,City Hotel,June,Friday,BB,PRT,Offline TA/TO,TA/TO,A,Non Refund,Transient,3.0,,1
18,2017,25,21,0,3,2,0,0,0,0,0,0,0,160.0,0,1,3,2,0,1,0,80.0,0.0,City Hotel,June,Wednesday,SC,CN,Online TA,TA/TO,A,No Deposit,Transient,9.0,,1
3,2017,9,27,1,1,1,0,0,0,0,0,0,0,88.0,0,2,2,1,0,1,0,88.0,0.0,City Hotel,February,Monday,SC,DEU,Online TA,TA/TO,A,No Deposit,Transient,9.0,,0
14,2017,26,30,0,1,2,0,0,0,0,0,0,0,140.0,0,0,1,2,0,1,0,70.0,0.0,Resort Hotel,June,Friday,BB,PRT,Online TA,TA/TO,A,No Deposit,Transient-Party,240.0,,0
0,2015,52,24,0,0,2,0,0,1,0,0,0,0,0.0,0,1,0,2,0,1,0,0.0,0.0,Resort Hotel,December,Thursday,BB,PRT,Online TA,TA/TO,A,No Deposit,Transient,241.0,,0
140,2015,50,10,0,0,2,0,0,0,0,0,0,0,0.0,0,1,0,2,0,1,0,0.0,0.0,Resort Hotel,December,Thursday,HB,PRT,Online TA,TA/TO,F,No Deposit,Transient,241.0,,0
4,2016,39,19,1,1,1,0,0,0,0,0,2,0,95.0,0,0,2,1,0,0,1,95.0,0.0,City Hotel,September,Monday,BB,NLD,Aviation,Corporate,A,No Deposit,Transient,,153.0,0
31,2017,23,8,0,3,2,0,0,0,0,0,0,0,146.67,0,1,3,2,0,1,0,73.335,0.0,City Hotel,June,Thursday,SC,USA,Online TA,TA/TO,A,No Deposit,Transient,9.0,,1
119,2017,7,16,2,8,2,0,0,0,0,0,0,0,66.72,0,0,10,2,0,1,0,33.36,0.0,Resort Hotel,February,Thursday,HB,GBR,Offline TA/TO,TA/TO,D,No Deposit,Contract,40.0,,0
38,2016,50,8,0,1,1,0,0,0,0,0,0,0,43.0,0,0,1,1,0,1,0,43.0,0.0,Resort Hotel,December,Thursday,BB,ESP,Online TA,TA/TO,A,No Deposit,Transient,240.0,,1
40,2016,20,9,1,3,2,0,0,0,0,0,1,0,125.0,0,0,4,2,0,1,0,62.5,0.0,Resort Hotel,May,Monday,HB,PRT,Direct,Direct,E,No Deposit,Transient,250.0,,0
57,2016,14,1,1,2,2,0,0,0,0,0,0,0,81.9,0,0,3,2,0,1,0,40.95,0.0,City Hotel,April,Friday,SC,CHE,Online TA,TA/TO,A,No Deposit,Transient-Party,9.0,,1
18,2016,8,14,2,1,2,0,0,0,0,0,0,0,29.0,0,0,3,2,0,1,0,14.5,0.0,Resort Hotel,February,Sunday,BB,PRT,Offline TA/TO,TA/TO,A,No Deposit,Transient,177.0,,1
20,2017,28,11,0,1,1,0,0,1,3,7,0,0,67.0,0,0,1,1,0,0,1,67.0,0.3,City Hotel,July,Tuesday,BB,PRT,Corporate,Corporate,A,No Deposit,Transient,,40.0,1
84,2015,30,25,0,1,2,1,0,0,0,0,0,0,94.0,0,2,1,3,1,1,0,31.333333333333332,0.0,City Hotel,July,Saturday,BB,PRT,Online TA,TA/TO,A,No Deposit,Transient,8.0,,0
31,2017,23,5,1,3,2,0,0,0,0,0,0,0,125.0,0,2,4,2,0,1,0,62.5,0.0,City Hotel,June,Monday,SC,FRA,Online TA,TA/TO,A,No Deposit,Transient,9.0,,0
3,2015,50,12,0,1,2,0,0,0,0,0,0,0,29.0,0,1,1,2,0,1,0,14.5,0.0,Resort Hotel,December,Saturday,BB,PRT,Offline TA/TO,TA/TO,A,No Deposit,Transient-Party,330.0,,0
0,2017,25,23,0,1,2,0,0,0,0,0,0,0,128.0,0,1,1,2,0,1,0,64.0,0.0,Resort Hotel,June,Friday,BB,PRT,Online TA,TA/TO,A,No Deposit,Transient,240.0,,0
0,2016,10,3,0,3,2,0,0,0,0,0,0,0,58.0,0,2,3,2,0,1,0,29.0,0.0,Resort Hotel,March,Thursday,BB,PRT,Online TA,TA/TO,D,No Deposit,Transient,240.0,,0
65,2016,11,12,2,3,2,0,0,0,0,0,1,0,49.5,0,0,5,2,0,1,0,24.75,0.0,Resort Hotel,March,Saturday,HB,PRT,Offline TA/TO,TA/TO,A,No Deposit,Contract,177.0,,1
9,2015,31,1,0,1,2,0,0,0,0,0,1,0,211.0,0,2,1,2,0,1,0,105.5,0.0,Resort Hotel,August,Saturday,BB,PRT,Online TA,TA/TO,D,No Deposit,Transient,240.0,,1
0,2017,31,5,0,1,3,0,0,0,0,0,1,0,250.0,0,0,1,3,0,1,0,83.33333333333333,0.0,Resort Hotel,August,Saturday,BB,GBR,Online TA,TA/TO,C,No Deposit,Transient,240.0,,0
194,2017,14,2,2,0,2,1,0,0,0,0,0,0,90.0,0,0,2,3,1,1,0,30.0,0.0,City Hotel,April,Sunday,BB,FRA,Offline TA/TO,TA/TO,A,No Deposit,Transient,28.0,,0
98,2015,48,23,1,3,1,0,0,0,0,0,1,0,70.0,0,0,4,1,0,1,0,70.0,0.0,City Hotel,November,Monday,BB,GRC,Groups,TA/TO,A,No Deposit,Transient-Party,37.0,,0
59,2016,31,28,0,2,2,1,0,0,0,0,0,0,137.7,0,1,2,3,1,1,0,45.9,0.0,City Hotel,July,Thursday,BB,FRA,Online TA,TA/TO,A,No Deposit,Transient,8.0,,0
0,2016,5,30,0,1,2,0,0,0,0,0,0,0,58.0,0,0,1,2,0,1,0,29.0,0.0,Resort Hotel,January,Saturday,BB,PRT,Direct,Direct,E,No Deposit,Transient,250.0,,0
181,2017,32,11,2,2,2,0,0,0,0,0,0,0,100.48,0,0,4,2,0,1,0,50.24,0.0,City Hotel,August,Friday,BB,DEU,Online TA,TA/TO,A,No Deposit,Transient,7.0,,0
139,2017,26,29,2,3,2,0,0,0,0,0,0,0,93.06,0,1,5,2,0,1,0,46.53,0.0,City Hotel,June,Thursday,SC,ROU,Online TA,TA/TO,A,No Deposit,Transient,9.0,,0
115,2016,42,13,0,1,2,0,0,0,0,0,0,0,108.0,0,0,1,2,0,1,0,54.0,0.0,City Hotel,October,Thursday,SC,FRA,Online TA,TA/TO,A,No Deposit,Transient,9.0,,1
186,2017,20,20,2,1,2,0,0,0,0,0,0,0,139.5,0,1,3,2,0,1,0,69.75,0.0,City Hotel,May,Saturday,BB,ITA,Online TA,TA/TO,D,No Deposit,Transient,9.0,,0
28,2017,35,30,0,2,3,0,0,0,0,0,0,0,210.0,0,0,2,3,0,1,0,70.0,0.0,City Hotel,August,Wednesday,BB,BRA,Online TA,TA/TO,D,No Deposit,Transient,9.0,,0
20,2016,41,3,1,2,2,0,0,0,0,0,0,0,108.99,0,1,3,2,0,1,0,54.495,0.0,City Hotel,October,Monday,BB,FRA,Online TA,TA/TO,A,No Deposit,Transient,7.0,,0
49,2017,8,19,2,3,2,0,0,0,0,0,0,0,90.1,0,0,5,2,0,1,0,45.05,0.0,City Hotel,February,Sunday,BB,GBR,Online TA,TA/TO,A,No Deposit,Transient,9.0,,0
174,2016,32,6,0,1,2,0,0,0,0,0,1,0,105.3,0,1,1,2,0,1,0,52.65,0.0,City Hotel,August,Saturday,BB,DEU,Online TA,TA/TO,A,No Deposit,Transient,9.0,,0
243,2017,35,30,0,3,2,2,0,0,0,0,0,0,189.0,0,3,3,4,1,1,0,47.25,0.0,City Hotel,August,Wednesday,BB,DEU,Online TA,TA/TO,F,No Deposit,Transient,9.0,,0
21,2016,16,11,0,0,1,0,0,0,0,0,0,0,0.0,0,0,0,1,0,1,0,0.0,0.0,Resort Hotel,April,Monday,BB,PRT,Offline TA/TO,TA/TO,A,No Deposit,Transient,95.0,,0
12,2016,42,10,1,1,2,0,0,0,0,0,0,0,66.0,0,2,2,2,0,1,0,33.0,0.0,Resort Hotel,October,Monday,BB,USA,Online TA,TA/TO,A,No Deposit,Transient,240.0,,0
319,2017,22,3,2,5,2,0,0,0,0,0,0,0,74.25,0,1,7,2,0,1,0,37.125,0.0,Resort Hotel,June,Saturday,BB,IRL,Online TA,TA/TO,A,No Deposit,Transient,240.0,,0
122,2016,28,8,2,7,2,0,0,0,0,0,0,0,162.22,0,1,9,2,0,1,0,81.11,0.0,Resort Hotel,July,Friday,BB,PRT,Online TA,TA/TO,D,No Deposit,Transient,240.0,,0
2,2017,4,23,1,0,1,0,0,1,2,10,1,0,45.0,0,0,1,1,0,1,0,45.0,0.1666666666666666,City Hotel,January,Monday,BB,PRT,Offline TA/TO,TA/TO,A,No Deposit,Group,94.0,,0
0,2016,53,28,0,1,2,0,0,0,0,0,0,0,85.0,1,1,1,2,0,1,0,42.5,0.0,Resort Hotel,December,Wednesday,BB,PRT,Online TA,TA/TO,A,No Deposit,Transient,240.0,,0
159,2016,28,7,0,1,3,0,0,0,0,0,0,0,146.7,0,0,1,3,0,1,0,48.9,0.0,City Hotel,July,Thursday,BB,DNK,Online TA,TA/TO,D,No Deposit,Transient,9.0,,1
14,2016,34,20,1,1,1,2,0,0,0,0,0,0,135.65,1,2,2,3,1,0,0,45.21666666666667,0.0,City Hotel,August,Saturday,BB,NLD,Direct,Direct,A,No Deposit,Transient,,,0
65,2016,18,24,2,0,2,0,0,0,0,0,0,0,118.8,0,1,2,2,0,1,0,59.4,0.0,City Hotel,April,Sunday,BB,PRT,Online TA,TA/TO,D,No Deposit,Transient-Party,9.0,,0
246,2015,36,4,4,10,2,0,0,0,0,0,0,0,48.88,0,0,14,2,0,1,0,24.44,0.0,Resort Hotel,September,Friday,BB,GBR,Offline TA/TO,TA/TO,A,No Deposit,Contract,2.0,,0
16,2016,9,25,1,3,2,0,0,0,0,0,0,0,48.0,0,1,4,2,0,1,0,24.0,0.0,Resort Hotel,February,Thursday,BB,PRT,Online TA,TA/TO,A,No Deposit,Transient,240.0,,1
126,2016,23,30,1,4,2,0,0,0,0,0,0,0,79.26,0,0,5,2,0,1,0,39.63,0.0,Resort Hotel,May,Monday,HB,PRT,Offline TA/TO,TA/TO,A,No Deposit,Transient,314.0,,1
86,2016,23,2,2,5,2,0,0,0,0,0,0,0,90.9,0,0,7,2,0,1,0,45.45,0.0,Resort Hotel,June,Thursday,HB,GBR,Offline TA/TO,TA/TO,D,No Deposit,Contract,243.0,,0
18,2016,5,29,0,0,1,0,0,0,0,0,0,0,0.0,0,0,0,1,0,1,0,0.0,0.0,Resort Hotel,January,Friday,BB,PRT,Online TA,TA/TO,A,No Deposit,Transient-Party,240.0,,0
573,2017,5,2,0,2,2,0,0,0,0,0,0,0,62.0,0,0,2,2,0,1,0,31.0,0.0,City Hotel,February,Thursday,BB,PRT,Groups,TA/TO,A,Non Refund,Transient,1.0,,1
91,2015,31,29,2,5,2,0,0,0,0,0,0,0,107.0,0,0,7,2,0,1,0,53.5,0.0,Resort Hotel,July,Wednesday,BB,PRT,Offline TA/TO,TA/TO,A,No Deposit,Contract,8.0,,0
91,2016,35,21,2,0,2,0,0,0,0,0,0,0,117.9,0,0,2,2,0,1,0,58.95,0.0,City Hotel,August,Sunday,BB,ESP,Online TA,TA/TO,A,No Deposit,Transient,9.0,,0
23,2017,7,18,2,3,1,0,0,0,0,0,0,0,94.86,0,0,5,1,0,1,0,94.86,0.0,City Hotel,February,Saturday,BB,FRA,Online TA,TA/TO,D,No Deposit,Transient,9.0,,0
1,2015,47,17,0,1,2,0,0,0,0,0,0,0,53.0,0,1,1,2,0,0,0,26.5,0.0,Resort Hotel,November,Tuesday,BB,FRA,Direct,Direct,D,No Deposit,Transient,,,0
19,2015,38,13,2,2,2,0,0,0,0,0,0,0,127.75,0,1,4,2,0,1,0,63.875,0.0,Resort Hotel,September,Sunday,HB,DEU,Online TA,TA/TO,A,No Deposit,Transient,242.0,,0
177,2016,28,6,2,8,2,0,0,0,0,0,0,0,120.0,0,1,10,2,0,1,0,60.0,0.0,Resort Hotel,July,Wednesday,Undefined,GBR,Offline TA/TO,TA/TO,D,No Deposit,Contract,40.0,,0
8,2016,36,28,2,0,2,0,0,0,0,0,0,0,127.0,0,1,2,2,0,1,0,63.5,0.0,City Hotel,August,Sunday,SC,ESP,Online TA,TA/TO,A,No Deposit,Transient,9.0,,0
40,2016,46,8,0,4,1,0,0,0,0,0,0,0,37.8,0,1,4,1,0,1,0,37.8,0.0,Resort Hotel,November,Tuesday,BB,ITA,Online TA,TA/TO,A,No Deposit,Transient,240.0,,0
1,2016,22,23,1,0,2,0,0,0,0,0,1,0,149.0,0,0,1,2,0,0,0,74.5,0.0,City Hotel,May,Monday,SC,GBR,Direct,Direct,A,No Deposit,Transient,,,0
156,2016,41,6,0,3,3,0,0,0,0,0,0,0,151.2,0,0,3,3,0,1,0,50.4,0.0,City Hotel,October,Thursday,BB,ITA,Online TA,TA/TO,D,No Deposit,Transient,9.0,,1
54,2016,46,6,2,3,1,0,0,0,0,0,1,0,94.0,0,0,5,1,0,0,1,94.0,0.0,City Hotel,November,Sunday,BB,NZL,Corporate,Corporate,D,No Deposit,Transient,,107.0,0
50,2017,25,19,1,1,2,0,0,0,0,0,2,0,150.0,0,1,2,2,0,1,0,75.0,0.0,City Hotel,June,Monday,BB,USA,Online TA,TA/TO,A,No Deposit,Transient,9.0,,0
89,2017,14,8,2,5,2,1,0,0,0,0,1,0,180.63,0,0,7,3,1,1,0,60.21,0.0,City Hotel,April,Saturday,HB,FRA,Direct,Direct,D,No Deposit,Transient,14.0,,0
1,2015,40,3,0,1,1,0,0,0,0,0,0,0,145.0,0,0,1,1,0,0,0,145.0,0.0,City Hotel,October,Saturday,BB,POL,Direct,Direct,A,Non Refund,Transient-Party,,,0
129,2017,17,24,1,3,2,0,0,0,0,0,0,0,105.75,0,3,4,2,0,1,0,52.875,0.0,City Hotel,April,Monday,SC,GBR,Online TA,TA/TO,A,No Deposit,Transient,9.0,,0
40,2015,45,1,2,3,2,0,1,0,0,0,0,0,60.0,0,1,5,3,1,1,0,20.0,0.0,City Hotel,November,Sunday,BB,FRA,Offline TA/TO,TA/TO,D,No Deposit,Transient,28.0,,0
169,2016,17,23,2,2,2,0,0,0,0,0,0,0,118.25,1,2,4,2,0,1,0,59.125,0.0,City Hotel,April,Saturday,BB,AUT,Online TA,TA/TO,A,No Deposit,Contract,9.0,,0
212,2017,20,20,1,1,2,0,0,0,0,0,0,0,125.1,0,1,2,2,0,1,0,62.55,0.0,City Hotel,May,Saturday,BB,DEU,Online TA,TA/TO,A,No Deposit,Transient,8.0,,0
43,2016,33,7,2,0,2,0,0,0,0,0,0,0,135.9,0,1,2,2,0,1,0,67.95,0.0,City Hotel,August,Sunday,BB,FRA,Online TA,TA/TO,A,No Deposit,Transient,9.0,,0
336,2016,38,15,1,3,2,0,0,0,0,0,1,0,66.0,0,0,4,2,0,0,1,33.0,0.0,Resort Hotel,September,Thursday,BB,GBR,Groups,Direct,A,No Deposit,Transient-Party,,223.0,0
107,2017,33,15,0,4,2,0,0,0,0,0,1,0,125.0,0,1,4,2,0,1,0,62.5,0.0,City Hotel,August,Tuesday,SC,ITA,Online TA,TA/TO,A,No Deposit,Transient,9.0,,0
76,2016,21,18,1,4,2,0,0,0,0,0,2,0,179.0,1,0,5,2,0,1,0,89.5,0.0,Resort Hotel,May,Wednesday,HB,FRA,Online TA,TA/TO,G,No Deposit,Transient,240.0,,0
55,2015,40,1,2,5,1,0,0,0,0,0,0,0,31.5,0,0,7,1,0,1,0,31.5,0.0,Resort Hotel,October,Thursday,BB,GBR,Offline TA/TO,TA/TO,A,No Deposit,Contract,243.0,,0
187,2017,11,16,1,3,2,0,0,0,0,0,0,0,88.4,0,1,4,2,0,1,0,44.2,0.0,City Hotel,March,Thursday,BB,DEU,Online TA,TA/TO,A,No Deposit,Transient,8.0,,0
1,2016,8,16,0,1,1,0,0,1,0,6,0,0,45.0,0,2,1,1,0,1,0,45.0,0.0,City Hotel,February,Tuesday,BB,PRT,Offline TA/TO,TA/TO,D,No Deposit,Transient,94.0,,0
0,2016,15,7,0,2,2,0,0,0,0,0,0,0,89.0,0,1,2,2,0,1,0,44.5,0.0,City Hotel,April,Thursday,SC,NLD,Online TA,TA/TO,A,No Deposit,Transient,9.0,,0
114,2017,25,23,0,2,3,0,0,0,0,0,1,0,198.0,0,0,2,3,0,1,0,66.0,0.0,City Hotel,June,Friday,BB,PRT,Online TA,TA/TO,E,No Deposit,Transient,9.0,,1
129,2015,32,6,0,3,2,0,0,0,0,0,0,0,118.5,0,1,3,2,0,0,0,59.25,0.0,Resort Hotel,August,Thursday,BB,PRT,Direct,Direct,D,No Deposit,Transient-Party,,,0
7,2017,17,29,2,2,2,0,0,0,0,0,0,0,160.0,0,1,4,2,0,1,0,80.0,0.0,City Hotel,April,Saturday,SC,CHE,Online TA,TA/TO,A,No Deposit,Transient,9.0,,1
0,2017,8,20,1,0,1,0,0,0,0,0,0,0,35.0,0,0,1,1,0,0,1,35.0,0.0,Resort Hotel,February,Monday,BB,PRT,Corporate,Direct,A,No Deposit,Transient,,195.0,1
84,2016,42,10,1,2,2,0,0,0,0,0,0,0,127.8,0,0,3,2,0,1,0,63.9,0.0,City Hotel,October,Monday,BB,ESP,Online TA,TA/TO,A,No Deposit,Transient,9.0,,0
13,2016,12,14,1,0,2,0,0,0,0,0,3,0,45.0,0,0,1,2,0,0,0,22.5,0.0,Resort Hotel,March,Monday,BB,PRT,Direct,Direct,A,No Deposit,Transient,,,0
53,2017,32,11,0,2,2,0,0,0,0,0,0,0,160.0,0,2,2,2,0,1,0,80.0,0.0,City Hotel,August,Friday,BB,CHN,Online TA,TA/TO,A,No Deposit,Transient,9.0,,0
79,2017,6,10,1,2,2,0,0,0,0,0,0,0,79.2,0,3,3,2,0,1,0,39.6,0.0,City Hotel,February,Friday,SC,IRL,Online TA,TA/TO,A,No Deposit,Transient,9.0,,0
183,2015,50,8,8,20,2,0,0,0,0,0,0,0,44.5,0,1,28,2,0,1,0,22.25,0.0,Resort Hotel,December,Tuesday,BB,GBR,Online TA,TA/TO,E,No Deposit,Transient,241.0,,0
143,2017,30,28,1,2,2,0,0,0,0,0,0,0,207.5,1,1,3,2,0,1,0,103.75,0.0,Resort Hotel,July,Friday,BB,LUX,Direct,Direct,E,No Deposit,Transient-Party,250.0,,0
148,2017,32,9,0,3,2,0,1,0,0,0,1,0,164.7,0,1,3,3,1,1,0,54.9,0.0,City Hotel,August,Wednesday,HB,FRA,Online TA,TA/TO,A,No Deposit,Transient,9.0,,0
104,2016,18,28,0,3,2,0,0,0,0,0,0,0,102.3,0,0,3,2,0,1,0,51.15,0.0,City Hotel,April,Thursday,BB,CHE,Online TA,TA/TO,A,No Deposit,Transient,9.0,,0
4,2016,7,13,0,1,2,0,0,0,0,0,0,0,95.0,0,2,1,2,0,1,0,47.5,0.0,City Hotel,February,Saturday,BB,PRT,Direct,Direct,D,No Deposit,Transient,14.0,,0
122,2017,20,18,0,3,2,0,0,0,0,0,0,7,190.0,0,0,3,2,0,1,0,95.0,0.0,City Hotel,May,Thursday,BB,PRT,Offline TA/TO,TA/TO,A,Non Refund,Transient,170.0,,1
224,2016,27,28,2,6,2,0,0,0,0,0,0,0,80.63,0,2,8,2,0,1,0,40.315,0.0,Resort Hotel,June,Tuesday,BB,CHE,Online TA,TA/TO,A,No Deposit,Transient,240.0,,0
89,2017,11,16,0,3,2,0,0,0,0,0,0,0,81.77,0,1,3,2,0,1,0,40.885,0.0,City Hotel,March,Thursday,BB,BRA,Online TA,TA/TO,D,No Deposit,Transient,7.0,,0
6,2016,53,29,0,3,2,0,0,0,0,0,0,0,148.0,1,0,3,2,0,1,0,74.0,0.0,City Hotel,December,Thursday,BB,ESP,Direct,Direct,A,No Deposit,Transient,14.0,,0
9,2017,13,30,0,1,1,0,0,1,0,1,1,0,35.0,0,0,1,1,0,0,1,35.0,0.0,Resort Hotel,March,Thursday,BB,PRT,Corporate,Corporate,A,No Deposit,Transient,,331.0,0
13,2016,37,4,2,1,2,0,0,0,0,0,0,0,160.0,0,1,3,2,0,1,0,80.0,0.0,City Hotel,September,Sunday,BB,PRT,Online TA,TA/TO,D,No Deposit,Transient,9.0,,0
157,2016,50,8,0,3,2,0,0,0,0,0,2,0,68.0,0,0,3,2,0,1,0,34.0,0.0,City Hotel,December,Thursday,BB,ITA,Offline TA/TO,TA/TO,A,No Deposit,Transient-Party,83.0,,0
85,2017,1,6,1,2,3,0,0,0,0,0,0,0,126.0,0,3,3,3,0,1,0,42.0,0.0,City Hotel,January,Friday,BB,ITA,Online TA,TA/TO,D,No Deposit,Transient,9.0,,0
20,2017,9,1,0,3,2,0,0,0,0,0,0,0,80.0,0,0,3,2,0,1,0,40.0,0.0,City Hotel,March,Wednesday,BB,PRT,Offline TA/TO,TA/TO,A,No Deposit,Transient,28.0,,0
183,2017,26,1,4,10,2,2,0,0,0,0,0,0,204.29,0,1,14,4,1,1,0,51.0725,0.0,Resort Hotel,July,Saturday,BB,FRA,Online TA,TA/TO,G,No Deposit,Transient,240.0,,1
45,2015,40,1,2,5,2,0,0,0,0,0,0,0,56.0,0,1,7,2,0,1,0,28.0,0.0,Resort Hotel,October,Thursday,BB,ITA,Online TA,TA/TO,A,No Deposit,Transient,242.0,,0
194,2017,13,1,1,1,3,0,0,0,0,0,0,0,105.0,0,0,2,3,0,1,0,35.0,0.0,City Hotel,April,Saturday,BB,FRA,Offline TA/TO,TA/TO,A,No Deposit,Transient,28.0,,0
14,2015,42,13,0,1,2,0,0,0,0,0,0,0,62.0,1,0,1,2,0,1,0,31.0,0.0,Resort Hotel,October,Tuesday,BB,ESP,Online TA,TA/TO,A,No Deposit,Transient,240.0,,0
141,2016,39,20,0,3,2,0,0,0,0,0,0,0,92.33,0,1,3,2,0,1,0,46.165,0.0,Resort Hotel,September,Tuesday,BB,POL,Online TA,TA/TO,A,No Deposit,Transient-Party,240.0,,0
13,2017,35,28,1,5,2,1,0,0,0,0,0,0,250.2,1,3,6,3,1,1,0,83.39999999999999,0.0,Resort Hotel,August,Monday,HB,ESP,Online TA,TA/TO,A,No Deposit,Transient,242.0,,0
148,2016,34,16,2,5,2,0,0,0,0,0,0,0,119.69,0,0,7,2,0,1,0,59.845,0.0,City Hotel,August,Tuesday,BB,SVN,Online TA,TA/TO,D,No Deposit,Transient,9.0,,1
154,2016,35,24,0,2,2,0,0,0,0,0,0,0,109.8,0,0,2,2,0,1,0,54.9,0.0,City Hotel,August,Wednesday,BB,ESP,Online TA,TA/TO,A,No Deposit,Transient,9.0,,0
47,2016,13,26,2,5,2,0,0,0,0,0,0,0,58.93,0,0,7,2,0,1,0,29.465,0.0,Resort Hotel,March,Saturday,BB,FIN,Offline TA/TO,TA/TO,F,No Deposit,Transient,36.0,,0
0,2017,5,4,1,1,2,0,0,0,0,0,0,0,44.0,0,1,2,2,0,0,0,22.0,0.0,City Hotel,February,Saturday,BB,PRT,Direct,Direct,A,No Deposit,Transient,,,0
169,2016,28,5,0,4,2,2,0,0,0,0,2,0,167.45,0,2,4,4,1,1,0,41.8625,0.0,City Hotel,July,Tuesday,BB,ITA,Online TA,TA/TO,F,No Deposit,Transient,9.0,,0
88,2016,12,17,2,7,2,0,0,0,0,0,2,0,85.51,0,1,9,2,0,1,0,42.755,0.0,City Hotel,March,Thursday,BB,BRA,Online TA,TA/TO,A,No Deposit,Transient,9.0,,0
48,2016,21,20,0,1,2,0,0,0,0,0,1,0,83.0,1,0,1,2,0,1,0,41.5,0.0,Resort Hotel,May,Friday,BB,ITA,Online TA,TA/TO,A,No Deposit,Transient,240.0,,0
152,2017,14,5,1,4,2,1,0,0,0,0,3,0,60.0,0,1,5,3,1,0,1,20.0,0.0,Resort Hotel,April,Wednesday,BB,GBR,Groups,TA/TO,D,No Deposit,Transient-Party,,223.0,0
0,2017,9,26,2,0,2,0,0,0,0,0,0,0,62.0,0,0,2,2,0,0,0,31.0,0.0,Resort Hotel,February,Sunday,BB,PRT,Direct,Direct,A,No Deposit,Transient,,,0
96,2016,39,18,2,3,2,0,0,0,0,0,2,0,184.8,1,2,5,2,0,1,0,92.4,0.0,Resort Hotel,September,Sunday,BB,PRT,Direct,Direct,H,No Deposit,Transient,250.0,,0
114,2015,38,16,2,5,2,0,0,0,0,0,0,0,85.5,0,0,7,2,0,1,0,42.75,0.0,Resort Hotel,September,Wednesday,HB,GBR,Offline TA/TO,TA/TO,A,No Deposit,Contract,40.0,,0
246,2017,15,13,0,3,2,0,0,0,0,0,0,0,101.7,0,1,3,2,0,1,0,50.85,0.0,Resort Hotel,April,Thursday,BB,ESP,Online TA,TA/TO,E,No Deposit,Transient,240.0,,1
38,2017,24,16,1,2,2,0,0,0,0,0,0,0,112.0,0,1,3,2,0,1,0,56.0,0.0,City Hotel,June,Friday,SC,SWE,Online TA,TA/TO,A,No Deposit,Transient,7.0,,0
52,2016,26,20,1,3,2,0,0,0,0,0,0,0,99.9,0,1,4,2,0,1,0,49.95,0.0,City Hotel,June,Monday,BB,NLD,Online TA,TA/TO,A,No Deposit,Transient,9.0,,0
16,2016,42,9,2,0,2,0,0,0,0,0,0,0,55.0,0,1,2,2,0,0,0,27.5,0.0,Resort Hotel,October,Sunday,BB,PRT,Groups,Corporate,A,No Deposit,Transient-Party,,,0
0,2017,23,6,0,2,2,0,0,0,0,0,0,0,120.0,0,0,2,2,0,0,1,60.0,0.0,City Hotel,June,Tuesday,BB,PRT,Corporate,Corporate,A,No Deposit,Transient,,115.0,1
2,2016,2,4,1,0,1,0,0,0,0,0,0,0,76.0,0,1,1,1,0,1,0,76.0,0.0,City Hotel,January,Monday,BB,FRA,Online TA,TA/TO,A,No Deposit,Transient,9.0,,0
8,2015,52,26,2,3,2,0,0,0,0,0,0,0,77.35,0,1,5,2,0,1,0,38.675,0.0,City Hotel,December,Saturday,SC,PRT,Online TA,TA/TO,A,No Deposit,Transient,9.0,,0
39,2016,27,2,2,1,2,0,0,0,0,0,0,0,117.9,0,0,3,2,0,1,0,58.95,0.0,City Hotel,July,Saturday,BB,GGY,Online TA,TA/TO,A,No Deposit,Transient,9.0,,1
12,2015,29,18,2,2,3,0,0,0,0,0,1,0,84.0,0,0,4,3,0,1,0,28.0,0.0,City Hotel,July,Saturday,BB,PRT,Groups,TA/TO,A,No Deposit,Transient-Party,1.0,,0
55,2015,37,6,2,0,2,0,0,0,0,0,0,0,75.0,0,0,2,2,0,1,0,37.5,0.0,City Hotel,September,Sunday,BB,PRT,Groups,TA/TO,A,No Deposit,Transient-Party,1.0,,1
130,2016,22,23,1,1,2,0,0,0,0,0,0,0,105.3,0,0,2,2,0,1,0,52.65,0.0,City Hotel,May,Monday,BB,FIN,Online TA,TA/TO,A,No Deposit,Transient,9.0,,1
9,2015,39,26,2,2,2,0,0,0,1,0,0,0,212.0,0,0,4,2,0,1,0,106.0,1.0,City Hotel,September,Saturday,BB,PRT,Online TA,TA/TO,A,No Deposit,Contract,9.0,,1
11,2016,30,21,0,1,3,0,0,0,0,0,0,0,196.0,0,2,1,3,0,1,0,65.33333333333333,0.0,City Hotel,July,Thursday,BB,DEU,Online TA,TA/TO,D,No Deposit,Transient,9.0,,0
97,2016,33,7,4,10,2,1,0,0,0,0,1,0,217.5,0,0,14,3,1,1,0,72.5,0.0,Resort Hotel,August,Sunday,FB,PRT,Offline TA/TO,TA/TO,D,No Deposit,Transient,3.0,,0
0,2016,5,29,0,1,2,0,0,0,0,0,0,0,95.0,0,0,1,2,0,0,0,47.5,0.0,City Hotel,January,Friday,BB,PRT,Direct,Direct,D,No Deposit,Transient,,,0
131,2017,32,7,1,3,2,0,0,0,0,0,0,0,266.0,0,2,4,2,0,1,0,133.0,0.0,Resort Hotel,August,Monday,BB,FRA,Online TA,TA/TO,E,No Deposit,Transient,240.0,,0
27,2017,6,6,1,0,1,0,0,0,0,0,1,0,88.0,0,0,1,1,0,1,0,88.0,0.0,City Hotel,February,Monday,BB,ESP,Online TA,GDS,A,No Deposit,Transient,195.0,,0
0,2017,12,19,2,0,2,0,0,0,0,0,3,0,98.0,0,0,2,2,0,1,0,49.0,0.0,City Hotel,March,Sunday,BB,PRT,Direct,Direct,A,No Deposit,Transient,14.0,,0
81,2015,29,12,2,5,2,0,0,0,0,0,0,0,78.84,0,0,7,2,0,1,0,39.42,0.0,Resort Hotel,July,Sunday,BB,GBR,Offline TA/TO,TA/TO,A,No Deposit,Transient,147.0,,0
3,2015,47,16,1,1,1,0,0,0,0,0,0,0,0.0,0,0,2,1,0,0,1,0.0,0.0,City Hotel,November,Monday,BB,PRT,Complementary,Direct,A,No Deposit,Transient,,46.0,0
222,2017,23,5,4,10,2,0,0,0,0,0,0,0,102.85,0,0,14,2,0,1,0,51.425,0.0,Resort Hotel,June,Monday,BB,PRT,Offline TA/TO,TA/TO,D,No Deposit,Contract,40.0,,1
19,2015,51,16,0,2,2,0,0,0,0,0,0,0,96.0,1,0,2,2,0,1,0,48.0,0.0,City Hotel,December,Wednesday,BB,ROU,Online TA,TA/TO,A,No Deposit,Transient,9.0,,0
31,2017,25,19,1,3,2,1,0,0,0,0,1,0,175.0,0,0,4,3,1,1,0,58.333333333333336,0.0,City Hotel,June,Monday,BB,DEU,Direct,Direct,D,No Deposit,Transient,14.0,,0
40,2016,35,23,0,5,2,0,0,0,0,0,0,0,149.4,0,0,5,2,0,1,0,74.7,0.0,City Hotel,August,Tuesday,BB,FRA,Online TA,TA/TO,D,No Deposit,Transient,9.0,,0
41,2017,17,23,1,0,1,0,0,0,0,0,1,0,116.1,0,0,1,1,0,1,0,116.1,0.0,City Hotel,April,Sunday,BB,GBR,Direct,Direct,A,No Deposit,Transient,14.0,,0
47,2016,46,11,1,2,2,0,0,0,0,0,0,0,79.2,0,2,3,2,0,1,0,39.6,0.0,City Hotel,November,Friday,SC,NLD,Online TA,TA/TO,A,No Deposit,Transient,9.0,,1
86,2017,27,7,0,1,1,0,0,0,0,0,0,0,80.0,0,0,1,1,0,0,1,80.0,0.0,City Hotel,July,Friday,BB,PRT,Corporate,Corporate,A,No Deposit,Transient,,62.0,1
0,2015,53,29,0,2,2,0,0,1,0,0,0,0,72.67,0,0,2,2,0,1,0,36.335,0.0,City Hotel,December,Tuesday,BB,PRT,Online TA,TA/TO,A,No Deposit,Transient,152.0,,1
218,2017,31,5,2,5,2,0,0,0,0,0,1,0,135.9,0,1,7,2,0,1,0,67.95,0.0,Resort Hotel,August,Saturday,HB,ESP,Offline TA/TO,TA/TO,A,No Deposit,Transient,171.0,,0
97,2015,40,28,2,5,2,0,0,0,0,0,0,0,63.79,0,2,7,2,0,1,0,31.895,0.0,Resort Hotel,September,Monday,BB,GBR,Online TA,TA/TO,D,No Deposit,Transient,147.0,,0
144,2017,29,22,2,2,2,2,0,0,0,0,1,0,230.0,0,0,4,4,1,1,0,57.5,0.0,City Hotel,July,Saturday,BB,GBR,Direct,Direct,F,No Deposit,Transient,14.0,,0
197,2017,28,10,1,4,2,0,0,0,0,0,0,0,107.1,0,0,5,2,0,1,0,53.55,0.0,City Hotel,July,Monday,BB,IRL,Online TA,TA/TO,A,No Deposit,Transient-Party,9.0,,0
311,2016,38,11,1,0,2,0,0,0,0,0,0,0,120.0,1,0,1,2,0,1,0,60.0,0.0,Resort Hotel,September,Sunday,BB,GBR,Online TA,TA/TO,E,No Deposit,Transient,242.0,,0
133,2016,28,6,0,4,2,0,1,0,0,0,2,0,123.25,0,1,4,3,1,1,0,41.083333333333336,0.0,City Hotel,July,Wednesday,BB,DEU,Online TA,TA/TO,A,No Deposit,Transient-Party,9.0,,1
300,2017,31,4,1,2,3,0,0,0,0,0,2,0,98.28,0,2,3,3,0,1,0,32.76,0.0,City Hotel,August,Friday,SC,GBR,Online TA,TA/TO,A,No Deposit,Transient,83.0,,0
27,2016,25,13,1,3,1,0,0,0,0,0,2,0,104.72,0,1,4,1,0,1,0,104.72,0.0,City Hotel,June,Monday,BB,NLD,Online TA,TA/TO,D,No Deposit,Transient,7.0,,0
190,2016,44,29,2,1,2,0,0,0,0,0,0,0,105.3,1,1,3,2,0,1,0,52.65,0.0,City Hotel,October,Saturday,BB,BRA,Online TA,TA/TO,A,No Deposit,Transient,9.0,,0
113,2017,17,29,4,6,2,0,0,0,0,0,0,0,79.85,0,0,10,2,0,1,0,39.925,0.0,Resort Hotel,April,Saturday,HB,GBR,Offline TA/TO,TA/TO,D,No Deposit,Transient,69.0,,0
46,2016,44,29,2,1,2,0,0,0,0,0,1,0,58.0,0,1,3,2,0,0,0,29.0,0.0,Resort Hotel,October,Saturday,BB,PRT,Direct,Direct,A,No Deposit,Transient,,,0
74,2017,12,23,1,3,3,0,0,0,0,0,0,0,117.3,0,0,4,3,0,1,0,39.1,0.0,City Hotel,March,Thursday,BB,DEU,Online TA,TA/TO,E,No Deposit,Transient,9.0,,1
144,2015,33,15,2,5,2,0,0,0,0,0,1,0,119.25,1,2,7,2,0,1,0,59.625,0.0,Resort Hotel,August,Saturday,BB,SWE,Offline TA/TO,TA/TO,E,No Deposit,Contract,156.0,,0
1,2016,6,6,1,1,1,0,0,0,0,0,0,0,86.0,0,0,2,1,0,1,0,86.0,0.0,City Hotel,February,Saturday,BB,BEL,Online TA,TA/TO,A,No Deposit,Transient,9.0,,0
236,2016,40,27,0,4,2,0,0,0,0,0,1,0,84.43,0,1,4,2,0,1,0,42.215,0.0,City Hotel,September,Tuesday,SC,GBR,Online TA,TA/TO,A,No Deposit,Transient,7.0,,0
41,2016,17,21,0,1,2,0,0,0,0,0,0,0,81.08,0,0,1,2,0,1,0,40.54,0.0,City Hotel,April,Thursday,BB,PRT,Online TA,TA/TO,A,No Deposit,Transient,7.0,,1
17,2015,35,29,0,1,2,2,1,0,0,0,1,0,153.0,0,2,1,5,1,1,0,30.6,0.0,City Hotel,August,Saturday,BB,PRT,Online TA,TA/TO,F,No Deposit,Transient-Party,9.0,,0
85,2016,45,2,2,6,2,0,0,0,0,0,0,0,37.8,0,1,8,2,0,1,0,18.9,0.0,Resort Hotel,November,Wednesday,BB,DEU,Online TA,TA/TO,A,No Deposit,Transient,242.0,,0
133,2017,8,22,0,3,2,0,0,0,0,0,0,0,127.8,0,1,3,2,0,1,0,63.9,0.0,City Hotel,February,Wednesday,HB,ROU,Online TA,TA/TO,A,No Deposit,Transient,9.0,,0
170,2017,27,8,2,1,2,0,0,0,0,0,0,0,152.1,0,1,3,2,0,1,0,76.05,0.0,City Hotel,July,Saturday,BB,NOR,Online TA,TA/TO,D,No Deposit,Transient-Party,9.0,,0
67,2016,19,7,0,1,3,0,0,0,0,0,0,0,159.3,0,0,1,3,0,1,0,53.1,0.0,City Hotel,May,Saturday,BB,ESP,Online TA,TA/TO,A,No Deposit,Transient,9.0,,1
75,2016,18,25,1,3,2,0,0,0,0,0,0,0,103.7,0,1,4,2,0,1,0,51.85,0.0,City Hotel,April,Monday,BB,AUT,Online TA,TA/TO,D,No Deposit,Transient,9.0,,0
29,2016,9,24,0,4,2,0,0,0,0,0,0,0,66.0,0,0,4,2,0,1,0,33.0,0.0,City Hotel,February,Wednesday,BB,PRT,Offline TA/TO,TA/TO,A,No Deposit,Transient,28.0,,0
101,2015,50,8,0,1,1,0,0,0,0,0,0,0,63.75,0,1,1,1,0,1,0,63.75,0.0,City Hotel,December,Tuesday,BB,PRT,Online TA,TA/TO,A,No Deposit,Transient,9.0,,1
100,2016,27,28,0,1,2,1,0,0,0,0,0,0,130.5,0,2,1,3,1,1,0,43.5,0.0,City Hotel,June,Tuesday,BB,ROU,Online TA,TA/TO,A,No Deposit,Transient,9.0,,1
4,2016,49,29,0,3,2,0,0,0,0,0,1,0,138.33,0,0,3,2,0,1,0,69.165,0.0,City Hotel,November,Tuesday,HB,ITA,Direct,Direct,A,No Deposit,Transient,14.0,,0
166,2016,28,4,3,7,2,0,0,0,0,0,0,0,83.8,0,0,10,2,0,1,0,41.9,0.0,Resort Hotel,July,Monday,HB,POL,Offline TA/TO,TA/TO,A,No Deposit,Transient,315.0,,0
221,2017,25,23,2,7,2,0,0,0,0,0,0,0,129.4,0,1,9,2,0,1,0,64.7,0.0,City Hotel,June,Friday,BB,IRL,Online TA,TA/TO,D,No Deposit,Transient,9.0,,0
7,2016,48,21,1,3,1,0,0,1,0,5,0,0,27.0,0,0,4,1,0,1,0,27.0,0.0,Resort Hotel,November,Monday,BB,PRT,Corporate,Corporate,A,No Deposit,Transient,154.0,,0
47,2017,5,1,0,4,2,0,0,0,0,0,0,0,74.8,0,2,4,2,0,1,0,37.4,0.0,City Hotel,February,Wednesday,SC,HUN,Online TA,TA/TO,A,No Deposit,Transient,9.0,,0
152,2016,28,3,2,5,2,0,1,0,0,0,0,0,121.6,0,1,7,3,1,1,0,40.53333333333333,0.0,Resort Hotel,July,Sunday,FB,PRT,Offline TA/TO,TA/TO,D,No Deposit,Transient,15.0,,1
117,2016,18,27,1,4,2,0,0,0,0,0,0,0,82.45,0,0,5,2,0,1,0,41.225,0.0,City Hotel,April,Wednesday,SC,ROU,Online TA,TA/TO,A,No Deposit,Transient,9.0,,1
211,2017,18,2,2,5,2,0,0,0,0,0,0,0,40.95,0,0,7,2,0,1,0,20.475,0.0,Resort Hotel,May,Tuesday,BB,GBR,Offline TA/TO,TA/TO,A,No Deposit,Contract,40.0,,0
117,2015,31,1,2,1,3,0,0,0,0,0,1,0,138.5,0,0,3,3,0,1,0,46.166666666666664,0.0,City Hotel,August,Saturday,HB,ITA,Offline TA/TO,TA/TO,A,No Deposit,Transient-Party,17.0,,0
0,2017,2,14,2,3,2,0,0,0,0,0,0,0,88.74,0,0,5,2,0,1,0,44.37,0.0,City Hotel,January,Saturday,BB,HRV,Online TA,TA/TO,A,No Deposit,Transient,9.0,,0
43,2015,38,17,0,1,2,0,0,0,0,0,0,0,94.5,0,2,1,2,0,1,0,47.25,0.0,City Hotel,September,Thursday,BB,RUS,Online TA,TA/TO,A,No Deposit,Contract,9.0,,0
147,2017,24,11,2,2,3,0,0,0,0,0,0,0,190.8,0,0,4,3,0,1,0,63.6,0.0,City Hotel,June,Sunday,BB,PHL,Online TA,TA/TO,D,No Deposit,Transient,9.0,,0
0,2016,23,29,2,1,1,0,0,0,0,0,0,0,76.0,1,0,3,1,0,0,0,76.0,0.0,Resort Hotel,May,Sunday,BB,,Direct,Direct,A,No Deposit,Transient,,,0
0,2016,15,7,0,1,1,0,0,1,1,13,0,0,42.0,0,0,1,1,0,1,0,42.0,0.0714285714285714,Resort Hotel,April,Thursday,BB,PRT,Direct,Corporate,A,No Deposit,Transient,47.0,,0
8,2017,7,15,0,1,1,0,0,1,0,1,0,0,54.0,0,0,1,1,0,0,1,54.0,0.0,Resort Hotel,February,Wednesday,BB,PRT,Corporate,Corporate,A,No Deposit,Transient,,331.0,0
79,2016,15,4,1,2,2,2,0,0,0,0,0,0,162.3,0,2,3,4,1,1,0,40.575,0.0,City Hotel,April,Monday,BB,FRA,Online TA,TA/TO,F,No Deposit,Transient,9.0,,0
140,2017,28,10,1,5,2,0,0,0,0,0,0,0,183.83,0,1,6,2,0,1,0,91.915,0.0,Resort Hotel,July,Monday,BB,ESP,Online TA,TA/TO,E,No Deposit,Transient,240.0,,1
4,2017,5,30,1,5,2,2,0,0,0,0,0,0,123.0,0,0,6,4,1,1,0,30.75,0.0,City Hotel,January,Monday,BB,PRT,Offline TA/TO,TA/TO,E,No Deposit,Transient,27.0,,1
72,2016,13,24,1,3,2,0,0,0,0,0,0,0,62.38,0,0,4,2,0,1,0,31.19,0.0,City Hotel,March,Thursday,BB,ESP,Offline TA/TO,TA/TO,A,No Deposit,Transient,6.0,,0
21,2015,41,10,1,1,2,0,0,0,0,0,0,0,49.2,0,1,2,2,0,1,0,24.6,0.0,Resort Hotel,October,Saturday,BB,PRT,Offline TA/TO,TA/TO,A,No Deposit,Transient-Party,314.0,,1
184,2017,31,31,1,5,2,0,0,0,0,0,0,0,175.5,0,1,6,2,0,1,0,87.75,0.0,City Hotel,July,Monday,HB,GBR,Online TA,TA/TO,D,No Deposit,Transient,9.0,,1
58,2016,42,10,1,3,2,0,0,0,0,0,0,0,132.3,0,1,4,2,0,1,0,66.15,0.0,City Hotel,October,Monday,BB,ITA,Online TA,TA/TO,D,No Deposit,Transient,9.0,,1
78,2017,17,29,2,5,2,2,0,0,0,0,1,0,120.14,0,2,7,4,1,1,0,30.035,0.0,Resort Hotel,April,Saturday,BB,HRV,Online TA,TA/TO,C,No Deposit,Transient,240.0,,1
21,2016,48,26,0,1,2,0,0,0,0,0,3,0,107.0,1,0,1,2,0,1,0,53.5,0.0,City Hotel,November,Saturday,BB,DEU,Direct,Direct,A,No Deposit,Transient,14.0,,0
32,2015,30,25,2,5,2,0,0,0,0,0,0,0,176.0,1,0,7,2,0,1,0,88.0,0.0,Resort Hotel,July,Saturday,BB,PRT,Online TA,TA/TO,E,No Deposit,Transient,240.0,,0
43,2017,23,9,2,2,2,0,0,0,0,0,0,0,150.0,0,2,4,2,0,1,0,75.0,0.0,City Hotel,June,Friday,BB,AUT,Online TA,TA/TO,D,No Deposit,Transient,9.0,,0
109,2016,14,2,2,5,2,0,0,0,0,0,1,0,74.89,0,0,7,2,0,1,0,37.445,0.0,City Hotel,April,Saturday,BB,PRT,Online TA,TA/TO,B,No Deposit,Transient,9.0,,0
55,2017,1,2,1,2,1,0,0,0,0,0,0,0,43.0,1,2,3,1,0,1,0,43.0,0.0,Resort Hotel,January,Monday,BB,PRT,Online TA,TA/TO,A,No Deposit,Transient,240.0,,0
83,2016,18,25,1,2,2,0,0,0,0,0,0,0,105.3,1,2,3,2,0,1,0,52.65,0.0,City Hotel,April,Monday,BB,RUS,Online TA,TA/TO,A,No Deposit,Transient,9.0,,0
10,2016,7,13,2,2,2,0,0,0,0,0,0,0,85.0,0,0,4,2,0,1,0,42.5,0.0,City Hotel,February,Saturday,BB,FRA,Offline TA/TO,TA/TO,A,No Deposit,Transient,28.0,,0
126,2017,18,4,0,3,2,0,0,0,0,0,0,0,108.0,0,1,3,2,0,1,0,54.0,0.0,City Hotel,May,Thursday,SC,GBR,Online TA,TA/TO,A,No Deposit,Transient,8.0,,0
2,2016,44,27,0,1,1,0,0,0,0,0,0,0,75.0,0,0,1,1,0,0,1,75.0,0.0,City Hotel,October,Thursday,BB,PRT,Corporate,Corporate,A,No Deposit,Transient,,40.0,0
55,2015,40,27,3,5,2,0,0,0,0,0,0,0,74.2,0,0,8,2,0,1,0,37.1,0.0,Resort Hotel,September,Sunday,BB,PRT,Direct,Direct,D,No Deposit,Transient,250.0,,1
315,2017,33,14,1,2,2,0,0,0,0,0,0,0,172.8,0,3,3,2,0,1,0,86.4,0.0,Resort Hotel,August,Monday,BB,JPN,Online TA,TA/TO,E,No Deposit,Transient,240.0,,0
0,2016,26,22,0,1,1,0,0,0,0,0,0,0,129.0,0,1,1,1,0,1,0,129.0,0.0,City Hotel,June,Wednesday,SC,PRT,Online TA,TA/TO,A,No Deposit,Transient,9.0,,0
0,2016,35,22,1,3,2,0,0,0,0,0,0,0,142.92,0,0,4,2,0,1,0,71.46,0.0,City Hotel,August,Monday,BB,BEL,Direct,Direct,D,No Deposit,Transient,14.0,,0
0,2016,45,30,1,0,1,0,0,0,0,0,0,0,140.0,0,0,1,1,0,0,0,140.0,0.0,City Hotel,October,Sunday,BB,GBR,Online TA,TA/TO,A,No Deposit,Transient,,,0
21,2017,31,1,0,1,2,0,0,0,0,0,0,0,108.0,0,1,1,2,0,1,0,54.0,0.0,City Hotel,August,Tuesday,SC,PRT,Online TA,TA/TO,A,No Deposit,Transient,9.0,,1
3,2016,11,7,1,1,1,0,0,1,0,1,0,0,80.0,0,0,2,1,0,1,0,80.0,0.0,City Hotel,March,Monday,BB,FRA,Corporate,Corporate,A,No Deposit,Transient,91.0,,0
26,2016,15,5,2,5,2,0,0,0,0,0,0,0,64.0,0,0,7,2,0,1,0,32.0,0.0,Resort Hotel,April,Tuesday,BB,GBR,Online TA,TA/TO,A,No Deposit,Transient,240.0,,0
131,2017,16,16,2,5,2,0,0,0,0,0,0,0,80.0,0,0,7,2,0,1,0,40.0,0.0,Resort Hotel,April,Sunday,HB,PRT,Groups,TA/TO,A,No Deposit,Transient-Party,493.0,,1
28,2015,32,6,1,3,3,0,0,0,0,0,0,0,239.3,0,1,4,3,0,1,0,79.76666666666667,0.0,Resort Hotel,August,Thursday,BB,PRT,Online TA,TA/TO,D,No Deposit,Transient,242.0,,1
74,2016,14,31,0,3,2,0,0,0,0,0,0,0,85.5,0,0,3,2,0,1,0,42.75,0.0,City Hotel,March,Thursday,SC,IRL,Direct,Direct,A,No Deposit,Transient,14.0,,0
77,2016,15,8,2,2,2,0,0,0,0,0,0,0,80.75,0,2,4,2,0,1,0,40.375,0.0,City Hotel,April,Friday,BB,BRA,Direct,Direct,A,No Deposit,Transient,14.0,,0
0,2017,32,7,1,2,2,0,0,0,0,0,0,0,150.0,0,0,3,2,0,0,0,75.0,0.0,City Hotel,August,Monday,BB,PRT,Direct,Direct,D,No Deposit,Transient,,,1
0,2016,6,5,0,1,2,0,0,0,0,0,0,0,58.0,1,2,1,2,0,0,0,29.0,0.0,Resort Hotel,February,Friday,BB,PRT,Direct,Direct,E,No Deposit,Transient,,,0
49,2016,13,21,1,3,2,0,0,0,0,0,0,0,67.32,0,0,4,2,0,1,0,33.66,0.0,City Hotel,March,Monday,BB,DZA,Offline TA/TO,TA/TO,A,No Deposit,Transient-Party,118.0,,0
190,2017,18,6,2,2,2,0,1,0,0,0,1,0,117.0,0,3,4,3,1,1,0,39.0,0.0,City Hotel,May,Saturday,BB,FRA,Online TA,TA/TO,A,No Deposit,Transient,9.0,,1
157,2015,34,17,2,5,2,1,0,0,0,0,0,0,187.0,0,2,7,3,1,1,0,62.333333333333336,0.0,Resort Hotel,August,Monday,BB,PRT,Online TA,TA/TO,A,No Deposit,Transient,240.0,,1
166,2015,31,1,2,5,2,1,0,0,0,0,0,0,210.43,1,2,7,3,1,1,0,70.14333333333333,0.0,Resort Hotel,August,Saturday,BB,PRT,Online TA,TA/TO,G,No Deposit,Transient,240.0,,0
69,2016,20,9,1,4,1,1,0,0,0,0,0,0,135.15,0,2,5,2,1,1,0,67.575,0.0,City Hotel,May,Monday,BB,BEL,Online TA,TA/TO,A,No Deposit,Transient,9.0,,0
2,2016,42,15,0,1,2,0,0,0,0,0,0,0,149.0,1,1,1,2,0,1,0,74.5,0.0,City Hotel,October,Saturday,SC,PRT,Online TA,TA/TO,A,No Deposit,Transient,9.0,,0
43,2016,23,31,0,3,1,0,0,0,0,0,0,0,115.5,0,0,3,1,0,1,0,115.5,0.0,City Hotel,May,Tuesday,BB,ESP,Online TA,TA/TO,A,No Deposit,Transient,9.0,,0
174,2017,28,11,0,2,3,1,0,0,0,0,0,0,174.75,0,0,2,4,1,1,0,43.6875,0.0,City Hotel,July,Tuesday,BB,FRA,Direct,Direct,E,No Deposit,Transient,14.0,,0
4,2016,48,26,2,1,1,0,0,0,0,0,0,0,43.0,0,1,3,1,0,1,0,43.0,0.0,Resort Hotel,November,Saturday,BB,FRA,Online TA,TA/TO,A,No Deposit,Transient,240.0,,0
11,2016,20,8,2,1,2,0,0,0,0,0,0,0,126.0,0,1,3,2,0,1,0,63.0,0.0,City Hotel,May,Sunday,BB,FRA,Online TA,TA/TO,D,No Deposit,Transient,9.0,,0
198,2017,26,1,2,3,2,1,1,0,0,0,1,0,174.0,1,0,5,4,1,1,0,43.5,0.0,Resort Hotel,July,Saturday,BB,CHE,Direct,Direct,G,No Deposit,Transient,250.0,,0
1,2016,18,28,0,1,2,0,0,0,0,0,0,0,86.0,1,0,1,2,0,1,0,43.0,0.0,Resort Hotel,April,Thursday,BB,PRT,Direct,Direct,D,No Deposit,Transient,250.0,,0
32,2017,10,5,2,5,2,0,0,0,0,0,0,0,100.3,0,1,7,2,0,1,0,50.15,0.0,City Hotel,March,Sunday,BB,IRL,Online TA,TA/TO,D,No Deposit,Transient,9.0,,0
80,2015,49,4,2,2,2,0,0,0,1,0,1,0,110.2,0,0,4,2,0,1,0,55.1,1.0,City Hotel,December,Friday,BB,PRT,Online TA,TA/TO,A,No Deposit,Transient,10.0,,1
72,2017,18,3,2,4,2,0,0,0,0,0,2,0,116.67,0,1,6,2,0,1,0,58.335,0.0,Resort Hotel,May,Wednesday,BB,SWE,Online TA,TA/TO,E,No Deposit,Transient,240.0,,0
0,2016,11,10,0,1,1,0,0,0,0,0,1,0,50.0,0,0,1,1,0,0,0,50.0,0.0,Resort Hotel,March,Thursday,BB,ESP,Direct,Direct,A,No Deposit,Transient,,,0
327,2015,37,9,2,4,2,0,0,0,0,0,0,0,88.0,0,1,6,2,0,1,0,44.0,0.0,City Hotel,September,Wednesday,HB,PRT,Offline TA/TO,TA/TO,A,No Deposit,Transient-Party,21.0,,0
213,2016,41,6,0,1,2,0,0,0,0,1,0,0,122.4,0,1,1,2,0,1,0,61.2,0.0,City Hotel,October,Thursday,BB,DEU,Online TA,TA/TO,D,No Deposit,Group,8.0,,0
294,2016,44,23,2,3,2,0,0,0,0,0,0,0,76.58,0,1,5,2,0,1,0,38.29,0.0,City Hotel,October,Sunday,BB,GBR,Online TA,TA/TO,D,No Deposit,Transient,7.0,,0
1,2016,49,29,0,1,2,0,1,0,0,0,1,0,48.0,0,1,1,3,1,1,0,16.0,0.0,Resort Hotel,November,Tuesday,BB,NZL,Online TA,TA/TO,A,No Deposit,Transient,240.0,,0
68,2016,13,24,1,3,2,0,0,0,0,0,1,0,61.8,1,1,4,2,0,1,0,30.9,0.0,Resort Hotel,March,Thursday,BB,GBR,Online TA,TA/TO,A,No Deposit,Transient,242.0,,0
4,2015,45,2,1,2,1,0,0,0,0,0,1,0,117.0,0,0,3,1,0,1,0,117.0,0.0,City Hotel,November,Monday,BB,NZL,Online TA,TA/TO,A,No Deposit,Transient,9.0,,0
6,2016,38,15,0,2,1,0,0,0,0,0,0,0,159.0,0,1,2,1,0,1,0,159.0,0.0,City Hotel,September,Thursday,BB,GBR,Online TA,TA/TO,A,No Deposit,Transient,9.0,,1
78,2017,2,13,0,2,2,0,0,0,0,0,0,0,54.27,0,1,2,2,0,1,0,27.135,0.0,Resort Hotel,January,Friday,BB,ESP,Direct,Direct,F,No Deposit,Transient,250.0,,1
188,2016,26,21,4,10,2,0,0,0,0,0,0,0,74.57,0,1,14,2,0,1,0,37.285,0.0,Resort Hotel,June,Tuesday,BB,NOR,Online TA,TA/TO,A,No Deposit,Transient,242.0,,0
17,2015,39,26,2,1,1,0,0,0,0,0,1,0,170.0,0,0,3,1,0,1,0,170.0,0.0,City Hotel,September,Saturday,BB,GBR,Groups,TA/TO,A,No Deposit,Transient-Party,1.0,,0
2,2016,21,16,1,0,2,0,0,0,0,0,0,0,89.0,0,1,1,2,0,1,0,44.5,0.0,City Hotel,May,Monday,SC,PRT,Online TA,TA/TO,A,No Deposit,Transient,9.0,,0
198,2015,40,3,1,1,2,0,0,0,0,0,0,0,60.0,0,1,2,2,0,1,0,30.0,0.0,City Hotel,October,Saturday,BB,FRA,Groups,TA/TO,A,No Deposit,Transient-Party,1.0,,0
173,2016,28,4,3,8,2,1,0,0,0,0,0,0,122.85,0,2,11,3,1,1,0,40.95,0.0,Resort Hotel,July,Monday,Undefined,PRT,Offline TA/TO,TA/TO,A,No Deposit,Transient,196.0,,0
12,2016,46,12,2,2,2,0,0,0,0,0,0,0,100.94,0,3,4,2,0,1,0,50.47,0.0,City Hotel,November,Saturday,BB,GBR,Online TA,TA/TO,A,No Deposit,Transient,9.0,,0
89,2015,53,30,1,4,1,0,0,0,0,0,0,0,109.2,0,0,5,1,0,0,0,109.2,0.0,Resort Hotel,December,Wednesday,HB,PRT,Direct,Direct,A,No Deposit,Transient,,,0
8,2016,46,7,1,3,2,0,0,0,0,0,0,0,120.47,0,1,4,2,0,1,0,60.235,0.0,City Hotel,November,Monday,BB,IND,Online TA,TA/TO,A,No Deposit,Transient,7.0,,0
100,2016,21,15,2,0,3,0,0,0,0,0,4,0,210.6,0,2,2,3,0,1,0,70.2,0.0,City Hotel,May,Sunday,HB,ESP,Online TA,TA/TO,D,No Deposit,Transient,9.0,,0
114,2017,33,17,0,3,2,0,0,0,0,0,1,0,125.0,0,3,3,2,0,1,0,62.5,0.0,City Hotel,August,Thursday,SC,GBR,Online TA,TA/TO,A,No Deposit,Transient,9.0,,0
6,2015,39,21,1,2,2,0,0,0,0,0,0,0,114.0,0,1,3,2,0,1,0,57.0,0.0,City Hotel,September,Monday,SC,PRT,Online TA,TA/TO,A,No Deposit,Contract,9.0,,0
215,2015,42,12,3,7,2,0,0,0,0,0,0,0,59.2,0,0,10,2,0,1,0,29.6,0.0,Resort Hotel,October,Monday,BB,GBR,Offline TA/TO,TA/TO,E,No Deposit,Transient,95.0,,0
32,2016,30,18,1,1,2,0,0,0,0,0,0,0,105.0,0,1,2,2,0,1,0,52.5,0.0,City Hotel,July,Monday,BB,FRA,Offline TA/TO,TA/TO,A,No Deposit,Transient-Party,39.0,,0
336,2016,38,15,1,3,2,0,0,0,0,0,1,0,73.5,1,0,4,2,0,0,1,36.75,0.0,Resort Hotel,September,Thursday,BB,GBR,Groups,Direct,A,No Deposit,Transient-Party,,223.0,0
64,2016,33,13,2,5,2,0,0,0,0,0,0,0,241.0,0,0,7,2,0,1,0,120.5,0.0,Resort Hotel,August,Saturday,HB,PRT,Online TA,TA/TO,D,No Deposit,Transient,240.0,,0
57,2017,33,19,2,5,2,0,0,0,0,0,0,0,283.43,0,4,7,2,0,1,0,141.715,0.0,Resort Hotel,August,Saturday,BB,ESP,Online TA,TA/TO,E,No Deposit,Transient-Party,240.0,,0
294,2016,26,21,0,5,2,0,0,0,0,0,0,0,64.8,0,1,5,2,0,1,0,32.4,0.0,Resort Hotel,June,Tuesday,BB,ITA,Online TA,TA/TO,A,No Deposit,Transient,240.0,,0
344,2015,39,26,2,1,2,0,0,0,1,0,0,0,170.0,0,0,3,2,0,1,0,85.0,1.0,City Hotel,September,Saturday,BB,PRT,Groups,TA/TO,A,Non Refund,Transient,1.0,,1
0,2016,40,30,1,2,1,0,0,0,0,0,3,0,131.0,0,0,3,1,0,0,1,131.0,0.0,City Hotel,September,Friday,BB,PRT,Corporate,Corporate,A,No Deposit,Transient,,331.0,0
13,2016,8,14,1,0,2,0,0,0,0,0,0,0,58.0,0,2,1,2,0,1,0,29.0,0.0,Resort Hotel,February,Sunday,BB,PRT,Online TA,TA/TO,A,No Deposit,Transient,240.0,,0
1,2015,39,23,0,1,2,0,0,0,0,0,0,0,152.0,0,0,1,2,0,1,0,76.0,0.0,City Hotel,September,Wednesday,SC,PRT,Online TA,TA/TO,A,No Deposit,Contract,9.0,,0
69,2017,23,8,0,2,3,0,0,0,0,0,0,0,188.5,0,0,2,3,0,1,0,62.833333333333336,0.0,City Hotel,June,Thursday,BB,FRA,Direct,Direct,D,No Deposit,Transient,14.0,,0
55,2016,9,24,0,2,2,0,0,0,0,0,0,0,56.0,0,0,2,2,0,1,0,28.0,0.0,City Hotel,February,Wednesday,BB,PRT,Offline TA/TO,TA/TO,A,No Deposit,Transient,85.0,,1
1,2017,3,21,0,1,2,0,1,0,0,0,1,0,80.0,0,2,1,3,1,1,0,26.666666666666668,0.0,Resort Hotel,January,Saturday,HB,ESP,Online TA,TA/TO,A,No Deposit,Transient,240.0,,0
7,2017,15,11,0,1,2,0,0,0,0,0,0,0,105.0,0,1,1,2,0,1,0,52.5,0.0,Resort Hotel,April,Tuesday,BB,PRT,Online TA,TA/TO,D,No Deposit,Transient-Party,240.0,,0
243,2017,31,4,0,1,2,0,0,0,0,0,1,0,112.5,0,1,1,2,0,1,0,56.25,0.0,City Hotel,August,Friday,BB,NLD,Online TA,TA/TO,A,No Deposit,Transient-Party,9.0,,0
4,2015,34,22,2,5,2,0,0,0,0,0,0,0,135.0,0,0,7,2,0,1,0,67.5,0.0,Resort Hotel,August,Saturday,HB,PRT,Offline TA/TO,TA/TO,A,No Deposit,Transient,196.0,,0
63,2016,24,8,0,3,3,0,0,0,0,0,0,0,159.3,0,0,3,3,0,1,0,53.1,0.0,City Hotel,June,Wednesday,BB,FRA,Online TA,TA/TO,D,No Deposit,Transient,9.0,,1
44,2017,25,19,2,5,2,0,0,0,0,0,0,0,112.91,0,1,7,2,0,1,0,56.455,0.0,City Hotel,June,Monday,BB,NOR,Online TA,TA/TO,A,No Deposit,Transient,7.0,,0
281,2017,30,29,2,1,3,1,0,0,0,0,0,0,261.0,0,2,3,4,1,1,0,65.25,0.0,Resort Hotel,July,Saturday,BB,BEL,Online TA,TA/TO,H,No Deposit,Transient,240.0,,0
171,2016,35,21,2,5,2,0,0,0,0,0,0,0,104.55,0,0,7,2,0,1,0,52.275,0.0,Resort Hotel,August,Sunday,BB,GBR,Offline TA/TO,TA/TO,D,No Deposit,Contract,243.0,,0
94,2015,33,15,2,3,2,0,0,0,0,0,0,0,233.0,0,0,5,2,0,1,0,116.5,0.0,Resort Hotel,August,Saturday,BB,PRT,Online TA,TA/TO,G,No Deposit,Transient,240.0,,0
170,2017,26,30,1,2,2,2,0,0,0,0,1,0,182.4,0,1,3,4,1,1,0,45.6,0.0,City Hotel,June,Friday,HB,POL,Online TA,TA/TO,F,No Deposit,Transient,9.0,,0
13,2017,19,9,0,3,2,0,0,0,0,0,1,0,160.0,0,0,3,2,0,1,0,80.0,0.0,City Hotel,May,Tuesday,BB,CHE,Direct,Direct,A,No Deposit,Transient,14.0,,0
13,2017,18,1,1,4,2,0,0,0,0,0,0,0,105.0,0,2,5,2,0,1,0,52.5,0.0,Resort Hotel,May,Monday,BB,ROU,Online TA,TA/TO,D,No Deposit,Transient,240.0,,1
241,2017,21,25,1,3,3,0,0,0,0,0,0,0,161.88,0,2,4,3,0,1,0,53.96,0.0,City Hotel,May,Thursday,BB,DEU,Online TA,TA/TO,D,No Deposit,Transient,9.0,,0
16,2016,16,16,0,1,2,0,0,0,0,0,1,0,84.0,0,0,1,2,0,1,0,42.0,0.0,Resort Hotel,April,Saturday,HB,ESP,Online TA,TA/TO,A,No Deposit,Transient,314.0,,0
45,2016,9,24,0,3,2,0,0,0,0,0,0,0,67.5,0,1,3,2,0,1,0,33.75,0.0,City Hotel,February,Wednesday,SC,NLD,Online TA,TA/TO,A,No Deposit,Transient,9.0,,1
2,2016,43,16,1,0,1,0,0,0,0,0,0,0,72.0,1,2,1,1,0,1,0,72.0,0.0,Resort Hotel,October,Sunday,BB,PRT,Online TA,TA/TO,A,No Deposit,Transient,240.0,,0
166,2016,28,6,0,4,2,0,0,0,0,0,0,0,90.95,0,1,4,2,0,1,0,45.475,0.0,City Hotel,July,Wednesday,BB,FRA,Online TA,TA/TO,A,No Deposit,Transient,9.0,,0
162,2016,33,13,2,5,2,2,0,0,0,0,1,0,189.0,0,1,7,4,1,1,0,47.25,0.0,Resort Hotel,August,Saturday,BB,IRL,Direct,Direct,C,No Deposit,Transient,250.0,,1
169,2017,31,31,1,3,2,0,0,0,0,0,0,0,212.0,0,3,4,2,0,1,0,106.0,0.0,Resort Hotel,July,Monday,HB,PRT,Online TA,TA/TO,D,No Deposit,Transient,240.0,,0
72,2017,1,7,2,5,2,0,0,0,0,0,0,0,46.64,0,0,7,2,0,1,0,23.32,0.0,Resort Hotel,January,Saturday,BB,GBR,Online TA,TA/TO,E,No Deposit,Transient-Party,314.0,,0
111,2016,15,4,1,3,2,0,0,0,0,0,0,0,82.45,0,1,4,2,0,1,0,41.225,0.0,City Hotel,April,Monday,BB,FRA,Online TA,TA/TO,A,No Deposit,Transient-Party,9.0,,0
362,2016,52,24,1,1,2,0,0,0,0,1,2,0,80.0,0,1,2,2,0,1,0,40.0,0.0,Resort Hotel,December,Saturday,HB,GBR,Offline TA/TO,TA/TO,E,No Deposit,Contract,57.0,,0
111,2016,34,16,0,2,2,0,0,0,0,0,0,0,72.25,0,0,2,2,0,1,0,36.125,0.0,City Hotel,August,Tuesday,BB,GBR,Offline TA/TO,TA/TO,A,No Deposit,Transient,42.0,,0
76,2015,28,7,0,3,2,0,0,0,0,0,0,0,76.5,0,1,3,2,0,1,0,38.25,0.0,City Hotel,July,Tuesday,BB,PRT,Online TA,TA/TO,A,No Deposit,Transient-Party,9.0,,1
327,2015,36,3,4,10,2,0,0,0,0,0,0,0,62.48,0,1,14,2,0,1,0,31.24,0.0,Resort Hotel,September,Thursday,BB,GBR,Offline TA/TO,TA/TO,D,No Deposit,Contract,40.0,,0
86,2017,22,2,1,2,2,0,0,0,0,0,0,0,127.0,0,0,3,2,0,1,0,63.5,0.0,Resort Hotel,June,Friday,BB,CN,Online TA,TA/TO,E,No Deposit,Transient,5.0,,0
8,2017,9,3,1,2,2,0,0,0,0,0,2,0,47.0,0,0,3,2,0,0,1,23.5,0.0,Resort Hotel,March,Friday,BB,BEL,Groups,Corporate,D,No Deposit,Transient-Party,,223.0,0
160,2016,38,13,0,2,2,0,0,0,0,0,0,0,115.0,0,1,2,2,0,1,0,57.5,0.0,City Hotel,September,Tuesday,HB,PRT,Offline TA/TO,TA/TO,A,No Deposit,Transient-Party,6.0,,1
2,2017,29,19,0,4,2,1,0,0,0,0,0,0,156.1,0,1,4,3,1,1,0,52.03333333333333,0.0,Resort Hotel,July,Wednesday,BB,ESP,Online TA,TA/TO,A,No Deposit,Transient,241.0,,0
184,2017,16,16,1,0,3,0,0,0,0,0,0,0,117.0,0,1,1,3,0,1,0,39.0,0.0,Resort Hotel,April,Sunday,BB,PRT,Online TA,TA/TO,G,No Deposit,Transient,242.0,,1
190,2016,37,8,0,3,2,0,0,0,0,0,4,0,165.6,0,0,3,2,0,1,0,82.8,0.0,City Hotel,September,Thursday,HB,FRA,Online TA,TA/TO,A,No Deposit,Transient,9.0,,1
5,2017,23,9,2,2,2,0,0,0,0,0,0,0,169.75,0,1,4,2,0,1,0,84.875,0.0,City Hotel,June,Friday,BB,FRA,Online TA,TA/TO,A,No Deposit,Transient,9.0,,0
20,2016,28,4,1,5,2,0,0,0,0,0,0,0,139.0,0,0,6,2,0,1,0,69.5,0.0,City Hotel,July,Monday,SC,ARE,Online TA,TA/TO,A,No Deposit,Transient,9.0,,1
17,2016,48,23,0,3,2,0,0,0,0,0,0,0,104.0,0,2,3,2,0,1,0,52.0,0.0,City Hotel,November,Wednesday,BB,GBR,Online TA,TA/TO,A,No Deposit,Transient,9.0,,0
119,2016,30,20,1,4,2,0,0,0,0,0,0,0,180.0,0,1,5,2,0,0,0,90.0,0.0,Resort Hotel,July,Wednesday,BB,PRT,Online TA,Direct,D,No Deposit,Transient,,,0
21,2016,40,29,0,1,2,0,0,0,0,0,0,0,99.33,0,1,1,2,0,1,0,49.665,0.0,City Hotel,September,Thursday,SC,BRA,Online TA,TA/TO,A,No Deposit,Transient,7.0,,0
101,2016,24,8,0,4,2,0,0,0,0,0,0,0,87.67,0,3,4,2,0,1,0,43.835,0.0,City Hotel,June,Wednesday,BB,DEU,Online TA,TA/TO,A,No Deposit,Transient,7.0,,0
11,2016,6,5,0,1,2,0,0,0,0,0,0,0,90.0,1,0,1,2,0,1,0,45.0,0.0,City Hotel,February,Friday,SC,CHN,Online TA,TA/TO,A,No Deposit,Transient,9.0,,0
151,2017,29,17,1,3,3,0,0,0,0,0,0,0,107.1,0,0,4,3,0,1,0,35.699999999999996,0.0,City Hotel,July,Monday,BB,DEU,Offline TA/TO,TA/TO,A,No Deposit,Transient,16.0,,0
196,2016,40,1,0,1,1,0,0,0,0,0,0,0,93.6,0,1,1,1,0,1,0,93.6,0.0,City Hotel,October,Saturday,SC,ESP,Online TA,TA/TO,A,No Deposit,Transient,8.0,,0
278,2016,50,9,1,2,2,0,0,0,0,0,0,0,78.3,0,3,3,2,0,1,0,39.15,0.0,City Hotel,December,Friday,BB,DEU,Online TA,TA/TO,A,No Deposit,Transient,9.0,,0
126,2015,34,18,1,5,2,2,0,0,0,0,0,0,121.5,0,3,6,4,1,1,0,30.375,0.0,Resort Hotel,August,Tuesday,BB,PRT,Offline TA/TO,TA/TO,C,No Deposit,Transient,5.0,,0
8,2017,7,14,0,1,2,0,0,0,0,0,0,0,88.0,0,1,1,2,0,1,0,44.0,0.0,City Hotel,February,Tuesday,SC,PRT,Online TA,TA/TO,A,No Deposit,Transient,9.0,,1
39,2016,7,13,0,1,2,0,0,0,0,0,0,0,58.0,1,0,1,2,0,1,0,29.0,0.0,Resort Hotel,February,Saturday,BB,ESP,Online TA,TA/TO,A,No Deposit,Transient,240.0,,0
111,2017,17,28,2,2,2,0,0,0,0,0,0,0,97.5,0,1,4,2,0,1,0,48.75,0.0,Resort Hotel,April,Friday,BB,GBR,Online TA,TA/TO,D,No Deposit,Transient,242.0,,0
88,2017,9,1,0,3,1,0,0,0,0,0,0,0,97.2,0,0,3,1,0,1,0,97.2,0.0,City Hotel,March,Wednesday,BB,PRT,Online TA,TA/TO,A,No Deposit,Transient,9.0,,1
60,2016,14,29,0,1,3,0,0,0,0,0,0,0,123.3,0,1,1,3,0,1,0,41.1,0.0,City Hotel,March,Tuesday,BB,GBR,Online TA,TA/TO,D,No Deposit,Transient,9.0,,1
64,2015,40,29,0,5,1,0,0,0,0,0,0,0,48.78,0,1,5,1,0,1,0,48.78,0.0,Resort Hotel,September,Tuesday,BB,PRT,Online TA,TA/TO,A,No Deposit,Transient,240.0,,1
50,2017,8,24,2,2,2,2,0,0,0,0,0,0,136.0,0,0,4,4,1,1,0,34.0,0.0,Resort Hotel,February,Friday,HB,PRT,Online TA,TA/TO,G,No Deposit,Transient,240.0,,1
1,2016,12,18,0,1,1,0,0,0,0,0,0,0,65.0,0,0,1,1,0,1,0,65.0,0.0,Resort Hotel,March,Friday,BB,NLD,Direct,Direct,E,No Deposit,Transient,250.0,,0
0,2016,8,20,1,1,2,0,0,0,0,0,1,0,90.0,0,1,2,2,0,1,0,45.0,0.0,Resort Hotel,February,Saturday,HB,ESP,Online TA,TA/TO,D,No Deposit,Transient,240.0,,0
11,2017,24,11,2,1,2,0,0,0,0,0,0,0,99.0,0,0,3,2,0,1,0,49.5,0.0,City Hotel,June,Sunday,BB,GBR,Offline TA/TO,TA/TO,A,No Deposit,Transient,262.0,,0
191,2017,8,23,4,10,2,0,0,0,0,0,0,0,52.0,1,1,14,2,0,1,0,26.0,0.0,Resort Hotel,February,Thursday,BB,CN,Offline TA/TO,TA/TO,E,No Deposit,Transient,96.0,,0
134,2016,33,12,1,2,3,0,0,0,0,0,0,0,146.7,0,1,3,3,0,1,0,48.9,0.0,City Hotel,August,Friday,BB,BEL,Online TA,TA/TO,D,No Deposit,Transient,9.0,,0
1,2017,9,26,2,0,2,0,0,1,0,6,3,0,63.5,1,2,2,2,0,0,0,31.75,0.0,Resort Hotel,February,Sunday,BB,PRT,Direct,Direct,A,No Deposit,Transient,,,0
11,2015,32,7,0,1,2,0,0,0,0,0,0,0,75.0,0,1,1,2,0,1,0,37.5,0.0,City Hotel,August,Friday,BB,PRT,Online TA,TA/TO,A,No Deposit,Transient-Party,15.0,,0
71,2017,4,26,1,3,2,0,0,0,0,0,0,0,96.9,0,2,4,2,0,1,0,48.45,0.0,City Hotel,January,Thursday,BB,FRA,Online TA,TA/TO,D,No Deposit,Transient,9.0,,0
34,2015,43,18,2,3,3,0,0,0,0,0,1,0,73.08,0,1,5,3,0,1,0,24.36,0.0,Resort Hotel,October,Sunday,BB,NZL,Online TA,TA/TO,G,No Deposit,Transient,241.0,,0
138,2017,2,13,2,2,2,0,0,0,0,0,1,0,77.86,0,0,4,2,0,1,0,38.93,0.0,City Hotel,January,Friday,BB,BEL,Online TA,TA/TO,B,No Deposit,Transient,9.0,,0
152,2017,14,5,1,4,2,0,0,0,0,0,5,0,67.0,1,0,5,2,0,0,1,33.5,0.0,Resort Hotel,April,Wednesday,BB,GBR,Groups,TA/TO,D,No Deposit,Transient-Party,,223.0,0
3,2016,12,17,0,1,1,0,0,0,0,0,0,0,36.0,0,0,1,1,0,1,0,36.0,0.0,Resort Hotel,March,Thursday,BB,PRT,Direct,Direct,A,No Deposit,Transient-Party,126.0,,0
5,2015,39,20,2,0,1,0,0,0,0,0,0,0,92.4,0,1,2,1,0,1,0,92.4,0.0,City Hotel,September,Sunday,BB,PRT,Online TA,TA/TO,A,No Deposit,Transient,7.0,,0
9,2016,15,7,0,2,1,0,0,0,0,0,0,0,95.0,0,0,2,1,0,1,0,95.0,0.0,City Hotel,April,Thursday,BB,CHN,Online TA,TA/TO,A,No Deposit,Transient,9.0,,1
119,2015,52,21,2,5,2,0,0,0,0,0,0,0,24.95,0,1,7,2,0,1,0,12.475,0.0,Resort Hotel,December,Monday,BB,PRT,Online TA,TA/TO,A,No Deposit,Transient,241.0,,0
27,2017,25,24,1,1,2,0,0,0,0,0,1,0,160.0,0,1,2,2,0,1,0,80.0,0.0,Resort Hotel,June,Saturday,BB,PRT,Direct,Direct,D,No Deposit,Transient,250.0,,0
41,2016,21,17,0,3,2,0,0,0,0,0,0,0,143.4,0,1,3,2,0,1,0,71.7,0.0,City Hotel,May,Tuesday,BB,BEL,Online TA,TA/TO,D,No Deposit,Transient,9.0,,0
45,2015,30,19,2,3,1,0,0,0,0,0,0,0,84.12,0,0,5,1,0,1,0,84.12,0.0,Resort Hotel,July,Sunday,BB,ITA,Online TA,TA/TO,A,No Deposit,Transient,241.0,,0
0,2017,2,11,0,1,1,0,0,0,0,0,0,0,43.0,0,0,1,1,0,1,0,43.0,0.0,Resort Hotel,January,Wednesday,BB,PRT,Online TA,TA/TO,A,No Deposit,Transient,240.0,,0
19,2016,53,29,0,2,2,0,1,0,0,1,0,0,0.0,0,2,2,3,1,0,0,0.0,0.0,City Hotel,December,Thursday,BB,PRT,Complementary,Direct,F,No Deposit,Transient,,,0
12,2016,4,22,0,2,2,0,0,0,0,0,0,0,75.0,0,0,2,2,0,1,0,37.5,0.0,City Hotel,January,Friday,SC,ITA,Online TA,TA/TO,A,No Deposit,Transient,9.0,,1
181,2016,42,11,0,2,1,0,0,0,0,0,0,0,120.0,0,0,2,1,0,1,0,120.0,0.0,City Hotel,October,Tuesday,BB,FRA,Offline TA/TO,TA/TO,A,No Deposit,Transient-Party,234.0,,0
236,2017,23,10,4,7,2,0,0,0,0,0,1,0,115.68,0,0,11,2,0,1,0,57.84,0.0,Resort Hotel,June,Saturday,HB,DEU,Online TA,TA/TO,E,No Deposit,Transient-Party,314.0,,0
198,2017,1,1,1,0,1,0,0,0,0,0,4,0,0.0,0,0,1,1,0,0,1,0.0,0.0,Resort Hotel,January,Sunday,HB,PRT,Groups,TA/TO,A,No Deposit,Transient-Party,,308.0,0
27,2017,25,23,1,2,2,0,0,0,0,0,0,0,155.0,0,1,3,2,0,1,0,77.5,0.0,Resort Hotel,June,Friday,BB,PRT,Online TA,TA/TO,D,No Deposit,Transient,240.0,,0
62,2017,35,30,2,5,2,0,0,0,0,0,0,0,175.71,0,0,7,2,0,1,0,87.855,0.0,Resort Hotel,August,Wednesday,BB,IRL,Online TA,TA/TO,A,No Deposit,Transient,240.0,,1
16,2015,39,25,2,2,1,0,0,0,0,0,0,0,170.0,0,0,4,1,0,1,0,170.0,0.0,City Hotel,September,Friday,BB,BEL,Groups,TA/TO,A,No Deposit,Transient-Party,1.0,,0
4,2017,8,20,1,0,1,0,0,0,0,0,0,0,38.7,0,0,1,1,0,1,0,38.7,0.0,Resort Hotel,February,Monday,BB,GBR,Online TA,TA/TO,A,No Deposit,Transient,184.0,,0
285,2016,41,3,1,3,2,0,0,0,0,0,0,24,100.0,0,0,4,2,0,1,0,50.0,0.0,City Hotel,October,Monday,BB,PRT,Offline TA/TO,TA/TO,A,Non Refund,Transient,31.0,,1
259,2017,23,6,2,5,2,0,0,0,0,0,0,0,97.4,0,0,7,2,0,1,0,48.7,0.0,Resort Hotel,June,Tuesday,HB,IRL,Offline TA/TO,TA/TO,D,No Deposit,Transient,6.0,,0
82,2017,5,29,2,5,2,0,0,0,0,0,0,0,72.0,0,0,7,2,0,1,0,36.0,0.0,Resort Hotel,January,Sunday,HB,FRA,Online TA,TA/TO,A,No Deposit,Transient,240.0,,1
209,2016,27,2,2,4,2,0,0,0,0,0,0,0,72.75,0,1,6,2,0,1,0,36.375,0.0,City Hotel,July,Saturday,BB,AUT,Online TA,TA/TO,D,No Deposit,Transient,7.0,,0
87,2015,38,18,1,2,2,0,0,0,0,0,0,0,89.25,0,1,3,2,0,1,0,44.625,0.0,City Hotel,September,Friday,BB,PRT,Online TA,TA/TO,A,No Deposit,Transient-Party,9.0,,0
133,2016,34,16,2,5,2,0,0,0,0,0,2,0,211.0,1,2,7,2,0,1,0,105.5,0.0,Resort Hotel,August,Tuesday,BB,PRT,Direct,Direct,D,No Deposit,Transient,250.0,,0
336,2017,25,22,2,5,2,0,0,0,0,0,0,0,88.2,0,1,7,2,0,1,0,44.1,0.0,Resort Hotel,June,Thursday,BB,GBR,Online TA,TA/TO,D,No Deposit,Transient,240.0,,1
28,2015,48,28,0,0,2,0,0,0,0,0,0,0,0.0,0,1,0,2,0,1,0,0.0,0.0,Resort Hotel,November,Saturday,BB,PRT,Online TA,TA/TO,A,No Deposit,Transient,240.0,,0
155,2017,14,8,2,2,2,1,0,0,0,0,0,0,111.25,0,0,4,3,1,1,0,37.083333333333336,0.0,City Hotel,April,Saturday,BB,GRC,Direct,Direct,A,No Deposit,Transient,14.0,,0
209,2016,36,29,1,3,2,0,0,0,0,0,0,0,93.0,1,0,4,2,0,1,0,46.5,0.0,Resort Hotel,August,Monday,BB,PRT,Offline TA/TO,TA/TO,A,No Deposit,Transient,314.0,,0
112,2015,28,6,3,7,2,0,0,0,0,0,0,0,120.6,0,1,10,2,0,1,0,60.3,0.0,Resort Hotel,July,Monday,BB,GBR,Offline TA/TO,TA/TO,A,No Deposit,Transient,242.0,,0
232,2016,49,1,0,3,2,0,0,0,0,0,0,0,91.8,0,2,3,2,0,1,0,45.9,0.0,City Hotel,December,Thursday,BB,GBR,Online TA,TA/TO,D,No Deposit,Transient,9.0,,0
110,2017,17,26,1,4,2,0,0,0,0,0,0,0,190.8,0,0,5,2,0,1,0,95.4,0.0,City Hotel,April,Wednesday,BB,NOR,Online TA,TA/TO,F,No Deposit,Transient,9.0,,1
115,2017,20,18,0,3,2,0,0,0,0,0,0,0,190.0,0,0,3,2,0,1,0,95.0,0.0,City Hotel,May,Thursday,BB,PRT,Offline TA/TO,TA/TO,A,Non Refund,Transient,170.0,,1
9,2016,39,18,1,0,1,0,0,0,0,0,0,0,96.0,0,0,1,1,0,1,0,96.0,0.0,Resort Hotel,September,Sunday,BB,GBR,Groups,Corporate,E,No Deposit,Transient-Party,223.0,,0
75,2015,44,31,2,2,2,0,0,0,0,0,0,0,76.5,0,1,4,2,0,1,0,38.25,0.0,City Hotel,October,Saturday,BB,PRT,Online TA,TA/TO,A,No Deposit,Contract,9.0,,1
25,2015,38,19,2,4,2,0,0,0,0,0,0,0,118.15,0,1,6,2,0,1,0,59.075,0.0,City Hotel,September,Saturday,BB,PRT,Online TA,TA/TO,D,No Deposit,Transient,8.0,,0
59,2015,52,24,0,3,2,0,0,0,0,0,1,0,45.0,0,1,3,2,0,0,0,22.5,0.0,Resort Hotel,December,Thursday,BB,PRT,Direct,Direct,A,No Deposit,Transient-Party,,,0
0,2015,51,15,0,2,1,0,0,0,0,0,0,0,75.0,0,0,2,1,0,0,0,75.0,0.0,City Hotel,December,Tuesday,BB,ESP,Direct,Direct,A,No Deposit,Transient,,,0
1,2017,8,24,0,1,2,0,0,0,0,0,0,0,88.0,0,2,1,2,0,0,0,44.0,0.0,City Hotel,February,Friday,BB,PRT,Direct,Direct,A,No Deposit,Transient,,,1
100,2016,27,27,1,4,2,0,0,0,0,0,3,0,134.4,1,0,5,2,0,1,0,67.2,0.0,City Hotel,June,Monday,BB,BEL,Direct,Direct,D,No Deposit,Transient,14.0,,0
0,2015,48,24,0,1,2,0,0,0,0,0,0,0,43.0,1,0,1,2,0,0,0,21.5,0.0,Resort Hotel,November,Tuesday,BB,PRT,Direct,Direct,A,No Deposit,Transient,,,0
110,2015,52,24,2,7,1,0,0,0,0,0,0,0,35.64,0,0,9,1,0,1,0,35.64,0.0,Resort Hotel,December,Thursday,BB,PRT,Online TA,TA/TO,A,No Deposit,Transient,240.0,,1
137,2016,33,8,1,3,3,0,0,0,0,0,0,0,198.0,0,0,4,3,0,1,0,66.0,0.0,City Hotel,August,Monday,HB,ESP,Online TA,TA/TO,D,No Deposit,Transient,9.0,,1
8,2017,5,2,4,8,2,1,0,0,0,0,0,0,108.8,0,1,12,3,1,1,0,36.266666666666666,0.0,City Hotel,February,Thursday,BB,AGO,Online TA,TA/TO,A,No Deposit,Transient,9.0,,1
13,2015,40,28,1,0,2,0,0,0,0,0,0,0,56.98,0,1,1,2,0,1,0,28.49,0.0,Resort Hotel,September,Monday,BB,ITA,Online TA,TA/TO,A,No Deposit,Transient,241.0,,0
44,2016,13,20,2,3,2,0,0,0,0,0,0,0,107.5,0,1,5,2,0,1,0,53.75,0.0,City Hotel,March,Sunday,BB,GBR,Online TA,TA/TO,D,No Deposit,Transient,9.0,,0
172,2017,21,27,2,1,2,0,0,0,0,0,0,0,108.0,0,0,3,2,0,1,0,54.0,0.0,City Hotel,May,Saturday,BB,FRA,Direct,Direct,A,No Deposit,Transient,14.0,,0
36,2017,32,8,0,2,2,2,0,0,0,0,0,0,250.0,0,0,2,4,1,1,0,62.5,0.0,City Hotel,August,Tuesday,BB,FRA,Online TA,TA/TO,F,No Deposit,Transient,9.0,,1
61,2015,44,27,2,5,2,1,0,0,0,0,0,0,49.01,0,1,7,3,1,1,0,16.336666666666666,0.0,Resort Hotel,October,Tuesday,BB,PRT,Offline TA/TO,TA/TO,A,No Deposit,Transient,156.0,,0
383,2016,41,6,0,3,1,0,0,0,0,0,1,0,44.0,0,0,3,1,0,1,0,44.0,0.0,Resort Hotel,October,Thursday,BB,GBR,Groups,TA/TO,A,No Deposit,Transient-Party,315.0,,0
77,2016,18,25,1,1,2,1,0,0,0,0,4,0,112.5,0,2,2,3,1,1,0,37.5,0.0,City Hotel,April,Monday,BB,USA,Online TA,TA/TO,A,No Deposit,Transient-Party,9.0,,0
4,2016,18,30,0,1,1,2,0,0,0,0,0,0,95.0,0,3,1,3,1,0,0,31.666666666666668,0.0,Resort Hotel,April,Saturday,BB,PRT,Direct,Direct,D,No Deposit,Transient,,,0
19,2017,18,3,0,1,2,0,0,0,0,0,0,0,120.0,0,1,1,2,0,1,0,60.0,0.0,City Hotel,May,Wednesday,SC,GBR,Online TA,TA/TO,A,No Deposit,Transient,9.0,,1
14,2016,12,13,2,0,2,0,0,0,0,0,0,0,97.0,0,0,2,2,0,1,0,48.5,0.0,City Hotel,March,Sunday,SC,FRA,Online TA,TA/TO,A,No Deposit,Transient,9.0,,0
312,2017,21,27,2,5,2,0,0,0,0,0,1,0,59.79,0,1,7,2,0,1,0,29.895,0.0,Resort Hotel,May,Saturday,BB,GBR,Online TA,TA/TO,A,No Deposit,Transient,240.0,,1
1,2017,1,4,0,1,2,0,0,1,1,11,0,0,89.0,1,2,1,2,0,0,1,44.5,0.0833333333333333,City Hotel,January,Wednesday,BB,PRT,Corporate,Corporate,A,No Deposit,Transient,,219.0,0
4,2016,18,30,0,1,2,0,0,0,0,0,0,0,95.0,1,1,1,2,0,0,0,47.5,0.0,Resort Hotel,April,Saturday,BB,PRT,Direct,Direct,F,No Deposit,Transient,,,0
151,2017,21,23,0,4,2,0,0,0,0,0,0,0,162.0,0,4,4,2,0,1,0,81.0,0.0,City Hotel,May,Tuesday,BB,FRA,Online TA,TA/TO,E,No Deposit,Transient,9.0,,0
54,2017,10,5,2,2,2,0,0,0,0,0,0,0,67.15,0,1,4,2,0,1,0,33.575,0.0,City Hotel,March,Sunday,BB,FRA,Online TA,TA/TO,A,No Deposit,Transient,7.0,,0
210,2016,33,7,2,3,2,0,0,0,0,0,0,0,90.95,0,1,5,2,0,1,0,45.475,0.0,City Hotel,August,Sunday,BB,BEL,Online TA,TA/TO,A,No Deposit,Transient-Party,9.0,,0
5,2017,33,16,0,1,1,0,0,1,0,1,0,0,67.0,1,2,1,1,0,0,1,67.0,0.0,City Hotel,August,Wednesday,BB,PRT,Corporate,Corporate,A,No Deposit,Transient,,40.0,0
127,2017,9,3,1,2,2,0,0,0,0,0,0,0,93.6,0,2,3,2,0,1,0,46.8,0.0,City Hotel,March,Friday,BB,DNK,Online TA,TA/TO,A,No Deposit,Transient,9.0,,1
33,2016,7,10,0,2,1,0,0,0,0,0,0,0,69.5,0,0,2,1,0,1,0,69.5,0.0,City Hotel,February,Wednesday,BB,PRT,Direct,Direct,A,No Deposit,Transient,14.0,,0
25,2017,11,13,1,2,2,0,0,0,0,0,0,0,81.44,0,0,3,2,0,1,0,40.72,0.0,City Hotel,March,Monday,BB,FRA,Online TA,TA/TO,A,No Deposit,Transient,7.0,,0
121,2016,47,16,2,4,2,0,0,0,0,0,0,0,65.45,0,1,6,2,0,1,0,32.725,0.0,City Hotel,November,Wednesday,BB,BRA,Online TA,TA/TO,A,No Deposit,Transient,7.0,,0
176,2016,13,20,2,4,1,0,0,0,0,0,0,0,61.52,0,0,6,1,0,1,0,61.52,0.0,City Hotel,March,Sunday,BB,NOR,Online TA,TA/TO,A,No Deposit,Group,7.0,,0
1,2016,42,11,0,2,2,0,0,0,0,0,2,0,140.0,0,0,2,2,0,1,0,70.0,0.0,City Hotel,October,Tuesday,SC,BEL,Online TA,TA/TO,A,No Deposit,Transient,9.0,,0
4,2016,9,26,0,2,2,0,0,0,0,0,1,0,87.0,0,1,2,2,0,1,0,43.5,0.0,City Hotel,February,Friday,BB,PRT,Online TA,TA/TO,A,No Deposit,Transient,9.0,,0
114,2016,29,14,0,3,3,0,0,0,0,0,0,0,189.0,0,0,3,3,0,1,0,63.0,0.0,City Hotel,July,Thursday,HB,FRA,Online TA,TA/TO,D,No Deposit,Transient,9.0,,1
164,2016,40,30,2,2,2,0,0,0,0,0,0,0,126.9,0,1,4,2,0,1,0,63.45,0.0,City Hotel,September,Friday,BB,BEL,Online TA,TA/TO,D,No Deposit,Transient,9.0,,0
116,2017,21,27,2,2,2,0,0,0,0,0,1,0,40.95,0,0,4,2,0,1,0,20.475,0.0,Resort Hotel,May,Saturday,BB,CN,Offline TA/TO,TA/TO,A,No Deposit,Transient,410.0,,0
5,2016,21,15,2,1,2,0,0,0,0,0,0,1,125.0,0,0,3,2,0,1,0,62.5,0.0,City Hotel,May,Sunday,HB,FRA,Offline TA/TO,TA/TO,A,No Deposit,Transient,28.0,,0
52,2016,11,6,3,5,2,0,0,0,0,0,0,0,28.1,0,0,8,2,0,1,0,14.05,0.0,Resort Hotel,March,Sunday,BB,GBR,Offline TA/TO,TA/TO,A,No Deposit,Transient,8.0,,0
43,2016,22,24,0,2,2,0,0,0,0,0,0,0,126.9,0,1,2,2,0,1,0,63.45,0.0,City Hotel,May,Tuesday,BB,GBR,Online TA,TA/TO,A,No Deposit,Transient,8.0,,0
18,2017,17,23,1,0,1,0,0,0,0,0,0,0,102.6,0,0,1,1,0,0,0,102.6,0.0,City Hotel,April,Sunday,BB,PRT,Direct,Direct,A,Non Refund,Transient,,,1
249,2016,53,27,0,5,3,0,0,0,0,0,1,0,184.65,0,0,5,3,0,1,0,61.55,0.0,City Hotel,December,Tuesday,BB,FRA,Offline TA/TO,TA/TO,A,No Deposit,Transient,22.0,,0
87,2017,16,16,2,2,1,0,0,0,0,0,0,0,117.0,0,0,4,1,0,1,0,117.0,0.0,City Hotel,April,Sunday,BB,GBR,Online TA,TA/TO,A,No Deposit,Transient,9.0,,1
34,2015,35,28,0,2,2,0,1,0,0,0,0,0,120.6,0,3,2,3,1,1,0,40.2,0.0,Resort Hotel,August,Friday,BB,PRT,Online TA,TA/TO,A,No Deposit,Transient,240.0,,0
24,2016,34,14,2,0,3,0,1,0,0,0,1,0,299.0,0,0,2,4,1,1,0,74.75,0.0,Resort Hotel,August,Sunday,BB,CN,Online TA,TA/TO,G,No Deposit,Transient,242.0,,0
61,2015,34,19,0,4,2,0,0,0,0,0,0,0,168.25,0,0,4,2,0,1,0,84.125,0.0,Resort Hotel,August,Wednesday,BB,ESP,Online TA,TA/TO,D,No Deposit,Transient,240.0,,0
47,2017,24,12,1,2,2,0,0,0,0,0,0,0,213.0,1,0,3,2,0,1,0,106.5,0.0,City Hotel,June,Monday,BB,DEU,Direct,Direct,E,No Deposit,Transient,14.0,,0
108,2016,32,2,0,3,3,0,0,0,0,0,0,0,253.0,0,0,3,3,0,1,0,84.33333333333333,0.0,City Hotel,August,Tuesday,BB,CN,Direct,Direct,G,No Deposit,Transient,14.0,,0
148,2016,47,16,0,4,2,0,0,0,0,0,0,0,74.8,0,0,4,2,0,1,0,37.4,0.0,City Hotel,November,Wednesday,SC,ITA,Online TA,TA/TO,A,No Deposit,Transient,9.0,,1
246,2017,29,18,0,1,2,0,0,0,0,0,0,0,82.47,0,1,1,2,0,1,0,41.235,0.0,City Hotel,July,Tuesday,BB,GBR,Online TA,TA/TO,A,No Deposit,Transient,7.0,,0
43,2017,29,18,1,5,2,1,0,0,0,0,0,0,255.0,0,0,6,3,1,1,0,85.0,0.0,Resort Hotel,July,Tuesday,HB,PRT,Online TA,TA/TO,A,No Deposit,Transient,196.0,,1
147,2016,40,25,2,2,2,0,0,0,0,0,0,0,129.6,0,2,4,2,0,1,0,64.8,0.0,City Hotel,September,Sunday,BB,CN,Online TA,TA/TO,A,No Deposit,Transient,8.0,,0
78,2016,13,25,1,2,2,0,0,0,0,0,0,0,105.3,0,0,3,2,0,1,0,52.65,0.0,City Hotel,March,Friday,BB,ITA,Online TA,TA/TO,D,No Deposit,Transient,9.0,,1
94,2016,23,3,1,2,2,0,0,0,0,0,0,0,137.4,0,0,3,2,0,1,0,68.7,0.0,City Hotel,June,Friday,BB,FRA,Online TA,TA/TO,D,No Deposit,Transient,9.0,,1
15,2016,6,5,0,2,2,0,0,0,0,0,0,0,53.0,0,1,2,2,0,1,0,26.5,0.0,Resort Hotel,February,Friday,BB,PRT,Online TA,TA/TO,A,No Deposit,Transient,240.0,,0
171,2017,16,21,2,7,2,0,0,0,0,0,0,0,70.0,0,1,9,2,0,1,0,35.0,0.0,Resort Hotel,April,Friday,BB,IRL,Online TA,TA/TO,A,No Deposit,Transient,240.0,,1
134,2016,28,4,1,1,2,0,0,0,0,0,0,0,109.8,1,0,2,2,0,1,0,54.9,0.0,City Hotel,July,Monday,BB,GBR,Online TA,TA/TO,A,No Deposit,Transient,9.0,,0
70,2017,35,28,4,10,3,0,0,0,0,0,0,0,200.29,0,1,14,3,0,1,0,66.76333333333334,0.0,City Hotel,August,Monday,BB,MOZ,Online TA,TA/TO,D,No Deposit,Transient,9.0,,1
32,2017,8,25,2,1,2,0,0,0,0,0,1,0,48.0,0,2,3,2,0,1,0,24.0,0.0,Resort Hotel,February,Saturday,BB,PRT,Online TA,TA/TO,A,No Deposit,Transient-Party,240.0,,0
219,2017,17,29,1,1,2,0,0,0,0,0,0,0,130.5,0,1,2,2,0,1,0,65.25,0.0,City Hotel,April,Saturday,BB,ROU,Online TA,TA/TO,D,No Deposit,Transient,9.0,,0
51,2015,32,7,2,5,2,0,0,0,0,0,0,0,166.5,0,1,7,2,0,1,0,83.25,0.0,Resort Hotel,August,Friday,HB,PRT,Online TA,TA/TO,A,No Deposit,Transient,240.0,,0
5,2017,10,7,0,2,1,0,0,0,0,0,1,0,90.0,0,1,2,1,0,1,0,90.0,0.0,City Hotel,March,Tuesday,BB,ESP,Offline TA/TO,TA/TO,D,No Deposit,Transient,85.0,,0
36,2015,45,7,2,6,1,0,0,0,0,0,1,0,36.0,0,0,8,1,0,1,1,36.0,0.0,Resort Hotel,November,Saturday,BB,DEU,Corporate,Corporate,A,No Deposit,Transient-Party,185.0,281.0,0
34,2016,16,11,1,3,2,0,0,0,0,0,0,0,60.3,0,0,4,2,0,1,0,30.15,0.0,Resort Hotel,April,Monday,BB,NLD,Offline TA/TO,TA/TO,E,No Deposit,Transient,128.0,,0
15,2017,30,29,2,5,3,0,0,0,0,0,0,0,222.57,0,0,7,3,0,1,0,74.19,0.0,City Hotel,July,Saturday,BB,CN,Online TA,TA/TO,D,No Deposit,Transient,9.0,,1
73,2017,32,9,0,1,2,2,0,0,0,0,0,0,240.0,0,0,1,4,1,1,0,60.0,0.0,City Hotel,August,Wednesday,BB,NLD,Online TA,TA/TO,F,No Deposit,Transient,9.0,,1
220,2017,15,12,0,1,2,0,0,0,0,0,0,0,96.3,0,0,1,2,0,1,0,48.15,0.0,Resort Hotel,April,Wednesday,HB,ESP,Online TA,TA/TO,D,No Deposit,Transient,240.0,,1
43,2015,27,3,0,2,1,0,0,0,0,0,0,0,63.0,0,0,2,1,0,1,0,63.0,0.0,City Hotel,July,Friday,HB,PRT,Groups,TA/TO,A,No Deposit,Transient-Party,1.0,,1
42,2015,53,28,1,1,2,0,0,0,0,0,0,0,100.5,1,0,2,2,0,1,0,50.25,0.0,City Hotel,December,Monday,BB,PRT,Online TA,TA/TO,B,No Deposit,Contract,9.0,,0
24,2017,6,10,1,2,2,0,0,0,0,0,0,0,94.4,0,0,3,2,0,1,0,47.2,0.0,City Hotel,February,Friday,BB,PRT,Online TA,TA/TO,D,No Deposit,Transient,7.0,,1
95,2015,49,5,0,1,2,0,0,0,0,0,0,0,72.25,0,2,1,2,0,1,0,36.125,0.0,City Hotel,December,Saturday,BB,PRT,Online TA,TA/TO,A,No Deposit,Contract,9.0,,0
12,2016,21,18,0,1,1,0,0,0,0,0,0,0,40.0,0,0,1,1,0,1,0,40.0,0.0,Resort Hotel,May,Wednesday,BB,PRT,Offline TA/TO,TA/TO,A,No Deposit,Transient,8.0,,0
6,2015,43,20,0,3,1,0,0,0,0,0,0,0,120.0,0,1,3,1,0,1,0,120.0,0.0,City Hotel,October,Tuesday,BB,GBR,Online TA,TA/TO,A,No Deposit,Contract,9.0,,0
386,2016,31,28,0,2,2,0,0,0,0,0,0,0,62.0,0,0,2,2,0,1,0,31.0,0.0,City Hotel,July,Thursday,BB,PRT,Groups,TA/TO,A,Non Refund,Transient,1.0,,1
256,2017,32,10,1,3,2,1,1,0,0,0,1,0,258.0,0,2,4,4,1,1,0,64.5,0.0,Resort Hotel,August,Thursday,BB,FRA,Online TA,TA/TO,G,No Deposit,Transient,240.0,,0
23,2017,28,11,0,2,2,1,0,0,0,0,0,0,160.0,0,1,2,3,1,1,0,53.333333333333336,0.0,City Hotel,July,Tuesday,BB,ESP,Online TA,TA/TO,A,No Deposit,Transient,9.0,,0
135,2016,53,30,1,2,2,0,0,0,0,0,0,0,73.5,0,0,3,2,0,1,0,36.75,0.0,Resort Hotel,December,Friday,BB,PRT,Online TA,TA/TO,A,No Deposit,Transient,240.0,,1
94,2017,30,27,0,1,2,2,0,0,0,0,0,0,235.0,0,0,1,4,1,1,0,58.75,0.0,City Hotel,July,Thursday,BB,NLD,Online TA,TA/TO,F,No Deposit,Transient,9.0,,1
17,2016,26,23,0,1,2,0,0,0,0,0,0,0,89.0,0,0,1,2,0,1,0,44.5,0.0,City Hotel,June,Thursday,SC,GBR,Online TA,TA/TO,A,No Deposit,Transient,9.0,,1
168,2015,37,11,1,2,2,0,0,0,0,0,1,0,56.67,0,0,3,2,0,1,0,28.335,0.0,City Hotel,September,Friday,BB,PRT,Groups,TA/TO,A,No Deposit,Transient-Party,1.0,,0
50,2016,49,3,2,3,2,2,0,0,0,0,0,0,156.9,1,1,5,4,1,1,0,39.225,0.0,City Hotel,December,Saturday,BB,ESP,Online TA,TA/TO,F,No Deposit,Transient,9.0,,0
1,2016,6,3,0,4,2,1,0,0,0,0,0,0,111.0,0,2,4,3,1,1,0,37.0,0.0,City Hotel,February,Wednesday,BB,ITA,Online TA,TA/TO,A,No Deposit,Transient,9.0,,0
144,2016,25,18,2,2,2,0,0,0,0,0,0,0,104.76,0,0,4,2,0,1,0,52.38,0.0,City Hotel,June,Saturday,BB,FRA,Direct,Direct,A,No Deposit,Transient,14.0,,0
52,2017,6,9,2,5,2,0,0,0,0,0,0,0,74.8,0,1,7,2,0,1,0,37.4,0.0,City Hotel,February,Thursday,SC,CHE,Online TA,TA/TO,A,No Deposit,Transient,8.0,,0
165,2017,20,15,1,3,2,0,1,0,0,0,0,0,185.0,0,2,4,3,1,1,0,61.666666666666664,0.0,City Hotel,May,Monday,HB,FRA,Direct,Direct,D,No Deposit,Transient,14.0,,0
478,2017,32,8,0,4,1,0,0,0,0,0,2,0,88.5,0,0,4,1,0,1,0,88.5,0.0,City Hotel,August,Tuesday,BB,PRT,Offline TA/TO,TA/TO,A,No Deposit,Transient-Party,229.0,,1
119,2016,27,28,0,1,2,1,0,0,0,0,0,0,112.5,0,0,1,3,1,1,0,37.5,0.0,City Hotel,June,Tuesday,BB,FRA,Online TA,TA/TO,A,No Deposit,Transient,9.0,,1
145,2017,30,24,1,1,2,0,0,0,0,0,0,0,130.5,0,1,2,2,0,1,0,65.25,0.0,City Hotel,July,Monday,BB,BEL,Online TA,TA/TO,A,No Deposit,Transient,9.0,,0
58,2017,18,1,1,3,2,1,0,0,0,0,0,0,162.0,0,1,4,3,1,1,0,54.0,0.0,City Hotel,May,Monday,BB,DEU,Online TA,TA/TO,A,No Deposit,Transient,9.0,,0
41,2016,21,16,1,3,3,0,0,0,0,0,1,0,125.0,0,0,4,3,0,1,0,41.666666666666664,0.0,Resort Hotel,May,Monday,BB,GBR,Online TA,TA/TO,D,No Deposit,Transient,240.0,,0
53,2017,24,15,2,5,2,0,0,0,0,0,0,0,140.0,0,1,7,2,0,1,0,70.0,0.0,City Hotel,June,Thursday,SC,DEU,Online TA,TA/TO,A,No Deposit,Transient,9.0,,0
252,2017,17,24,1,2,3,0,0,0,0,0,0,0,142.2,0,1,3,3,0,1,0,47.4,0.0,City Hotel,April,Monday,BB,IRL,Online TA,TA/TO,D,No Deposit,Transient,9.0,,1
42,2017,29,17,2,5,2,2,0,0,0,0,0,0,342.29,0,0,7,4,1,1,0,85.5725,0.0,Resort Hotel,July,Monday,HB,PRT,Online TA,TA/TO,G,No Deposit,Transient,240.0,,1
163,2017,32,9,0,3,2,0,0,0,0,0,0,0,130.5,0,0,3,2,0,1,0,65.25,0.0,City Hotel,August,Wednesday,BB,PRT,Online TA,TA/TO,A,No Deposit,Transient,9.0,,0
50,2016,4,22,2,3,2,0,0,0,0,0,0,0,60.0,0,0,5,2,0,1,0,30.0,0.0,City Hotel,January,Friday,BB,BEL,Offline TA/TO,TA/TO,A,No Deposit,Transient,28.0,,0
25,2015,48,24,2,5,2,0,0,0,0,0,0,0,55.32,0,1,7,2,0,1,0,27.66,0.0,Resort Hotel,November,Tuesday,HB,GBR,Offline TA/TO,TA/TO,D,No Deposit,Transient-Party,115.0,,0
129,2016,29,16,2,5,3,0,0,0,0,0,0,0,161.6,0,0,7,3,0,1,0,53.86666666666667,0.0,Resort Hotel,July,Saturday,BB,DNK,Offline TA/TO,TA/TO,E,No Deposit,Transient,253.0,,0
95,2017,20,18,0,3,2,0,0,0,0,0,0,0,117.0,0,3,3,2,0,1,0,58.5,0.0,City Hotel,May,Thursday,BB,NLD,Direct,Direct,A,No Deposit,Transient,14.0,,0
33,2016,21,16,1,0,2,0,0,0,0,0,0,0,116.1,0,1,1,2,0,1,0,58.05,0.0,City Hotel,May,Monday,SC,GBR,Online TA,TA/TO,A,No Deposit,Transient,9.0,,0
45,2016,53,30,0,1,3,0,0,0,0,0,0,0,167.4,0,0,1,3,0,1,0,55.8,0.0,City Hotel,December,Friday,BB,BRA,Online TA,TA/TO,D,No Deposit,Transient,9.0,,1
3,2017,31,5,2,1,2,0,0,0,0,0,0,0,230.0,0,1,3,2,0,1,0,115.0,0.0,Resort Hotel,August,Saturday,BB,ESP,Online TA,TA/TO,D,No Deposit,Transient,240.0,,1
82,2016,34,20,2,5,2,0,0,0,0,0,0,0,234.6,1,0,7,2,0,1,0,117.3,0.0,Resort Hotel,August,Saturday,HB,PRT,Direct,Direct,E,No Deposit,Transient,250.0,,0
202,2017,30,24,2,5,2,0,0,0,0,0,0,0,112.5,0,0,7,2,0,1,0,56.25,0.0,City Hotel,July,Monday,BB,POL,Direct,Direct,A,No Deposit,Transient,14.0,,0
4,2017,17,28,1,2,2,1,0,0,0,0,0,0,128.0,0,0,3,3,1,1,0,42.666666666666664,0.0,Resort Hotel,April,Friday,HB,PRT,Direct,Direct,A,No Deposit,Transient,250.0,,1
142,2017,21,24,0,3,2,0,0,0,0,0,0,0,126.0,0,0,3,2,0,1,0,63.0,0.0,City Hotel,May,Wednesday,BB,AUT,Online TA,TA/TO,A,No Deposit,Transient,9.0,,0
96,2016,45,2,0,2,2,0,0,0,0,0,0,0,79.2,0,3,2,2,0,1,0,39.6,0.0,City Hotel,November,Wednesday,SC,POL,Online TA,TA/TO,A,No Deposit,Transient,9.0,,0
60,2016,31,24,2,4,3,0,0,0,0,0,0,0,137.7,0,1,6,3,0,1,0,45.9,0.0,City Hotel,July,Sunday,BB,PRT,Online TA,TA/TO,D,No Deposit,Transient,9.0,,0
177,2017,16,21,0,2,2,0,0,0,0,0,0,0,99.0,0,0,2,2,0,1,0,49.5,0.0,City Hotel,April,Friday,SC,IRL,Online TA,TA/TO,A,No Deposit,Transient,9.0,,1
99,2016,42,12,0,4,2,0,0,0,0,0,2,0,152.78,0,0,4,2,0,1,0,76.39,0.0,City Hotel,October,Wednesday,BB,USA,Direct,Direct,E,No Deposit,Transient,14.0,,0
136,2016,20,8,2,2,2,0,0,0,0,0,1,0,99.45,0,1,4,2,0,1,0,49.725,0.0,City Hotel,May,Sunday,BB,ITA,Online TA,TA/TO,A,No Deposit,Transient,9.0,,0
1,2016,23,31,0,1,1,0,0,0,0,0,0,0,125.0,0,0,1,1,0,1,0,125.0,0.0,City Hotel,May,Tuesday,BB,NLD,Online TA,TA/TO,A,No Deposit,Transient,9.0,,0
4,2015,48,27,1,2,1,0,0,0,0,0,2,0,0.0,0,0,3,1,0,0,1,0.0,0.0,Resort Hotel,November,Friday,SC,ESP,Groups,Corporate,A,No Deposit,Transient-Party,,343.0,0
304,2016,25,17,4,10,2,2,0,0,0,0,0,0,121.5,0,1,14,4,1,1,0,30.375,0.0,Resort Hotel,June,Friday,BB,PRT,Online TA,TA/TO,G,No Deposit,Transient,240.0,,1
20,2017,6,10,0,2,2,0,0,0,0,0,0,0,34.56,0,0,2,2,0,1,0,17.28,0.0,Resort Hotel,February,Friday,BB,GBR,Online TA,TA/TO,A,No Deposit,Transient,467.0,,0
52,2016,44,23,2,2,2,0,0,0,0,0,0,0,76.5,0,0,4,2,0,1,0,38.25,0.0,City Hotel,October,Sunday,SC,DEU,Offline TA/TO,TA/TO,A,No Deposit,Transient,85.0,,0
7,2015,47,21,0,1,2,0,0,0,0,0,0,0,32.0,0,0,1,2,0,0,1,16.0,0.0,Resort Hotel,November,Saturday,BB,PRT,Corporate,Corporate,A,No Deposit,Transient-Party,,342.0,0
4,2016,32,1,1,2,2,1,0,0,0,0,0,0,257.0,1,2,3,3,1,1,0,85.66666666666667,0.0,Resort Hotel,August,Monday,BB,PRT,Direct,Direct,C,No Deposit,Transient,250.0,,0
77,2016,16,16,2,2,1,0,0,0,0,0,1,0,95.2,0,1,4,1,0,1,0,95.2,0.0,City Hotel,April,Saturday,BB,PRT,Online TA,TA/TO,A,No Deposit,Transient-Party,9.0,,0
88,2017,14,5,1,4,2,0,0,0,0,0,0,0,130.5,0,1,5,2,0,1,0,65.25,0.0,City Hotel,April,Wednesday,BB,CHE,Online TA,TA/TO,D,No Deposit,Transient,9.0,,0
184,2016,28,6,2,4,2,0,0,0,0,0,0,0,80.75,0,0,6,2,0,1,0,40.375,0.0,City Hotel,July,Wednesday,BB,PRT,Direct,Direct,A,No Deposit,Transient,14.0,,0
249,2016,42,14,2,6,2,0,0,0,0,0,0,0,89.75,0,0,8,2,0,1,0,44.875,0.0,City Hotel,October,Friday,BB,DEU,Offline TA/TO,TA/TO,A,No Deposit,Transient,27.0,,0
51,2017,31,30,2,2,2,1,0,0,0,0,0,0,206.9,0,0,4,3,1,1,0,68.96666666666667,0.0,Resort Hotel,July,Sunday,BB,PRT,Online TA,TA/TO,E,No Deposit,Transient,241.0,,1
2,2017,8,24,0,1,2,1,0,0,0,0,0,0,0.0,1,2,1,3,1,0,0,0.0,0.0,City Hotel,February,Friday,HB,PRT,Direct,Direct,D,No Deposit,Transient,,,0
68,2015,53,30,0,3,2,0,0,0,0,0,0,0,93.78,0,0,3,2,0,1,0,46.89,0.0,City Hotel,December,Wednesday,BB,PRT,Online TA,TA/TO,A,No Deposit,Transient,11.0,,0
106,2017,21,27,2,1,2,0,0,0,0,0,0,0,89.1,0,0,3,2,0,1,0,44.55,0.0,City Hotel,May,Saturday,BB,PRT,Offline TA/TO,TA/TO,A,No Deposit,Transient,27.0,,1
47,2017,7,18,2,4,2,0,0,0,0,0,0,0,89.54,0,1,6,2,0,1,0,44.77,0.0,City Hotel,February,Saturday,HB,PRT,Online TA,TA/TO,A,No Deposit,Transient,7.0,,1
124,2015,31,1,2,5,2,0,0,0,0,0,0,0,120.6,0,2,7,2,0,1,0,60.3,0.0,Resort Hotel,August,Saturday,BB,PRT,Online TA,TA/TO,A,No Deposit,Transient,240.0,,0
58,2017,17,27,0,2,2,0,0,0,0,0,0,0,108.0,0,0,2,2,0,1,0,54.0,0.0,City Hotel,April,Thursday,SC,CN,Online TA,TA/TO,A,No Deposit,Transient,9.0,,1
87,2017,31,3,0,2,3,0,0,0,0,0,0,0,195.0,0,1,2,3,0,1,0,65.0,0.0,City Hotel,August,Thursday,BB,CHE,Online TA,TA/TO,D,No Deposit,Transient,9.0,,0
73,2017,22,30,0,2,2,0,0,0,0,0,0,0,100.0,0,1,2,2,0,1,0,50.0,0.0,Resort Hotel,May,Tuesday,BB,PAK,Online TA,TA/TO,D,No Deposit,Transient,240.0,,0
5,2015,34,16,2,1,1,0,0,0,0,0,0,0,67.0,0,0,3,1,0,1,0,67.0,0.0,City Hotel,August,Sunday,BB,IRL,Direct,Direct,A,No Deposit,Transient,14.0,,0
145,2017,26,29,1,3,2,0,0,0,0,0,0,0,121.05,0,0,4,2,0,1,0,60.525,0.0,City Hotel,June,Thursday,BB,ISR,Online TA,TA/TO,D,No Deposit,Transient,9.0,,1
0,2016,45,5,0,1,2,0,0,0,0,0,0,0,70.0,0,0,1,2,0,0,0,35.0,0.0,Resort Hotel,November,Saturday,BB,NLD,Direct,Direct,A,No Deposit,Transient,,,0
33,2016,5,28,0,3,1,0,0,0,0,0,0,0,39.0,0,0,3,1,0,1,0,39.0,0.0,Resort Hotel,January,Thursday,BB,PRT,Online TA,TA/TO,A,No Deposit,Transient,240.0,,1
146,2017,35,28,1,1,3,0,0,0,0,0,0,0,195.0,0,1,2,3,0,1,0,65.0,0.0,City Hotel,August,Monday,BB,BEL,Online TA,TA/TO,D,No Deposit,Transient,9.0,,0
59,2016,47,17,0,2,2,0,0,0,0,0,0,0,75.0,0,0,2,2,0,1,0,37.5,0.0,City Hotel,November,Thursday,BB,FRA,Offline TA/TO,TA/TO,A,No Deposit,Transient,28.0,,0
82,2017,35,29,0,3,2,0,0,0,0,0,1,0,230.0,0,3,3,2,0,1,0,115.0,0.0,Resort Hotel,August,Tuesday,BB,SWE,Online TA,TA/TO,E,No Deposit,Transient,240.0,,0
232,2017,24,13,2,5,2,0,0,0,0,0,0,0,73.63,0,1,7,2,0,1,0,36.815,0.0,Resort Hotel,June,Tuesday,BB,GBR,Offline TA/TO,TA/TO,D,No Deposit,Transient,436.0,,0
74,2016,15,9,2,5,1,0,0,0,0,0,1,0,36.0,0,0,7,1,0,1,0,36.0,0.0,Resort Hotel,April,Saturday,BB,PRT,Groups,TA/TO,A,No Deposit,Transient-Party,91.0,,1
0,2017,18,2,0,2,1,0,0,0,0,0,1,0,190.0,0,1,2,1,0,1,0,190.0,0.0,City Hotel,May,Tuesday,SC,USA,Offline TA/TO,GDS,E,No Deposit,Transient,195.0,,0
4,2015,48,27,0,2,1,0,0,0,0,0,0,0,62.0,0,0,2,1,0,1,0,62.0,0.0,City Hotel,November,Friday,BB,ESP,Groups,TA/TO,A,No Deposit,Transient-Party,1.0,,0
43,2017,22,3,0,1,3,0,0,0,0,0,0,0,212.8,0,1,1,3,0,1,0,70.93333333333334,0.0,City Hotel,June,Saturday,BB,PRT,Online TA,TA/TO,G,No Deposit,Transient,7.0,,1
62,2015,35,23,2,3,2,0,0,0,0,0,0,0,134.0,0,0,5,2,0,1,0,67.0,0.0,Resort Hotel,August,Sunday,BB,ESP,Online TA,TA/TO,A,No Deposit,Transient,240.0,,0
65,2016,50,7,0,2,3,0,0,0,0,0,0,0,126.0,0,1,2,3,0,1,0,42.0,0.0,City Hotel,December,Wednesday,BB,GBR,Online TA,TA/TO,D,No Deposit,Transient,9.0,,0
203,2016,26,21,0,5,1,0,0,0,0,0,0,0,67.5,0,0,5,1,0,1,0,67.5,0.0,Resort Hotel,June,Tuesday,BB,PRT,Online TA,TA/TO,A,No Deposit,Transient,240.0,,1
7,2016,13,21,1,0,1,0,0,0,0,0,0,0,88.0,1,0,1,1,0,0,1,88.0,0.0,City Hotel,March,Monday,BB,PRT,Aviation,TA/TO,A,No Deposit,Transient,,153.0,0
104,2017,12,19,2,5,2,0,0,0,0,0,1,0,75.0,0,1,7,2,0,1,0,37.5,0.0,City Hotel,March,Sunday,BB,FRA,Offline TA/TO,TA/TO,A,No Deposit,Transient-Party,20.0,,0
45,2016,35,22,1,4,2,0,0,0,0,0,1,0,270.0,1,0,5,2,0,1,0,135.0,0.0,Resort Hotel,August,Monday,HB,ESP,Direct,Direct,D,No Deposit,Transient,250.0,,0
1,2015,39,25,0,1,2,0,0,0,0,0,0,0,106.2,0,1,1,2,0,1,0,53.1,0.0,Resort Hotel,September,Friday,BB,,Online TA,TA/TO,A,No Deposit,Transient,240.0,,0
118,2017,29,17,1,4,2,2,0,0,0,0,0,0,200.0,0,0,5,4,1,1,0,50.0,0.0,Resort Hotel,July,Monday,BB,PRT,Online TA,TA/TO,C,No Deposit,Transient,240.0,,1
22,2015,37,10,1,3,2,0,0,0,0,0,0,0,147.75,0,2,4,2,0,1,0,73.875,0.0,City Hotel,September,Thursday,BB,PRT,Online TA,TA/TO,A,No Deposit,Contract,9.0,,1
48,2016,41,5,0,2,2,0,0,0,0,0,0,0,120.0,0,0,2,2,0,1,0,60.0,0.0,City Hotel,October,Wednesday,BB,PRT,Groups,TA/TO,A,Non Refund,Transient,3.0,,1
0,2015,47,19,0,2,2,0,0,0,0,0,0,0,98.0,0,0,2,2,0,1,0,49.0,0.0,Resort Hotel,November,Thursday,HB,NGA,Direct,Direct,F,No Deposit,Transient,250.0,,0
79,2016,26,24,0,2,1,0,0,0,0,0,1,0,95.0,0,0,2,1,0,1,0,95.0,0.0,City Hotel,June,Friday,BB,PRT,Offline TA/TO,TA/TO,A,No Deposit,Transient-Party,34.0,,0
35,2015,48,26,0,3,1,0,0,0,0,0,0,0,85.5,0,2,3,1,0,1,0,85.5,0.0,City Hotel,November,Thursday,SC,GBR,Online TA,TA/TO,A,No Deposit,Contract,9.0,,0
67,2017,21,22,1,1,1,1,0,0,0,0,1,0,203.5,0,3,2,2,1,1,0,101.75,0.0,City Hotel,May,Monday,BB,GBR,Online TA,TA/TO,E,No Deposit,Transient,9.0,,0
4,2016,11,12,2,5,2,0,0,0,0,0,0,0,47.0,0,0,7,2,0,1,0,23.5,0.0,Resort Hotel,March,Saturday,HB,GBR,Offline TA/TO,TA/TO,E,No Deposit,Contract,2.0,,0
34,2015,45,1,2,3,2,0,0,0,0,0,0,0,60.0,0,0,5,2,0,1,0,30.0,0.0,City Hotel,November,Sunday,BB,FRA,Offline TA/TO,TA/TO,D,No Deposit,Group,28.0,,0
0,2015,43,23,1,2,2,0,0,0,0,0,0,0,70.0,1,0,3,2,0,0,0,35.0,0.0,Resort Hotel,October,Friday,BB,PRT,Direct,Direct,D,No Deposit,Transient,,,0
129,2016,38,11,2,1,2,0,0,0,0,0,0,0,80.75,0,0,3,2,0,1,0,40.375,0.0,City Hotel,September,Sunday,BB,PRT,Offline TA/TO,TA/TO,A,No Deposit,Transient,85.0,,0
174,2016,37,8,0,3,2,0,0,0,0,0,0,0,90.95,0,0,3,2,0,1,0,45.475,0.0,City Hotel,September,Thursday,BB,PRT,Offline TA/TO,TA/TO,D,No Deposit,Transient,16.0,,0
47,2017,35,27,2,3,1,2,0,0,0,0,0,0,289.8,0,1,5,3,1,1,0,96.6,0.0,Resort Hotel,August,Sunday,HB,PRT,Online TA,TA/TO,F,No Deposit,Transient,242.0,,1
46,2016,18,24,2,3,2,0,0,0,0,0,0,0,57.96,0,0,5,2,0,1,0,28.98,0.0,Resort Hotel,April,Sunday,BB,IRL,Direct,Direct,D,No Deposit,Transient,250.0,,0
19,2015,41,6,0,3,1,0,0,1,1,0,0,0,80.0,0,0,3,1,0,1,0,80.0,1.0,City Hotel,October,Tuesday,BB,PRT,Offline TA/TO,TA/TO,A,No Deposit,Transient-Party,82.0,,1
133,2016,29,11,1,2,2,0,0,0,0,0,0,0,138.6,0,0,3,2,0,1,0,69.3,0.0,Resort Hotel,July,Monday,BB,PRT,Online TA,TA/TO,F,No Deposit,Transient,241.0,,1
81,2016,53,31,1,1,2,0,0,0,0,4,0,0,217.5,1,2,2,2,0,0,0,108.75,0.0,Resort Hotel,December,Saturday,BB,,Direct,Direct,E,No Deposit,Transient,,,0
41,2017,7,18,2,2,1,0,0,0,0,0,0,0,43.0,0,0,4,1,0,1,0,43.0,0.0,Resort Hotel,February,Saturday,BB,FRA,Online TA,TA/TO,A,No Deposit,Transient-Party,196.0,,0
1,2016,2,5,4,13,2,0,0,0,0,0,6,0,70.67,0,0,17,2,0,0,0,35.335,0.0,City Hotel,January,Tuesday,BB,PRT,Direct,Direct,A,No Deposit,Transient,,,0
2,2016,19,7,0,1,2,1,1,0,0,0,0,0,139.0,0,0,1,4,1,1,0,34.75,0.0,Resort Hotel,May,Saturday,BB,PRT,Direct,Direct,G,No Deposit,Transient,250.0,,0
26,2016,21,19,0,1,3,0,0,0,0,0,0,0,177.0,0,2,1,3,0,1,0,59.0,0.0,City Hotel,May,Thursday,BB,ITA,Online TA,TA/TO,D,No Deposit,Transient,9.0,,0
191,2015,28,11,2,5,2,0,0,0,1,0,0,0,126.86,0,1,7,2,0,1,0,63.43,1.0,Resort Hotel,July,Saturday,HB,PRT,Online TA,TA/TO,A,No Deposit,Transient,240.0,,1
116,2017,23,6,0,3,2,0,0,0,0,0,0,0,153.0,0,0,3,2,0,1,0,76.5,0.0,City Hotel,June,Tuesday,BB,AUT,Online TA,TA/TO,D,No Deposit,Transient,9.0,,0
183,2016,16,16,1,1,1,0,0,0,0,0,1,0,85.0,0,0,2,1,0,1,0,85.0,0.0,Resort Hotel,April,Saturday,HB,PRT,Groups,TA/TO,A,Non Refund,Transient-Party,298.0,,1
77,2015,33,15,2,5,2,0,0,0,0,0,0,0,157.2,0,1,7,2,0,1,0,78.6,0.0,Resort Hotel,August,Saturday,HB,PRT,Offline TA/TO,TA/TO,E,No Deposit,Transient-Party,181.0,,0
155,2016,30,21,2,5,2,2,0,0,0,0,0,0,215.0,0,1,7,4,1,1,0,53.75,0.0,Resort Hotel,July,Thursday,BB,GBR,Direct,Direct,G,No Deposit,Transient,250.0,,0
56,2017,30,24,1,4,2,0,0,0,0,0,0,0,127.6,0,0,5,2,0,1,0,63.8,0.0,City Hotel,July,Monday,SC,USA,Online TA,TA/TO,A,No Deposit,Transient,9.0,,1
49,2016,47,14,1,4,2,0,0,0,0,0,0,0,29.0,0,1,5,2,0,1,0,14.5,0.0,Resort Hotel,November,Monday,BB,BEL,Offline TA/TO,TA/TO,A,No Deposit,Transient,6.0,,0
116,2016,27,26,3,5,2,1,0,0,0,0,1,0,145.88,0,0,8,3,1,1,0,48.626666666666665,0.0,Resort Hotel,June,Sunday,BB,PRT,Direct,Direct,C,No Deposit,Transient,250.0,,1
166,2017,12,25,2,2,2,0,0,0,0,0,0,0,88.4,0,1,4,2,0,1,0,44.2,0.0,City Hotel,March,Saturday,BB,AUT,Online TA,TA/TO,A,No Deposit,Transient,9.0,,1
81,2016,13,25,2,2,2,0,0,0,0,0,0,0,88.83,0,1,4,2,0,1,0,44.415,0.0,City Hotel,March,Friday,BB,ESP,Online TA,TA/TO,A,No Deposit,Transient,9.0,,1
9,2016,35,23,0,2,2,0,0,0,0,0,0,0,137.0,1,2,2,2,0,1,0,68.5,0.0,City Hotel,August,Tuesday,SC,ESP,Online TA,TA/TO,A,No Deposit,Transient,9.0,,0
1,2015,33,9,2,0,2,0,0,0,0,0,0,0,98.0,0,0,2,2,0,1,0,49.0,0.0,City Hotel,August,Sunday,BB,ESP,Online TA,TA/TO,A,No Deposit,Transient,9.0,,0
237,2016,37,4,2,3,2,0,0,0,0,0,0,0,89.3,0,0,5,2,0,1,0,44.65,0.0,Resort Hotel,September,Sunday,HB,PRT,Offline TA/TO,TA/TO,D,No Deposit,Transient,147.0,,1
119,2016,29,10,2,2,2,3,0,0,0,0,0,0,217.6,0,0,4,5,1,1,0,43.52,0.0,City Hotel,July,Sunday,BB,DNK,Direct,Direct,G,No Deposit,Transient,14.0,,0
336,2017,28,14,2,2,2,1,0,0,0,0,0,0,116.1,0,0,4,3,1,1,0,38.7,0.0,City Hotel,July,Friday,BB,AUS,Online TA,TA/TO,A,No Deposit,Transient,9.0,,1
1,2017,17,24,1,0,2,0,0,0,0,0,0,0,106.0,0,1,1,2,0,1,0,53.0,0.0,Resort Hotel,April,Monday,BB,PRT,Online TA,TA/TO,A,No Deposit,Transient,240.0,,0
0,2015,32,5,0,1,2,0,0,0,0,0,0,0,75.0,0,0,1,2,0,0,0,37.5,0.0,City Hotel,August,Wednesday,BB,PRT,Direct,Direct,D,No Deposit,Transient,,,0
67,2017,5,3,1,2,2,0,0,0,0,0,0,0,33.26,0,0,3,2,0,1,0,16.63,0.0,Resort Hotel,February,Friday,BB,CN,Direct,Direct,A,No Deposit,Transient,250.0,,0
125,2016,37,7,0,4,2,0,0,0,0,0,1,0,136.0,0,2,4,2,0,1,0,68.0,0.0,City Hotel,September,Wednesday,BB,FRA,Online TA,TA/TO,A,No Deposit,Transient,9.0,,0
54,2016,14,2,2,1,2,0,0,0,0,0,0,0,75.0,0,0,3,2,0,1,0,37.5,0.0,City Hotel,April,Saturday,BB,FRA,Offline TA/TO,TA/TO,A,No Deposit,Transient,28.0,,0
23,2016,21,18,0,1,1,0,0,0,0,0,0,0,120.12,0,1,1,1,0,1,0,120.12,0.0,City Hotel,May,Wednesday,BB,NLD,Online TA,TA/TO,D,No Deposit,Transient,7.0,,0
1,2015,36,1,0,1,2,0,0,0,0,0,0,0,105.0,0,0,1,2,0,1,0,52.5,0.0,City Hotel,September,Tuesday,BB,PRT,Online TA,TA/TO,A,No Deposit,Contract,9.0,,0
215,2016,48,21,1,1,2,0,0,0,0,0,0,0,85.0,0,0,2,2,0,0,1,42.5,0.0,City Hotel,November,Monday,BB,NOR,Groups,Corporate,A,No Deposit,Transient,,233.0,0
68,2016,15,4,1,2,2,0,0,0,0,0,0,0,85.5,0,0,3,2,0,1,0,42.75,0.0,City Hotel,April,Monday,SC,GBR,Online TA,TA/TO,A,No Deposit,Transient,9.0,,1
4,2016,9,27,2,6,1,0,0,0,1,1,1,0,55.0,0,2,8,1,0,0,0,55.0,0.5,Resort Hotel,February,Saturday,FB,PRT,Direct,Direct,A,No Deposit,Transient,,,0
122,2016,16,15,0,2,1,0,0,0,0,1,1,56,0.0,0,0,2,1,0,1,0,0.0,0.0,City Hotel,April,Friday,BB,PRT,Offline TA/TO,TA/TO,A,No Deposit,Transient-Party,151.0,,0
22,2016,47,17,1,3,2,0,0,0,0,0,0,0,96.9,0,2,4,2,0,1,0,48.45,0.0,City Hotel,November,Thursday,BB,DEU,Online TA,TA/TO,D,No Deposit,Transient,9.0,,0
0,2017,4,22,1,0,1,0,0,0,0,0,1,0,93.0,0,0,1,1,0,0,0,93.0,0.0,City Hotel,January,Sunday,BB,CYP,Direct,Direct,A,No Deposit,Transient,,,0
74,2017,13,30,0,1,2,0,0,0,0,0,0,0,48.0,0,0,1,2,0,1,0,24.0,0.0,Resort Hotel,March,Thursday,BB,PRT,Online TA,TA/TO,A,No Deposit,Transient,240.0,,0
7,2016,1,2,0,1,2,0,0,0,0,0,0,0,56.0,0,1,1,2,0,1,0,28.0,0.0,Resort Hotel,January,Saturday,BB,PRT,Online TA,TA/TO,D,No Deposit,Transient,240.0,,0
49,2016,41,5,0,2,1,0,0,0,0,0,0,0,113.4,0,2,2,1,0,1,0,113.4,0.0,City Hotel,October,Wednesday,BB,USA,Online TA,TA/TO,A,No Deposit,Transient,9.0,,0
2,2016,20,10,0,1,1,0,0,0,0,2,1,0,70.0,1,0,1,1,0,0,0,70.0,0.0,Resort Hotel,May,Tuesday,BB,PRT,Direct,Direct,A,No Deposit,Transient,,,0
0,2016,18,29,0,2,1,0,0,0,0,0,0,0,80.0,0,0,2,1,0,0,0,80.0,0.0,Resort Hotel,April,Friday,BB,PRT,Direct,Direct,A,No Deposit,Transient,,,1
0,2015,35,27,0,1,2,2,0,1,0,0,0,0,156.0,0,2,1,4,1,0,0,39.0,0.0,City Hotel,August,Thursday,BB,PRT,Online TA,Direct,F,No Deposit,Transient,,,0
122,2016,35,21,3,5,2,0,0,0,0,0,0,0,81.26,1,2,8,2,0,1,0,40.63,0.0,City Hotel,August,Sunday,BB,ESP,Offline TA/TO,TA/TO,A,No Deposit,Transient-Party,52.0,,0
16,2017,28,12,0,3,2,0,0,0,0,0,1,1,192.38,0,1,3,2,0,0,0,96.19,0.0,Resort Hotel,July,Wednesday,BB,PRT,Direct,Direct,E,No Deposit,Transient,,,1
351,2017,21,26,2,5,2,0,0,0,0,0,3,0,81.53,0,2,7,2,0,1,0,40.765,0.0,Resort Hotel,May,Friday,HB,PRT,Online TA,TA/TO,F,No Deposit,Transient,241.0,,0
29,2016,10,5,2,1,2,0,0,0,0,0,0,0,87.0,0,1,3,2,0,1,0,43.5,0.0,City Hotel,March,Saturday,BB,FRA,Offline TA/TO,TA/TO,A,No Deposit,Transient-Party,28.0,,0
46,2016,48,22,0,4,2,0,0,0,0,0,0,0,74.8,0,1,4,2,0,1,0,37.4,0.0,City Hotel,November,Tuesday,SC,ROU,Online TA,TA/TO,A,No Deposit,Transient,9.0,,1
1,2017,21,23,0,1,2,0,0,0,0,0,0,0,97.0,1,1,1,2,0,1,0,48.5,0.0,Resort Hotel,May,Tuesday,BB,ESP,Direct,Direct,D,No Deposit,Transient,250.0,,0
0,2016,43,17,1,2,1,0,0,0,0,0,0,0,50.0,0,1,3,1,0,0,0,50.0,0.0,Resort Hotel,October,Monday,HB,ITA,Groups,Corporate,A,No Deposit,Transient-Party,,,0
42,2016,8,15,5,13,2,0,0,0,0,0,0,0,46.44,0,1,18,2,0,1,0,23.22,0.0,Resort Hotel,February,Monday,BB,GBR,Offline TA/TO,TA/TO,D,No Deposit,Transient,95.0,,0
14,2016,49,29,0,1,1,0,0,1,0,2,0,0,65.0,0,0,1,1,0,0,1,65.0,0.0,City Hotel,November,Tuesday,BB,PRT,Corporate,Corporate,A,No Deposit,Transient,,40.0,0
100,2017,17,29,2,1,2,0,0,0,0,0,0,0,85.0,0,0,3,2,0,1,0,42.5,0.0,Resort Hotel,April,Saturday,HB,PRT,Groups,TA/TO,D,No Deposit,Transient-Party,385.0,,1
28,2015,37,9,0,1,1,0,0,0,0,0,0,0,80.0,0,0,1,1,0,0,1,80.0,0.0,Resort Hotel,September,Wednesday,BB,PRT,Corporate,Corporate,A,No Deposit,Transient,,154.0,0
116,2016,52,22,0,3,3,0,0,0,0,0,0,0,135.0,0,2,3,3,0,1,0,45.0,0.0,City Hotel,December,Thursday,BB,BRA,Online TA,TA/TO,D,No Deposit,Transient,9.0,,0
80,2016,10,5,1,1,2,0,0,0,0,0,0,0,53.97,0,1,2,2,0,1,0,26.985,0.0,City Hotel,March,Saturday,SC,FRA,Online TA,TA/TO,A,No Deposit,Transient,7.0,,0
55,2016,47,14,1,4,2,0,1,0,0,0,0,0,29.0,0,0,5,3,1,1,0,9.666666666666666,0.0,Resort Hotel,November,Monday,BB,FRA,Offline TA/TO,TA/TO,A,No Deposit,Transient,6.0,,0
103,2016,33,7,2,1,3,0,0,0,0,0,0,0,150.3,0,1,3,3,0,1,0,50.1,0.0,City Hotel,August,Sunday,BB,GBR,Online TA,TA/TO,D,No Deposit,Transient,9.0,,0
99,2016,38,12,1,2,2,0,0,0,0,0,0,0,125.1,0,0,3,2,0,1,0,62.55,0.0,City Hotel,September,Monday,SC,DEU,Online TA,TA/TO,A,No Deposit,Transient,9.0,,1
38,2016,52,24,0,1,2,0,0,0,0,0,0,0,60.0,0,0,1,2,0,1,0,30.0,0.0,Resort Hotel,December,Saturday,BB,PRT,Online TA,TA/TO,A,No Deposit,Transient,240.0,,1
16,2017,18,5,1,2,2,0,0,0,0,0,0,0,277.0,0,1,3,2,0,1,0,138.5,0.0,City Hotel,May,Friday,HB,FRA,Online TA,TA/TO,D,No Deposit,Transient,9.0,,1
20,2016,44,27,2,3,2,0,0,0,0,0,0,0,88.0,0,1,5,2,0,1,0,44.0,0.0,Resort Hotel,October,Thursday,BB,FRA,Online TA,TA/TO,D,No Deposit,Transient,240.0,,1
267,2016,44,25,0,2,2,0,0,0,0,0,0,0,80.75,0,0,2,2,0,1,0,40.375,0.0,City Hotel,October,Tuesday,BB,DEU,Offline TA/TO,TA/TO,A,No Deposit,Transient,27.0,,0
42,2015,35,28,2,4,2,1,0,0,0,0,1,0,158.0,0,1,6,3,1,1,0,52.666666666666664,0.0,Resort Hotel,August,Friday,HB,PRT,Direct,Direct,A,No Deposit,Transient,250.0,,1
38,2016,13,21,1,2,2,0,0,0,0,0,1,0,60.0,0,0,3,2,0,1,0,30.0,0.0,Resort Hotel,March,Monday,BB,PRT,Online TA,TA/TO,A,No Deposit,Transient,240.0,,1
32,2016,33,12,0,2,1,0,0,0,0,0,0,0,254.0,0,1,2,1,0,1,0,254.0,0.0,Resort Hotel,August,Friday,BB,USA,Online TA,TA/TO,E,No Deposit,Transient,240.0,,0
17,2017,9,26,2,0,1,0,0,0,0,0,0,0,75.0,0,0,2,1,0,1,0,75.0,0.0,City Hotel,February,Sunday,BB,PRT,Groups,TA/TO,D,No Deposit,Transient-Party,30.0,,1
0,2017,2,12,0,1,1,0,0,0,0,0,0,0,39.0,0,0,1,1,0,0,0,39.0,0.0,Resort Hotel,January,Thursday,BB,CHN,Direct,Direct,A,No Deposit,Transient,,,0
9,2017,5,4,2,5,2,0,0,0,0,0,0,0,44.0,0,0,7,2,0,1,0,22.0,0.0,Resort Hotel,February,Saturday,BB,GBR,Offline TA/TO,TA/TO,D,No Deposit,Transient,95.0,,0
0,2015,45,5,0,1,1,0,0,0,0,0,0,0,40.0,0,0,1,1,0,0,0,40.0,0.0,Resort Hotel,November,Thursday,BB,PRT,Corporate,Corporate,A,No Deposit,Transient,,,0
3,2015,49,4,0,1,2,0,0,0,0,0,0,0,75.0,0,0,1,2,0,1,0,37.5,0.0,City Hotel,December,Friday,SC,ESP,Online TA,TA/TO,A,No Deposit,Transient,9.0,,0
103,2016,30,18,1,3,2,0,0,0,0,0,0,0,72.25,0,0,4,2,0,1,0,36.125,0.0,City Hotel,July,Monday,BB,PRT,Offline TA/TO,TA/TO,A,No Deposit,Transient,85.0,,1
13,2017,34,26,2,2,2,0,0,0,0,0,0,0,157.25,0,1,4,2,0,1,0,78.625,0.0,City Hotel,August,Saturday,BB,GBR,Online TA,TA/TO,D,No Deposit,Transient,9.0,,0
39,2017,31,2,0,3,2,0,0,0,0,0,1,0,153.0,0,3,3,2,0,1,0,76.5,0.0,City Hotel,August,Wednesday,BB,USA,Direct,Direct,A,No Deposit,Transient,14.0,,0
40,2017,3,16,1,2,1,0,0,0,0,0,0,0,62.0,1,0,3,1,0,0,0,62.0,0.0,Resort Hotel,January,Monday,Undefined,PRT,Groups,Direct,A,No Deposit,Transient-Party,,,0
76,2016,21,16,1,2,2,0,0,0,0,0,0,0,116.1,0,2,3,2,0,1,0,58.05,0.0,City Hotel,May,Monday,SC,GBR,Online TA,TA/TO,A,No Deposit,Transient,9.0,,0
0,2017,11,15,0,1,2,0,0,0,0,0,0,0,85.0,0,2,1,2,0,1,0,42.5,0.0,Resort Hotel,March,Wednesday,BB,PRT,Online TA,TA/TO,D,No Deposit,Transient,240.0,,0
0,2015,52,20,1,0,2,0,0,0,0,0,0,0,85.0,0,0,1,2,0,0,0,42.5,0.0,City Hotel,December,Sunday,BB,PRT,Direct,Direct,A,No Deposit,Transient,,,0
168,2017,12,20,1,2,2,0,0,0,0,0,0,0,30.6,0,0,3,2,0,1,0,15.3,0.0,Resort Hotel,March,Monday,BB,GBR,Offline TA/TO,TA/TO,A,No Deposit,Transient,177.0,,0
72,2017,5,2,0,2,2,0,0,0,0,0,0,0,71.28,0,1,2,2,0,1,0,35.64,0.0,City Hotel,February,Thursday,SC,CHN,Online TA,TA/TO,A,No Deposit,Transient,9.0,,0
5,2017,19,8,1,0,1,0,0,0,0,0,1,0,155.0,0,1,1,1,0,1,0,155.0,0.0,City Hotel,May,Monday,BB,AUT,Direct,Direct,A,No Deposit,Transient,14.0,,0
175,2017,34,21,1,2,2,0,0,0,0,0,1,0,99.0,0,2,3,2,0,1,0,49.5,0.0,City Hotel,August,Monday,SC,FRA,Online TA,TA/TO,A,No Deposit,Transient,9.0,,0
16,2017,6,9,0,3,2,0,0,0,0,0,0,0,108.0,0,1,3,2,0,1,0,54.0,0.0,City Hotel,February,Thursday,BB,CHE,Online TA,TA/TO,A,No Deposit,Transient,9.0,,1
15,2016,12,19,0,1,2,0,0,0,0,0,1,0,38.0,0,0,1,2,0,1,0,19.0,0.0,Resort Hotel,March,Saturday,BB,PRT,Offline TA/TO,TA/TO,D,No Deposit,Transient,196.0,,0
20,2016,11,9,1,4,1,0,0,0,0,0,1,0,46.4,0,1,5,1,0,1,0,46.4,0.0,Resort Hotel,March,Wednesday,BB,PRT,Online TA,TA/TO,D,No Deposit,Transient,242.0,,0
0,2015,52,25,0,1,3,1,0,0,0,0,1,0,115.0,0,0,1,4,1,1,0,28.75,0.0,Resort Hotel,December,Friday,BB,PRT,Online TA,TA/TO,H,Non Refund,Transient,240.0,,1
33,2017,3,17,0,2,1,0,0,0,0,0,1,0,75.0,0,0,2,1,0,1,0,75.0,0.0,City Hotel,January,Tuesday,BB,ESP,Groups,TA/TO,A,No Deposit,Transient-Party,19.0,,0
137,2016,50,9,1,2,2,0,0,0,0,0,0,0,90.0,0,1,3,2,0,1,0,45.0,0.0,City Hotel,December,Friday,BB,ITA,Online TA,TA/TO,A,No Deposit,Transient,9.0,,0
7,2016,14,28,1,3,2,0,0,0,0,0,0,0,109.0,0,1,4,2,0,1,0,54.5,0.0,City Hotel,March,Monday,SC,ESP,Online TA,TA/TO,A,No Deposit,Transient,9.0,,1
28,2016,17,17,2,1,2,0,0,0,0,0,1,0,97.63,0,1,3,2,0,1,0,48.815,0.0,City Hotel,April,Sunday,BB,FRA,Online TA,TA/TO,A,No Deposit,Transient,9.0,,1
201,2017,31,1,0,5,2,0,0,0,0,0,0,0,80.1,0,0,5,2,0,1,0,40.05,0.0,City Hotel,August,Tuesday,BB,DEU,Offline TA/TO,TA/TO,A,No Deposit,Transient,27.0,,0
152,2016,52,18,2,2,2,0,0,0,0,0,0,0,74.8,0,2,4,2,0,1,0,37.4,0.0,City Hotel,December,Sunday,SC,ISR,Online TA,TA/TO,A,No Deposit,Transient,9.0,,0
119,2016,15,4,1,3,2,0,0,0,0,0,0,0,71.0,0,1,4,2,0,1,0,35.5,0.0,City Hotel,April,Monday,BB,FRA,Offline TA/TO,TA/TO,A,No Deposit,Transient-Party,28.0,,0
49,2016,50,7,0,4,2,0,0,0,0,0,0,0,94.51,0,1,4,2,0,1,0,47.255,0.0,City Hotel,December,Wednesday,HB,AUT,Online TA,TA/TO,D,No Deposit,Transient,7.0,,0
274,2016,15,7,0,1,1,0,0,0,0,0,0,0,6.0,0,0,1,1,0,1,0,6.0,0.0,City Hotel,April,Thursday,BB,PRT,Groups,TA/TO,A,Non Refund,Transient,1.0,,1
96,2016,44,26,0,2,3,0,0,0,0,0,0,0,110.97,0,0,2,3,0,1,0,36.99,0.0,City Hotel,October,Wednesday,BB,CHN,Online TA,TA/TO,D,No Deposit,Transient,9.0,,1
196,2016,36,28,2,1,3,0,0,0,0,0,0,0,128.7,0,0,3,3,0,1,0,42.9,0.0,City Hotel,August,Sunday,BB,DEU,Online TA,TA/TO,D,No Deposit,Transient-Party,9.0,,0
5,2016,18,27,0,2,1,0,0,0,0,0,1,0,107.0,1,1,2,1,0,1,0,107.0,0.0,Resort Hotel,April,Wednesday,HB,ITA,Online TA,TA/TO,E,No Deposit,Transient,240.0,,0
7,2017,8,23,0,1,1,0,0,0,0,0,1,0,75.0,0,1,1,1,0,1,0,75.0,0.0,City Hotel,February,Thursday,BB,BEL,Offline TA/TO,TA/TO,A,No Deposit,Transient,85.0,,0
5,2017,28,12,0,1,1,0,0,0,0,0,0,0,73.95,0,0,1,1,0,1,0,73.95,0.0,Resort Hotel,July,Wednesday,BB,ESP,Direct,Direct,A,No Deposit,Transient,250.0,,0
29,2016,32,2,0,5,2,0,0,0,0,0,0,0,209.0,0,0,5,2,0,1,0,104.5,0.0,Resort Hotel,August,Tuesday,BB,ESP,Online TA,TA/TO,A,No Deposit,Transient,240.0,,1
21,2016,52,19,1,3,2,0,0,0,0,0,0,0,88.4,0,0,4,2,0,1,0,44.2,0.0,City Hotel,December,Monday,BB,FRA,Online TA,TA/TO,A,No Deposit,Transient,9.0,,0
76,2015,38,16,0,2,1,0,0,0,0,0,1,0,60.0,0,0,2,1,0,1,0,60.0,0.0,City Hotel,September,Wednesday,BB,PRT,Groups,TA/TO,A,No Deposit,Transient-Party,1.0,,0
205,2017,30,28,2,5,2,0,0,0,0,0,0,0,192.0,0,2,7,2,0,1,0,96.0,0.0,Resort Hotel,July,Friday,BB,IRL,Online TA,TA/TO,E,No Deposit,Transient,240.0,,1
237,2016,20,13,0,2,1,0,0,0,0,0,2,0,42.0,0,0,2,1,0,1,0,42.0,0.0,Resort Hotel,May,Friday,BB,GBR,Groups,TA/TO,A,No Deposit,Transient-Party,315.0,,0
1,2015,34,16,2,1,2,0,0,0,0,0,1,0,139.0,0,0,3,2,0,1,0,69.5,0.0,City Hotel,August,Sunday,BB,FRA,Direct,Direct,D,No Deposit,Group,14.0,,0
0,2016,51,14,0,1,1,0,0,0,0,0,0,0,63.0,0,2,1,1,0,1,0,63.0,0.0,Resort Hotel,December,Wednesday,BB,PRT,Online TA,TA/TO,E,No Deposit,Transient,240.0,,0
169,2015,37,12,2,5,2,0,0,0,0,0,1,0,70.98,0,2,7,2,0,1,0,35.49,0.0,Resort Hotel,September,Saturday,HB,GBR,Offline TA/TO,TA/TO,A,No Deposit,Contract,143.0,,0
51,2017,25,18,2,1,2,0,0,0,0,0,0,0,200.0,0,2,3,2,0,1,0,100.0,0.0,City Hotel,June,Sunday,BB,MAR,Online TA,TA/TO,E,No Deposit,Transient,9.0,,0
99,2016,53,26,1,3,3,0,0,0,0,0,0,0,127.71,0,3,4,3,0,1,0,42.57,0.0,City Hotel,December,Monday,BB,ESP,Online TA,TA/TO,D,No Deposit,Transient,9.0,,1
92,2017,20,14,2,1,2,0,0,0,0,0,0,0,120.0,0,2,3,2,0,1,0,60.0,0.0,City Hotel,May,Sunday,SC,CN,Online TA,TA/TO,A,No Deposit,Transient,9.0,,0
8,2016,12,17,2,4,1,0,0,0,0,0,0,0,38.0,0,0,6,1,0,1,0,38.0,0.0,Resort Hotel,March,Thursday,HB,GBR,Offline TA/TO,TA/TO,A,No Deposit,Transient,95.0,,0
122,2017,21,27,1,1,1,0,0,0,0,0,1,0,104.0,0,0,2,1,0,1,0,104.0,0.0,City Hotel,May,Saturday,BB,PRT,Groups,TA/TO,A,No Deposit,Transient-Party,12.0,,0
14,2017,6,6,1,4,3,0,0,0,0,0,4,4,48.0,0,0,5,3,0,0,1,16.0,0.0,Resort Hotel,February,Monday,SC,PRT,Complementary,Corporate,A,No Deposit,Transient-Party,,507.0,0
0,2015,41,6,0,1,2,0,0,0,0,0,0,0,136.0,0,1,1,2,0,1,0,68.0,0.0,City Hotel,October,Tuesday,BB,PRT,Online TA,TA/TO,D,No Deposit,Contract,9.0,,0
13,2017,8,25,2,1,2,2,0,0,0,0,0,0,67.0,0,2,3,4,1,1,0,16.75,0.0,Resort Hotel,February,Saturday,BB,ESP,Online TA,TA/TO,C,No Deposit,Transient,240.0,,0
20,2016,44,26,0,3,1,0,0,0,0,0,0,0,105.0,0,0,3,1,0,0,0,105.0,0.0,City Hotel,October,Wednesday,BB,SWE,Direct,Direct,A,No Deposit,Transient,,,0
177,2016,35,24,0,4,2,0,0,0,0,0,0,0,93.08,0,1,4,2,0,1,0,46.54,0.0,City Hotel,August,Wednesday,BB,CZE,Online TA,TA/TO,A,No Deposit,Transient,9.0,,0
68,2016,47,18,2,2,2,0,0,0,0,0,0,0,74.61,0,1,4,2,0,1,0,37.305,0.0,City Hotel,November,Friday,BB,PRT,Online TA,TA/TO,D,No Deposit,Transient,7.0,,0
38,2016,19,4,2,6,2,0,0,0,0,0,1,0,155.0,0,0,8,2,0,1,0,77.5,0.0,Resort Hotel,May,Wednesday,HB,CHE,Direct,Direct,G,No Deposit,Transient,250.0,,0
3,2017,24,16,0,2,1,0,0,0,0,0,1,0,106.28,0,0,2,1,0,1,0,106.28,0.0,City Hotel,June,Friday,SC,USA,Online TA,TA/TO,A,No Deposit,Transient,152.0,,0
0,2016,43,22,0,1,2,0,0,0,0,0,0,0,120.0,0,0,1,2,0,0,0,60.0,0.0,City Hotel,October,Saturday,BB,PRT,Direct,Direct,A,No Deposit,Transient,,,0
1,2016,42,11,0,1,2,0,0,0,0,0,0,0,103.0,1,1,1,2,0,1,0,51.5,0.0,Resort Hotel,October,Tuesday,HB,ESP,Online TA,TA/TO,A,No Deposit,Transient,240.0,,0
116,2016,27,30,2,3,2,0,0,0,0,0,0,0,75.27,0,0,5,2,0,1,0,37.635,0.0,City Hotel,June,Thursday,SC,IRL,Online TA,TA/TO,A,No Deposit,Transient,7.0,,0
205,2017,31,30,2,5,2,0,0,0,0,0,0,0,114.29,0,0,7,2,0,1,0,57.145,0.0,City Hotel,July,Sunday,SC,GBR,Online TA,TA/TO,A,No Deposit,Transient,9.0,,1
5,2016,34,15,2,5,2,0,0,0,0,0,0,0,150.0,0,1,7,2,0,1,0,75.0,0.0,City Hotel,August,Monday,BB,PRT,Groups,TA/TO,A,No Deposit,Transient,37.0,,1
200,2017,27,4,2,5,2,0,0,0,0,0,0,0,89.1,0,2,7,2,0,1,0,44.55,0.0,City Hotel,July,Tuesday,BB,DEU,Direct,Direct,A,No Deposit,Transient,14.0,,0
0,2015,44,26,1,0,1,0,0,0,0,0,0,0,39.0,0,1,1,1,0,1,0,39.0,0.0,Resort Hotel,October,Monday,BB,PRT,Online TA,TA/TO,A,No Deposit,Transient-Party,240.0,,0
74,2016,52,19,1,3,2,0,0,0,0,0,2,0,74.8,0,0,4,2,0,1,0,37.4,0.0,City Hotel,December,Monday,SC,PRT,Online TA,TA/TO,A,No Deposit,Transient,9.0,,1
164,2016,29,16,4,10,2,0,0,0,0,0,0,0,153.0,0,0,14,2,0,1,0,76.5,0.0,Resort Hotel,July,Saturday,BB,CHE,Direct,Direct,F,No Deposit,Transient,250.0,,0
0,2016,9,23,0,1,1,0,0,0,0,0,0,0,43.0,0,1,1,1,0,1,0,43.0,0.0,Resort Hotel,February,Tuesday,BB,ESP,Online TA,TA/TO,A,No Deposit,Transient,240.0,,0
5,2016,16,11,1,3,1,0,0,0,0,0,0,0,95.0,0,0,4,1,0,1,0,95.0,0.0,City Hotel,April,Monday,BB,PRT,Aviation,Corporate,A,No Deposit,Transient,153.0,,0
27,2016,16,10,2,2,2,0,0,0,0,0,0,0,72.0,0,0,4,2,0,1,0,36.0,0.0,Resort Hotel,April,Sunday,BB,IRL,Direct,Direct,E,No Deposit,Transient,250.0,,1
0,2016,12,16,0,1,1,0,0,0,0,0,0,0,46.0,1,0,1,1,0,0,0,46.0,0.0,Resort Hotel,March,Wednesday,BB,PRT,Direct,Direct,A,No Deposit,Transient,,,0
32,2017,20,19,0,2,2,0,0,0,0,0,0,0,190.0,0,2,2,2,0,1,0,95.0,0.0,City Hotel,May,Friday,BB,NLD,Online TA,TA/TO,D,No Deposit,Transient,9.0,,0
3,2015,40,1,0,1,1,0,0,1,1,1,0,0,48.0,0,0,1,1,0,0,1,48.0,0.5,Resort Hotel,October,Thursday,BB,PRT,Corporate,Corporate,A,No Deposit,Transient-Party,,28.0,0
63,2015,44,27,0,5,2,0,0,0,0,0,0,0,72.25,0,3,5,2,0,1,0,36.125,0.0,City Hotel,October,Tuesday,BB,GBR,Online TA,TA/TO,A,No Deposit,Contract,9.0,,0
93,2015,35,26,1,4,2,0,0,0,0,0,0,0,192.2,0,0,5,2,0,1,0,96.1,0.0,Resort Hotel,August,Wednesday,BB,PRT,Online TA,TA/TO,E,No Deposit,Transient,240.0,,1
0,2015,50,10,0,1,1,0,0,0,0,1,0,0,38.0,0,0,1,1,0,0,0,38.0,0.0,Resort Hotel,December,Thursday,BB,PRT,Direct,Direct,A,No Deposit,Transient,,,0
0,2016,20,13,0,2,2,0,0,0,0,0,0,0,85.0,1,0,2,2,0,0,0,42.5,0.0,Resort Hotel,May,Friday,BB,ESP,Direct,Direct,A,No Deposit,Transient,,,0
11,2016,12,16,0,3,1,0,0,0,0,0,0,0,62.0,0,0,3,1,0,1,0,62.0,0.0,City Hotel,March,Wednesday,BB,PRT,Offline TA/TO,TA/TO,B,No Deposit,Transient,138.0,,1
21,2015,41,7,0,2,1,0,0,0,0,0,1,0,47.0,0,1,2,1,0,0,0,47.0,0.0,Resort Hotel,October,Wednesday,BB,NLD,Direct,Direct,A,No Deposit,Transient,,,0
132,2016,43,21,0,1,2,0,0,0,0,0,1,0,179.0,1,3,1,2,0,1,0,89.5,0.0,City Hotel,October,Friday,BB,BRA,Online TA,TA/TO,A,No Deposit,Transient,9.0,,0
329,2017,34,24,0,3,2,0,0,0,0,0,0,0,101.1,0,1,3,2,0,1,0,50.55,0.0,City Hotel,August,Thursday,SC,DEU,Online TA,TA/TO,A,No Deposit,Transient,9.0,,1
114,2015,44,26,7,16,1,0,0,0,0,0,0,0,36.0,0,0,23,1,0,1,0,36.0,0.0,Resort Hotel,October,Monday,BB,PRT,Groups,Corporate,A,Non Refund,Transient,281.0,,1
23,2015,41,5,1,2,2,0,0,0,0,0,2,0,119.0,0,0,3,2,0,1,0,59.5,0.0,City Hotel,October,Monday,HB,ITA,Direct,Direct,A,No Deposit,Group,14.0,,0
212,2017,13,1,2,1,2,0,0,0,0,0,1,50,88.2,0,0,3,2,0,1,0,44.1,0.0,City Hotel,April,Saturday,BB,FRA,Groups,TA/TO,A,No Deposit,Transient-Party,296.0,,0
18,2017,8,20,1,0,1,0,0,0,0,0,0,0,30.0,0,0,1,1,0,1,0,30.0,0.0,Resort Hotel,February,Monday,BB,PRT,Offline TA/TO,TA/TO,A,No Deposit,Transient,6.0,,0
1,2015,35,28,1,2,2,0,0,0,0,0,0,0,106.0,0,2,3,2,0,1,0,53.0,0.0,City Hotel,August,Friday,BB,FRA,Online TA,TA/TO,A,No Deposit,Contract,9.0,,0
62,2017,28,11,2,5,2,0,0,0,0,0,0,0,163.0,0,0,7,2,0,1,0,81.5,0.0,Resort Hotel,July,Tuesday,HB,PRT,Corporate,Corporate,D,No Deposit,Transient,531.0,,1
28,2016,43,18,0,2,2,0,0,0,0,0,0,0,43.89,0,1,2,2,0,1,0,21.945,0.0,Resort Hotel,October,Tuesday,BB,USA,Online TA,TA/TO,A,No Deposit,Transient,241.0,,0
70,2017,9,26,2,5,2,1,0,0,0,0,0,0,108.07,0,3,7,3,1,1,0,36.02333333333333,0.0,City Hotel,February,Sunday,BB,BRA,Online TA,TA/TO,A,No Deposit,Transient,9.0,,1
37,2016,37,8,1,3,3,1,0,0,0,0,0,0,219.0,0,0,4,4,1,1,0,54.75,0.0,Resort Hotel,September,Thursday,BB,GBR,Online TA,TA/TO,H,No Deposit,Transient,240.0,,0
210,2016,33,11,2,4,2,0,0,1,0,1,0,0,119.0,0,0,6,2,0,1,0,59.5,0.0,Resort Hotel,August,Thursday,BB,PRT,Direct,Direct,A,No Deposit,Transient,250.0,,0
84,2017,18,6,2,5,2,0,0,0,0,0,0,0,52.85,0,0,7,2,0,1,0,26.425,0.0,Resort Hotel,May,Saturday,BB,GBR,Offline TA/TO,TA/TO,D,No Deposit,Contract,40.0,,0
44,2016,11,7,1,0,1,0,0,0,0,0,0,0,65.4,0,0,1,1,0,1,0,65.4,0.0,City Hotel,March,Monday,BB,PRT,Offline TA/TO,TA/TO,A,No Deposit,Transient-Party,118.0,,1
70,2015,31,28,0,1,2,1,0,0,0,0,0,0,114.85,0,1,1,3,1,1,0,38.28333333333333,0.0,Resort Hotel,July,Tuesday,BB,USA,Online TA,TA/TO,D,No Deposit,Transient,241.0,,0
19,2015,40,28,1,1,1,0,0,0,0,0,1,0,170.0,0,0,2,1,0,1,0,170.0,0.0,City Hotel,September,Monday,BB,GBR,Groups,TA/TO,A,No Deposit,Transient-Party,1.0,,0
36,2017,15,10,1,2,2,0,0,0,0,0,0,0,140.0,0,4,3,2,0,1,0,70.0,0.0,City Hotel,April,Monday,BB,BEL,Online TA,TA/TO,A,No Deposit,Transient,9.0,,0
107,2016,26,20,1,3,2,0,0,0,0,0,0,0,86.72,0,1,4,2,0,1,0,43.36,0.0,City Hotel,June,Monday,BB,DEU,Online TA,TA/TO,A,No Deposit,Transient,7.0,,0
30,2016,31,27,0,1,2,0,0,0,0,0,0,0,125.1,0,1,1,2,0,1,0,62.55,0.0,City Hotel,July,Wednesday,SC,DEU,Online TA,TA/TO,A,No Deposit,Transient,9.0,,0
42,2016,8,15,2,5,2,0,0,0,0,0,0,0,37.4,1,1,7,2,0,1,0,18.7,0.0,Resort Hotel,February,Monday,HB,ESP,Offline TA/TO,TA/TO,E,No Deposit,Transient,177.0,,0
59,2016,15,4,1,3,3,0,0,0,0,0,0,0,105.0,0,1,4,3,0,1,0,35.0,0.0,City Hotel,April,Monday,BB,FRA,Offline TA/TO,TA/TO,A,No Deposit,Transient,28.0,,0
53,2017,14,8,2,2,2,0,0,0,0,0,0,0,84.0,0,2,4,2,0,1,0,42.0,0.0,Resort Hotel,April,Saturday,BB,GBR,Online TA,TA/TO,E,No Deposit,Transient,175.0,,0
0,2016,2,7,2,3,1,0,0,0,0,0,1,0,81.0,0,0,5,1,0,0,0,81.0,0.0,City Hotel,January,Thursday,BB,PRT,Direct,Direct,A,No Deposit,Transient,,,0
84,2015,35,25,0,4,2,0,0,0,0,0,1,0,154.0,0,1,4,2,0,1,0,77.0,0.0,Resort Hotel,August,Tuesday,BB,PRT,Online TA,TA/TO,D,No Deposit,Transient,240.0,,0
4,2016,12,16,0,1,1,0,0,0,0,0,0,0,64.4,0,0,1,1,0,1,0,64.4,0.0,City Hotel,March,Wednesday,BB,PRT,Offline TA/TO,TA/TO,A,No Deposit,Transient,118.0,,1
22,2017,25,18,2,0,2,0,0,0,0,0,0,0,130.0,0,1,2,2,0,1,0,65.0,0.0,Resort Hotel,June,Sunday,BB,PRT,Online TA,TA/TO,A,No Deposit,Transient,240.0,,0
139,2015,32,5,0,4,3,0,0,0,0,0,1,0,172.0,0,2,4,3,0,1,0,57.333333333333336,0.0,Resort Hotel,August,Wednesday,BB,PRT,Online TA,TA/TO,A,No Deposit,Transient,240.0,,0
17,2016,49,3,2,4,2,0,0,0,0,0,0,0,98.39,0,0,6,2,0,1,0,49.195,0.0,City Hotel,December,Saturday,BB,ESP,Online TA,TA/TO,A,No Deposit,Transient,9.0,,1
157,2016,39,19,1,2,1,0,0,0,0,0,2,0,130.5,0,0,3,1,0,1,0,130.5,0.0,City Hotel,September,Monday,BB,CHE,Online TA,TA/TO,A,No Deposit,Transient,9.0,,0
29,2017,7,14,0,3,2,0,0,0,0,0,0,0,48.0,0,1,3,2,0,1,0,24.0,0.0,Resort Hotel,February,Tuesday,BB,GBR,Online TA,TA/TO,A,No Deposit,Transient,240.0,,0
5,2017,9,28,0,2,2,0,0,0,0,0,0,0,70.4,0,0,2,2,0,1,0,35.2,0.0,City Hotel,February,Tuesday,SC,PRT,Online TA,TA/TO,A,No Deposit,Transient,7.0,,0
112,2015,49,4,2,2,2,0,0,0,0,0,0,0,52.85,0,1,4,2,0,1,0,26.425,0.0,City Hotel,December,Friday,BB,ESP,Online TA,TA/TO,A,No Deposit,Transient,7.0,,0
45,2017,23,7,0,4,2,0,0,0,0,0,0,0,160.0,0,1,4,2,0,1,0,80.0,0.0,City Hotel,June,Wednesday,BB,POL,Online TA,TA/TO,A,No Deposit,Transient,9.0,,0
0,2016,2,4,1,3,1,0,0,0,0,0,0,0,38.0,0,0,4,1,0,0,0,38.0,0.0,Resort Hotel,January,Monday,BB,PRT,Direct,Direct,A,No Deposit,Transient,,,0
88,2016,32,3,2,6,2,1,0,0,0,0,2,0,211.25,1,2,8,3,1,1,0,70.41666666666667,0.0,Resort Hotel,August,Wednesday,BB,GBR,Online TA,TA/TO,A,No Deposit,Transient,240.0,,0
8,2017,30,24,1,0,2,0,0,0,0,0,0,0,98.0,0,0,1,2,0,1,0,49.0,0.0,City Hotel,July,Monday,BB,SRB,Online TA,TA/TO,A,No Deposit,Transient,85.0,,0
164,2015,46,9,2,5,2,0,0,0,0,0,0,0,61.2,1,0,7,2,0,1,0,30.6,0.0,Resort Hotel,November,Monday,HB,FRA,Online TA,TA/TO,A,No Deposit,Transient,240.0,,0
39,2016,46,10,2,3,2,0,0,0,0,0,0,0,46.8,0,1,5,2,0,1,0,23.4,0.0,Resort Hotel,November,Thursday,BB,LTU,Online TA,TA/TO,D,No Deposit,Transient,240.0,,0
31,2016,23,1,0,1,2,0,0,0,0,0,0,0,89.1,0,0,1,2,0,1,0,44.55,0.0,City Hotel,June,Wednesday,SC,RUS,Online TA,TA/TO,A,No Deposit,Transient,9.0,,1
3,2016,40,29,0,1,1,0,0,0,0,4,1,0,50.0,0,2,1,1,0,1,0,50.0,0.0,Resort Hotel,September,Thursday,BB,PRT,Online TA,TA/TO,A,No Deposit,Transient,240.0,,0
19,2015,40,30,0,1,2,0,0,0,0,0,1,0,106.0,0,1,1,2,0,0,0,53.0,0.0,Resort Hotel,September,Wednesday,BB,PRT,Direct,Direct,F,No Deposit,Transient,,,0
97,2016,26,25,2,5,2,0,0,0,0,0,0,0,122.29,0,1,7,2,0,1,0,61.145,0.0,Resort Hotel,June,Saturday,BB,IRL,Online TA,TA/TO,A,No Deposit,Transient,240.0,,0
248,2016,52,22,2,3,2,0,0,0,0,0,0,0,55.8,0,0,5,2,0,1,0,27.9,0.0,Resort Hotel,December,Thursday,BB,FRA,Online TA,TA/TO,E,No Deposit,Transient,240.0,,1
23,2017,3,19,0,3,2,0,0,0,0,0,0,0,80.0,0,0,3,2,0,1,0,40.0,0.0,City Hotel,January,Thursday,BB,ITA,Offline TA/TO,TA/TO,A,No Deposit,Transient,85.0,,0
16,2016,11,8,0,1,2,2,0,0,0,0,0,0,83.03,0,0,1,4,1,1,0,20.7575,0.0,City Hotel,March,Tuesday,BB,AZE,Online TA,TA/TO,B,No Deposit,Transient,9.0,,1
146,2016,29,14,0,2,2,0,1,0,0,0,0,0,122.7,0,3,2,3,1,1,0,40.9,0.0,Resort Hotel,July,Thursday,BB,ESP,Offline TA/TO,TA/TO,D,No Deposit,Transient-Party,156.0,,0
25,2016,36,29,1,3,2,0,0,0,0,0,0,0,189.0,0,2,4,2,0,1,0,94.5,0.0,Resort Hotel,August,Monday,BB,PRT,Online TA,TA/TO,A,No Deposit,Transient,240.0,,1
12,2015,29,18,2,2,2,0,0,0,0,0,0,0,62.0,0,0,4,2,0,1,0,31.0,0.0,City Hotel,July,Saturday,BB,PRT,Groups,TA/TO,A,No Deposit,Transient-Party,1.0,,1
51,2017,15,15,2,1,2,0,0,0,0,0,0,0,114.0,0,1,3,2,0,1,0,57.0,0.0,City Hotel,April,Saturday,SC,GBR,Online TA,TA/TO,A,No Deposit,Transient,9.0,,0
0,2017,1,3,0,1,2,0,0,0,0,0,1,0,88.0,0,0,1,2,0,0,0,44.0,0.0,City Hotel,January,Tuesday,SC,PRT,Direct,Direct,A,No Deposit,Transient,,,0
49,2015,53,28,1,1,1,0,0,0,0,0,0,0,39.0,0,2,2,1,0,1,0,39.0,0.0,Resort Hotel,December,Monday,BB,PRT,Online TA,TA/TO,A,No Deposit,Transient,240.0,,1
108,2017,22,2,0,2,2,0,0,0,0,0,0,0,126.0,0,1,2,2,0,0,0,63.0,0.0,City Hotel,June,Friday,BB,PRT,Direct,Direct,A,No Deposit,Transient,,,1
6,2017,24,14,0,1,1,0,0,0,0,0,2,0,114.75,0,0,1,1,0,1,0,114.75,0.0,Resort Hotel,June,Wednesday,BB,PRT,Corporate,Corporate,A,No Deposit,Transient,535.0,,0
41,2017,33,18,1,2,2,0,0,1,0,4,0,0,331.0,1,2,3,2,0,1,0,165.5,0.0,Resort Hotel,August,Friday,HB,PRT,Direct,TA/TO,F,No Deposit,Transient,250.0,,0
3,2015,44,27,2,5,2,0,0,0,0,0,1,0,70.2,0,3,7,2,0,1,0,35.1,0.0,Resort Hotel,October,Tuesday,HB,FIN,Online TA,TA/TO,A,No Deposit,Transient,240.0,,0
127,2017,30,24,1,4,3,1,0,0,0,0,0,0,282.5,0,1,5,4,1,1,0,70.625,0.0,City Hotel,July,Monday,BB,NOR,Online TA,TA/TO,G,No Deposit,Transient,8.0,,0
14,2016,28,8,0,1,2,0,0,0,0,0,0,0,139.0,0,1,1,2,0,1,0,69.5,0.0,City Hotel,July,Friday,SC,ESP,Online TA,TA/TO,A,No Deposit,Transient,9.0,,0
53,2015,31,27,1,3,2,0,0,0,0,0,0,0,145.0,0,0,4,2,0,1,0,72.5,0.0,Resort Hotel,July,Monday,BB,NLD,Online TA,TA/TO,E,No Deposit,Transient,240.0,,0
272,2017,26,28,0,3,2,0,0,0,0,0,0,0,117.0,0,1,3,2,0,1,0,58.5,0.0,City Hotel,June,Wednesday,BB,USA,Online TA,TA/TO,A,No Deposit,Transient,9.0,,1
112,2017,17,27,0,3,2,0,0,0,0,0,0,0,153.0,0,0,3,2,0,1,0,76.5,0.0,City Hotel,April,Thursday,BB,DEU,Online TA,TA/TO,E,No Deposit,Transient,9.0,,1
18,2015,42,12,1,0,1,0,0,0,0,0,0,0,40.0,1,0,1,1,0,1,0,40.0,0.0,Resort Hotel,October,Monday,BB,PRT,Offline TA/TO,TA/TO,A,No Deposit,Transient-Party,146.0,,0
20,2017,9,26,2,2,2,0,0,0,0,0,0,0,79.2,0,1,4,2,0,1,0,39.6,0.0,City Hotel,February,Sunday,BB,GBR,Direct,Direct,A,No Deposit,Transient,14.0,,0
24,2016,51,15,2,8,2,0,0,0,0,0,0,0,74.8,0,1,10,2,0,1,0,37.4,0.0,City Hotel,December,Thursday,SC,DEU,Online TA,TA/TO,A,No Deposit,Transient,9.0,,1
21,2016,46,7,1,2,1,0,0,0,0,0,0,0,210.0,0,1,3,1,0,1,0,210.0,0.0,City Hotel,November,Monday,BB,NLD,Online TA,TA/TO,D,No Deposit,Transient,9.0,,0
117,2015,31,1,2,1,2,0,0,0,0,0,0,0,94.5,0,0,3,2,0,1,0,47.25,0.0,City Hotel,August,Saturday,HB,ITA,Offline TA/TO,TA/TO,A,No Deposit,Transient-Party,17.0,,0
2,2016,10,2,0,1,1,0,0,1,0,2,0,0,40.0,0,0,1,1,0,0,1,40.0,0.0,Resort Hotel,March,Wednesday,BB,PRT,Corporate,Corporate,A,No Deposit,Transient,,379.0,0
13,2017,33,19,0,1,2,0,0,0,0,0,0,0,170.0,0,0,1,2,0,0,0,85.0,0.0,City Hotel,August,Saturday,BB,ISR,Direct,Direct,A,No Deposit,Transient,,,0
23,2017,21,26,0,1,2,0,0,0,0,0,0,0,117.0,0,1,1,2,0,1,0,58.5,0.0,City Hotel,May,Friday,BB,NLD,Online TA,TA/TO,A,No Deposit,Transient-Party,9.0,,0
285,2015,42,14,0,0,2,0,0,0,0,0,1,0,0.0,0,0,0,2,0,1,0,0.0,0.0,Resort Hotel,October,Wednesday,HB,GBR,Groups,Direct,E,No Deposit,Transient-Party,273.0,,0
258,2015,28,6,2,5,2,0,0,0,0,0,0,0,47.25,0,0,7,2,0,1,0,23.625,0.0,Resort Hotel,July,Monday,BB,GBR,Offline TA/TO,TA/TO,A,No Deposit,Contract,2.0,,0
17,2015,40,1,0,3,2,0,0,0,0,0,0,0,113.33,0,2,3,2,0,1,0,56.665,0.0,City Hotel,October,Thursday,BB,PRT,Online TA,TA/TO,A,No Deposit,Contract,9.0,,0
63,2016,18,24,2,3,2,0,0,0,0,0,0,0,99.79,0,1,5,2,0,1,0,49.895,0.0,City Hotel,April,Sunday,BB,FRA,Online TA,TA/TO,A,No Deposit,Transient,9.0,,0
5,2016,21,21,1,1,3,0,0,0,0,0,0,0,135.6,1,0,2,3,0,0,0,45.2,0.0,Resort Hotel,May,Saturday,BB,PRT,Direct,Direct,H,No Deposit,Transient,,,0
149,2016,13,26,2,5,2,0,0,0,1,0,0,0,91.56,0,0,7,2,0,1,0,45.78,1.0,City Hotel,March,Saturday,BB,PRT,Online TA,TA/TO,A,No Deposit,Transient,8.0,,1
91,2016,40,30,1,2,2,0,0,0,0,0,0,0,80.0,0,0,3,2,0,1,0,40.0,0.0,City Hotel,September,Friday,BB,FRA,Offline TA/TO,TA/TO,A,No Deposit,Transient-Party,3.0,,0
18,2015,40,27,2,1,1,0,0,0,0,0,1,0,170.0,0,0,3,1,0,1,0,170.0,0.0,City Hotel,September,Sunday,BB,ITA,Groups,TA/TO,A,No Deposit,Transient-Party,1.0,,0
70,2016,17,22,0,2,1,0,0,0,0,0,0,0,127.8,0,1,2,1,0,1,0,127.8,0.0,City Hotel,April,Friday,BB,GBR,Online TA,TA/TO,D,No Deposit,Transient,9.0,,1
123,2016,43,19,0,4,2,0,0,0,0,0,1,0,58.0,0,2,4,2,0,1,0,29.0,0.0,Resort Hotel,October,Wednesday,BB,ZAF,Online TA,TA/TO,A,No Deposit,Transient,240.0,,1
0,2016,9,24,0,1,1,0,0,0,0,0,0,0,45.0,0,0,1,1,0,0,0,45.0,0.0,Resort Hotel,February,Wednesday,BB,PRT,Direct,Direct,A,No Deposit,Transient,,,0
0,2016,20,9,1,2,2,0,0,0,0,0,2,0,103.0,0,1,3,2,0,1,0,51.5,0.0,City Hotel,May,Monday,BB,NLD,Online TA,TA/TO,A,No Deposit,Transient,9.0,,0
55,2017,25,23,0,2,3,0,0,0,0,0,1,0,200.0,0,1,2,3,0,1,0,66.66666666666667,0.0,City Hotel,June,Friday,BB,NOR,Online TA,TA/TO,D,No Deposit,Transient-Party,9.0,,0
4,2016,7,13,0,1,2,0,0,0,0,0,0,0,29.0,0,0,1,2,0,1,0,14.5,0.0,Resort Hotel,February,Saturday,BB,PRT,Offline TA/TO,TA/TO,A,No Deposit,Transient,6.0,,0
24,2016,24,9,0,2,2,0,0,0,0,0,0,0,146.0,0,2,2,2,0,1,0,73.0,0.0,City Hotel,June,Thursday,BB,UKR,Online TA,TA/TO,D,No Deposit,Transient,9.0,,0
7,2015,48,28,0,1,1,0,0,0,0,0,0,0,22.5,0,1,1,1,0,1,0,22.5,0.0,Resort Hotel,November,Saturday,BB,LTU,Offline TA/TO,TA/TO,A,No Deposit,Transient,115.0,,0
99,2017,18,2,0,3,1,0,0,0,0,0,0,0,105.0,0,0,3,1,0,1,0,105.0,0.0,City Hotel,May,Tuesday,BB,NOR,Direct,Direct,A,No Deposit,Transient,14.0,,1
0,2016,50,6,0,2,3,1,0,0,0,0,1,0,106.0,0,0,2,4,1,0,0,26.5,0.0,Resort Hotel,December,Tuesday,BB,LVA,Direct,Direct,H,No Deposit,Transient,,,0
307,2017,23,8,4,10,2,0,0,0,0,0,0,0,56.7,0,0,14,2,0,1,0,28.35,0.0,Resort Hotel,June,Thursday,BB,PRT,Offline TA/TO,TA/TO,A,No Deposit,Contract,243.0,,1
132,2016,37,9,2,6,2,1,0,0,0,0,0,0,146.46,0,1,8,3,1,1,0,48.82,0.0,Resort Hotel,September,Friday,HB,POL,Online TA,TA/TO,A,No Deposit,Transient,241.0,,0
71,2016,33,9,0,3,3,0,0,0,0,0,0,0,96.9,0,1,3,3,0,1,0,32.300000000000004,0.0,City Hotel,August,Tuesday,BB,DEU,Offline TA/TO,TA/TO,A,No Deposit,Transient-Party,27.0,,0
65,2016,50,6,0,2,2,1,0,0,0,1,1,0,72.07,0,2,2,3,1,1,0,24.02333333333333,0.0,City Hotel,December,Tuesday,BB,ITA,Online TA,TA/TO,A,No Deposit,Transient,7.0,,0
26,2016,6,1,1,3,2,0,0,0,0,0,0,0,99.0,0,1,4,2,0,1,0,49.5,0.0,City Hotel,February,Monday,BB,HUN,Online TA,TA/TO,D,No Deposit,Transient,9.0,,0
135,2017,25,22,0,3,2,0,0,0,0,0,0,0,99.0,0,0,3,2,0,1,0,49.5,0.0,City Hotel,June,Thursday,SC,FRA,Online TA,TA/TO,A,No Deposit,Transient,9.0,,1
1,2017,29,17,1,0,2,0,0,0,0,0,0,0,179.0,0,2,1,2,0,1,0,89.5,0.0,Resort Hotel,July,Monday,BB,ESP,Online TA,TA/TO,D,No Deposit,Transient,240.0,,0
139,2017,32,9,2,5,2,0,0,0,0,0,0,0,111.6,0,0,7,2,0,1,0,55.8,0.0,City Hotel,August,Wednesday,BB,ITA,Online TA,TA/TO,D,No Deposit,Transient,83.0,,0
43,2016,25,17,0,2,2,0,0,0,0,0,0,0,129.0,0,0,2,2,0,1,0,64.5,0.0,Resort Hotel,June,Friday,BB,ESP,Online TA,TA/TO,A,No Deposit,Transient,240.0,,1
128,2016,22,25,4,10,2,0,0,0,0,0,0,0,106.4,0,0,14,2,0,1,0,53.2,0.0,Resort Hotel,May,Wednesday,HB,DEU,Offline TA/TO,TA/TO,E,No Deposit,Transient,171.0,,0
112,2016,53,27,0,3,3,0,0,0,0,0,0,0,131.13,0,0,3,3,0,1,0,43.71,0.0,City Hotel,December,Tuesday,BB,PRT,Online TA,TA/TO,D,No Deposit,Transient,83.0,,1
243,2017,27,4,2,5,2,0,0,0,0,0,1,0,149.71,0,3,7,2,0,1,0,74.855,0.0,Resort Hotel,July,Tuesday,BB,GBR,Online TA,TA/TO,E,No Deposit,Transient,240.0,,0
235,2016,39,18,4,8,2,0,0,0,0,0,0,0,89.78,0,2,12,2,0,1,0,44.89,0.0,Resort Hotel,September,Sunday,BB,DEU,Online TA,TA/TO,F,No Deposit,Transient,241.0,,0
36,2016,44,28,1,2,2,0,0,0,0,0,0,0,109.0,0,1,3,2,0,1,0,54.5,0.0,City Hotel,October,Friday,SC,ITA,Online TA,TA/TO,A,No Deposit,Transient,9.0,,0
0,2016,35,25,0,1,2,0,0,0,0,0,0,0,194.0,0,0,1,2,0,1,0,97.0,0.0,Resort Hotel,August,Thursday,BB,ROU,Online TA,TA/TO,D,No Deposit,Transient,240.0,,1
36,2016,39,24,2,5,2,2,0,0,0,0,0,0,177.77,0,1,7,4,1,1,0,44.4425,0.0,City Hotel,September,Saturday,BB,FRA,Online TA,TA/TO,F,No Deposit,Transient,7.0,,0
123,2016,22,22,2,4,2,0,0,0,0,0,0,0,114.75,0,1,6,2,0,1,0,57.375,0.0,City Hotel,May,Sunday,BB,FRA,Online TA,TA/TO,D,No Deposit,Transient,9.0,,1
131,2016,28,7,0,1,2,0,0,0,0,0,0,0,103.5,0,1,1,2,0,1,0,51.75,0.0,City Hotel,July,Thursday,SC,PRT,Online TA,TA/TO,A,No Deposit,Transient,9.0,,0
60,2017,24,16,2,5,1,1,0,0,0,0,0,0,248.0,0,1,7,2,1,1,0,124.0,0.0,Resort Hotel,June,Friday,HB,GBR,Online TA,TA/TO,C,No Deposit,Transient,240.0,,1
89,2016,17,17,2,5,2,0,0,0,0,0,0,0,58.0,0,2,7,2,0,1,0,29.0,0.0,Resort Hotel,April,Sunday,BB,PRT,Online TA,TA/TO,A,No Deposit,Transient,240.0,,1
64,2016,11,11,1,2,1,0,0,0,0,0,0,0,48.51,0,1,3,1,0,1,0,48.51,0.0,City Hotel,March,Friday,SC,GBR,Online TA,TA/TO,A,No Deposit,Transient,7.0,,0
0,2017,25,20,0,3,1,0,0,1,0,4,0,0,121.5,0,0,3,1,0,0,1,121.5,0.0,Resort Hotel,June,Tuesday,BB,PRT,Corporate,Corporate,A,No Deposit,Transient,,254.0,0
256,2017,27,7,2,5,2,0,0,0,0,0,0,0,156.51,1,2,7,2,0,1,0,78.255,0.0,Resort Hotel,July,Friday,BB,NLD,Online TA,TA/TO,E,No Deposit,Transient-Party,240.0,,0
205,2016,35,21,2,1,2,0,0,0,0,0,0,0,94.5,0,1,3,2,0,1,0,47.25,0.0,City Hotel,August,Sunday,SC,BEL,Online TA,TA/TO,A,No Deposit,Transient,9.0,,1
79,2015,29,17,2,5,2,0,0,0,0,0,0,0,145.0,0,2,7,2,0,1,0,72.5,0.0,Resort Hotel,July,Friday,BB,PRT,Online TA,TA/TO,E,No Deposit,Transient,240.0,,0
3,2016,20,8,2,1,2,0,0,0,0,0,0,0,79.0,0,1,3,2,0,1,0,39.5,0.0,Resort Hotel,May,Sunday,BB,PRT,Online TA,TA/TO,A,No Deposit,Transient,240.0,,0
186,2017,32,12,2,5,2,2,0,0,0,0,0,0,208.57,0,0,7,4,1,1,0,52.1425,0.0,Resort Hotel,August,Saturday,BB,PRT,Online TA,TA/TO,C,No Deposit,Transient,240.0,,1
183,2017,27,8,2,5,2,0,0,0,0,0,1,0,125.17,0,0,7,2,0,1,0,62.585,0.0,Resort Hotel,July,Saturday,HB,GBR,Online TA,TA/TO,A,No Deposit,Transient,314.0,,0
7,2015,32,3,4,10,3,0,0,0,0,0,0,0,166.05,0,1,14,3,0,1,0,55.35,0.0,Resort Hotel,August,Monday,BB,NLD,Offline TA/TO,TA/TO,D,No Deposit,Transient,71.0,,0
112,2016,19,1,2,2,2,0,0,0,0,0,0,0,89.25,0,0,4,2,0,1,0,44.625,0.0,City Hotel,May,Sunday,BB,RUS,Direct,Direct,A,No Deposit,Transient,14.0,,0
131,2016,24,8,0,4,2,0,0,0,0,0,1,0,93.0,0,1,4,2,0,1,0,46.5,0.0,Resort Hotel,June,Wednesday,BB,PRT,Online TA,TA/TO,A,No Deposit,Transient,240.0,,1
72,2017,17,27,0,2,2,2,0,0,0,0,0,0,162.0,1,0,2,4,1,1,0,40.5,0.0,Resort Hotel,April,Thursday,BB,FRA,Online TA,TA/TO,G,No Deposit,Transient,240.0,,0
268,2017,29,16,2,4,2,0,0,0,0,0,0,0,80.92,0,0,6,2,0,1,0,40.46,0.0,City Hotel,July,Sunday,BB,GBR,Online TA,TA/TO,A,No Deposit,Transient,83.0,,0
123,2017,32,7,1,1,2,0,0,0,0,0,0,0,125.0,0,0,2,2,0,1,0,62.5,0.0,City Hotel,August,Monday,SC,DEU,Online TA,TA/TO,A,No Deposit,Transient,9.0,,1
203,2017,30,28,0,1,2,1,0,0,0,0,0,0,249.0,0,1,1,3,1,1,0,83.0,0.0,Resort Hotel,July,Friday,BB,ITA,Online TA,TA/TO,H,No Deposit,Transient,240.0,,1
300,2017,31,30,2,5,2,0,0,0,0,0,2,0,138.38,0,2,7,2,0,1,0,69.19,0.0,Resort Hotel,July,Sunday,BB,PRT,Online TA,TA/TO,A,No Deposit,Transient,240.0,,0
166,2016,27,30,2,8,2,0,0,0,0,0,0,0,90.2,0,0,10,2,0,1,0,45.1,0.0,Resort Hotel,June,Thursday,HB,GBR,Offline TA/TO,TA/TO,A,No Deposit,Transient,115.0,,0
51,2015,33,14,0,2,2,0,0,0,0,0,0,0,232.0,0,1,2,2,0,1,0,116.0,0.0,Resort Hotel,August,Friday,HB,PRT,Online TA,TA/TO,E,No Deposit,Transient,240.0,,1
48,2016,27,26,2,0,2,0,0,0,0,0,0,0,120.0,0,0,2,2,0,1,0,60.0,0.0,Resort Hotel,June,Sunday,BB,PRT,Online TA,TA/TO,A,No Deposit,Transient-Party,240.0,,0
158,2017,29,17,1,1,2,0,0,0,0,0,1,0,107.1,0,0,2,2,0,1,0,53.55,0.0,City Hotel,July,Monday,BB,DEU,Online TA,TA/TO,A,No Deposit,Transient,9.0,,0
11,2015,28,10,0,2,2,0,0,0,0,0,0,0,110.5,0,1,2,2,0,1,0,55.25,0.0,Resort Hotel,July,Friday,BB,PRT,Online TA,TA/TO,A,No Deposit,Transient,240.0,,0
98,2015,48,23,1,4,1,0,0,0,0,0,1,0,70.0,0,0,5,1,0,1,0,70.0,0.0,City Hotel,November,Monday,BB,COL,Groups,TA/TO,A,No Deposit,Transient-Party,37.0,,0
59,2017,11,15,0,3,2,0,0,0,0,0,0,0,102.56,0,1,3,2,0,1,0,51.28,0.0,City Hotel,March,Wednesday,HB,PRT,Online TA,TA/TO,A,No Deposit,Transient,7.0,,1
27,2016,25,12,2,3,2,0,0,0,0,0,0,0,105.84,0,0,5,2,0,1,0,52.92,0.0,City Hotel,June,Sunday,SC,ESP,Online TA,TA/TO,A,No Deposit,Transient,9.0,,1
26,2016,8,20,0,1,2,1,0,0,0,0,0,0,63.0,0,1,1,3,1,1,0,21.0,0.0,Resort Hotel,February,Saturday,BB,PRT,Online TA,TA/TO,A,No Deposit,Transient,240.0,,1
32,2016,20,8,2,2,2,0,0,0,0,0,0,0,92.83,0,1,4,2,0,1,0,46.415,0.0,City Hotel,May,Sunday,BB,PRT,Online TA,TA/TO,A,No Deposit,Transient,7.0,,0
45,2016,50,8,0,2,3,0,0,0,0,0,0,0,98.1,0,0,2,3,0,1,0,32.699999999999996,0.0,City Hotel,December,Thursday,BB,PRT,Offline TA/TO,TA/TO,A,No Deposit,Transient,22.0,,1
0,2016,48,24,0,1,1,0,0,0,0,2,0,0,44.0,0,1,1,1,0,0,1,44.0,0.0,Resort Hotel,November,Thursday,BB,PRT,Corporate,Corporate,A,No Deposit,Transient,,329.0,0
31,2016,21,20,0,1,2,0,0,0,0,0,0,0,140.4,0,1,1,2,0,1,0,70.2,0.0,City Hotel,May,Friday,BB,PRT,Online TA,TA/TO,D,No Deposit,Transient,9.0,,0
186,2016,32,3,0,2,2,1,0,0,0,0,0,0,121.5,0,0,2,3,1,1,0,40.5,0.0,City Hotel,August,Wednesday,BB,GBR,Online TA,TA/TO,A,No Deposit,Transient,9.0,,0
26,2015,50,12,0,1,2,0,0,0,0,0,0,0,104.0,1,2,1,2,0,1,0,52.0,0.0,Resort Hotel,December,Saturday,HB,NLD,Online TA,TA/TO,E,No Deposit,Transient,240.0,,0
186,2016,43,16,2,2,3,0,0,0,0,0,0,0,62.1,0,0,4,3,0,1,0,20.7,0.0,Resort Hotel,October,Sunday,BB,CN,Offline TA/TO,TA/TO,A,No Deposit,Transient,96.0,,0
4,2016,29,16,0,1,2,0,0,0,0,0,0,0,139.0,0,1,1,2,0,1,0,69.5,0.0,City Hotel,July,Saturday,SC,BEL,Online TA,TA/TO,A,No Deposit,Transient,9.0,,0
6,2017,1,4,0,3,2,2,0,0,0,0,0,0,173.8,0,0,3,4,1,1,0,43.45,0.0,City Hotel,January,Wednesday,BB,BEL,Online TA,TA/TO,G,No Deposit,Transient,83.0,,0
16,2017,21,25,0,3,2,1,0,0,0,0,0,0,137.9,1,1,3,3,1,1,0,45.96666666666667,0.0,Resort Hotel,May,Thursday,BB,IND,Online TA,TA/TO,E,No Deposit,Transient,241.0,,0
5,2017,19,8,1,2,1,0,0,1,6,63,0,0,65.0,0,1,3,1,0,0,1,65.0,0.0869565217391304,City Hotel,May,Monday,BB,PRT,Corporate,Corporate,A,No Deposit,Transient,,40.0,0
92,2017,31,3,2,3,2,0,0,0,0,0,0,0,183.0,0,1,5,2,0,1,0,91.5,0.0,City Hotel,August,Thursday,HB,FRA,Online TA,TA/TO,A,No Deposit,Transient,9.0,,1
343,2017,16,21,2,2,2,0,0,0,0,0,1,0,99.25,0,1,4,2,0,0,0,49.625,0.0,City Hotel,April,Friday,BB,ESP,Direct,Direct,B,No Deposit,Transient,,,0
295,2017,33,14,2,5,3,1,0,0,0,0,0,0,297.0,0,0,7,4,1,1,0,74.25,0.0,Resort Hotel,August,Monday,HB,LVA,Online TA,TA/TO,H,No Deposit,Transient,240.0,,1
3,2016,33,7,1,0,2,0,0,0,0,0,0,0,165.0,0,1,1,2,0,1,0,82.5,0.0,Resort Hotel,August,Sunday,BB,PRT,Online TA,TA/TO,A,No Deposit,Transient,240.0,,0
42,2017,30,26,0,4,2,0,0,0,0,0,0,0,130.5,0,1,4,2,0,1,0,65.25,0.0,City Hotel,July,Wednesday,BB,ESP,Direct,Direct,A,No Deposit,Transient-Party,14.0,,0
19,2016,44,26,0,1,1,0,0,1,0,9,1,0,98.0,1,1,1,1,0,0,1,98.0,0.0,City Hotel,October,Wednesday,BB,PRT,Corporate,Corporate,A,No Deposit,Transient,,219.0,0
24,2016,40,28,0,1,2,0,0,0,0,0,0,0,119.0,0,1,1,2,0,1,0,59.5,0.0,City Hotel,September,Wednesday,SC,PRT,Online TA,TA/TO,A,No Deposit,Transient,9.0,,0
44,2016,52,24,2,1,3,0,0,0,0,0,0,0,138.0,0,0,3,3,0,1,0,46.0,0.0,City Hotel,December,Saturday,BB,ITA,Direct,Direct,D,No Deposit,Transient,14.0,,0
171,2017,27,6,0,3,2,1,0,0,0,0,0,0,156.67,0,1,3,3,1,1,0,52.22333333333333,0.0,Resort Hotel,July,Thursday,HB,PRT,Online TA,TA/TO,D,No Deposit,Transient,242.0,,1
7,2016,3,10,2,1,2,0,0,0,0,0,0,0,89.0,0,1,3,2,0,1,0,44.5,0.0,City Hotel,January,Sunday,BB,ITA,Online TA,TA/TO,A,No Deposit,Transient,9.0,,0
27,2016,41,3,1,1,2,0,0,0,0,0,0,0,95.0,0,0,2,2,0,1,0,47.5,0.0,City Hotel,October,Monday,BB,ITA,Offline TA/TO,TA/TO,A,No Deposit,Transient,85.0,,0
3,2016,40,30,0,2,2,0,0,0,0,0,0,0,99.0,0,0,2,2,0,1,0,49.5,0.0,Resort Hotel,September,Friday,BB,PRT,Offline TA/TO,TA/TO,A,No Deposit,Transient,450.0,,0
51,2016,29,15,0,1,2,0,0,0,0,0,0,0,94.5,0,0,1,2,0,1,0,47.25,0.0,City Hotel,July,Friday,SC,SWE,Online TA,TA/TO,A,No Deposit,Transient,9.0,,0
1,2015,41,9,1,2,2,0,0,0,0,0,0,0,169.33,1,0,3,2,0,1,0,84.665,0.0,City Hotel,October,Friday,BB,ESP,Online TA,TA/TO,A,No Deposit,Transient,9.0,,0
42,2016,3,16,2,1,2,0,0,0,0,0,0,0,78.3,0,1,3,2,0,1,0,39.15,0.0,City Hotel,January,Saturday,BB,NLD,Online TA,TA/TO,A,No Deposit,Transient-Party,9.0,,0
78,2016,16,12,4,10,2,0,0,0,0,0,0,0,80.0,0,0,14,2,0,1,0,40.0,0.0,Resort Hotel,April,Tuesday,HB,PRT,Groups,Direct,D,No Deposit,Transient-Party,273.0,,1
84,2017,21,21,2,2,2,0,0,0,0,0,2,0,109.25,0,0,4,2,0,1,0,54.625,0.0,City Hotel,May,Sunday,BB,DEU,Direct,Direct,A,No Deposit,Transient,14.0,,1
0,2016,13,22,0,1,1,0,0,0,0,0,0,0,99.0,0,2,1,1,0,0,0,99.0,0.0,City Hotel,March,Tuesday,BB,BEL,Direct,Direct,D,No Deposit,Transient,,,0
53,2017,13,26,2,1,2,0,0,0,0,0,0,0,106.2,0,0,3,2,0,1,0,53.1,0.0,City Hotel,March,Sunday,BB,FRA,Online TA,TA/TO,D,No Deposit,Transient,9.0,,1
113,2016,18,24,2,2,2,0,0,0,0,0,1,0,85.85,0,0,4,2,0,1,0,42.925,0.0,City Hotel,April,Sunday,BB,FRA,Online TA,TA/TO,B,No Deposit,Transient,9.0,,0
17,2017,6,6,1,0,1,0,0,1,0,1,0,0,36.0,0,0,1,1,0,0,1,36.0,0.0,Resort Hotel,February,Monday,BB,PRT,Corporate,Corporate,A,No Deposit,Transient,,490.0,0
22,2017,33,19,2,2,3,1,0,0,0,0,0,0,340.0,0,1,4,4,1,1,0,85.0,0.0,Resort Hotel,August,Saturday,BB,ESP,Online TA,TA/TO,H,No Deposit,Transient,240.0,,0
30,2016,40,25,2,0,2,0,0,0,0,0,1,0,109.1,0,1,2,2,0,1,0,54.55,0.0,City Hotel,September,Sunday,BB,CHN,Online TA,TA/TO,A,No Deposit,Transient,9.0,,0
2,2016,13,23,0,2,3,0,0,0,0,0,0,0,169.0,0,3,2,3,0,1,0,56.333333333333336,0.0,City Hotel,March,Wednesday,BB,IRL,Online TA,TA/TO,D,No Deposit,Transient,9.0,,0
2,2017,5,3,0,2,2,1,0,0,0,0,1,0,128.74,0,0,2,3,1,1,0,42.913333333333334,0.0,Resort Hotel,February,Friday,Undefined,ESP,Online TA,TA/TO,A,No Deposit,Transient,314.0,,0
91,2017,14,2,2,2,3,0,0,0,0,0,1,0,109.8,0,4,4,3,0,1,0,36.6,0.0,City Hotel,April,Sunday,BB,DEU,Online TA,TA/TO,A,No Deposit,Transient,9.0,,0
4,2016,5,26,0,1,1,0,0,0,0,0,0,0,38.0,0,0,1,1,0,0,0,38.0,0.0,Resort Hotel,January,Tuesday,BB,PRT,Corporate,Corporate,A,No Deposit,Transient,,,0
3,2016,30,21,0,1,2,0,0,0,0,0,0,0,85.0,0,0,1,2,0,1,0,42.5,0.0,City Hotel,July,Thursday,BB,GBR,Offline TA/TO,TA/TO,A,No Deposit,Transient,138.0,,0
278,2017,3,16,1,0,2,0,0,0,0,0,0,0,67.15,0,0,1,2,0,1,0,33.575,0.0,City Hotel,January,Monday,BB,SGP,Direct,Direct,A,No Deposit,Transient,14.0,,1
353,2017,21,24,0,3,2,0,0,0,0,0,0,0,99.0,0,1,3,2,0,1,0,49.5,0.0,City Hotel,May,Wednesday,SC,GBR,Online TA,TA/TO,A,No Deposit,Transient,9.0,,0
76,2015,39,22,2,6,2,0,0,0,0,0,2,0,140.63,1,1,8,2,0,1,0,70.315,0.0,Resort Hotel,September,Tuesday,BB,GBR,Online TA,TA/TO,G,No Deposit,Transient,242.0,,0
16,2016,20,8,2,2,2,0,0,0,0,0,0,0,80.75,0,0,4,2,0,1,0,40.375,0.0,City Hotel,May,Sunday,BB,GBR,Offline TA/TO,TA/TO,A,No Deposit,Transient,42.0,,0
35,2016,2,5,0,3,2,0,0,0,0,0,0,0,60.0,0,0,3,2,0,1,0,30.0,0.0,City Hotel,January,Tuesday,BB,FRA,Offline TA/TO,TA/TO,A,No Deposit,Transient,28.0,,0
20,2016,7,7,2,1,2,0,0,0,0,0,0,0,93.0,0,2,3,2,0,1,0,46.5,0.0,City Hotel,February,Sunday,BB,CHE,Online TA,TA/TO,A,No Deposit,Transient,9.0,,0
201,2017,9,4,2,3,2,0,0,0,0,0,1,0,135.0,0,1,5,2,0,1,0,67.5,0.0,Resort Hotel,March,Saturday,HB,GBR,Online TA,TA/TO,G,No Deposit,Transient,240.0,,0
71,2016,24,9,0,1,2,0,0,0,0,0,0,0,126.9,0,0,1,2,0,1,0,63.45,0.0,City Hotel,June,Thursday,BB,JPN,Online TA,TA/TO,A,No Deposit,Transient,9.0,,1
45,2016,25,17,1,2,2,0,0,0,0,0,0,0,65.0,0,1,3,2,0,1,0,32.5,0.0,City Hotel,June,Friday,BB,PRT,Groups,TA/TO,A,No Deposit,Transient-Party,1.0,,0
83,2016,48,21,1,1,2,1,0,0,0,0,0,0,109.8,0,2,2,3,1,1,0,36.6,0.0,City Hotel,November,Monday,BB,PRT,Online TA,TA/TO,A,No Deposit,Transient,9.0,,1
72,2017,12,21,0,3,2,0,0,0,0,0,2,0,106.2,0,2,3,2,0,1,0,53.1,0.0,City Hotel,March,Tuesday,BB,NLD,Online TA,TA/TO,D,No Deposit,Transient,9.0,,0
12,2017,19,9,0,1,1,0,0,1,0,1,0,0,45.0,0,0,1,1,0,0,1,45.0,0.0,Resort Hotel,May,Tuesday,BB,PRT,Corporate,Corporate,A,No Deposit,Transient,,270.0,0
36,2017,30,29,2,2,3,0,0,0,0,0,0,0,240.0,0,1,4,3,0,1,0,80.0,0.0,City Hotel,July,Saturday,BB,GHA,Online TA,TA/TO,E,No Deposit,Transient,9.0,,1
141,2016,25,15,0,4,2,0,0,0,0,0,0,0,119.85,0,2,4,2,0,1,0,59.925,0.0,City Hotel,June,Wednesday,BB,PRT,Online TA,TA/TO,A,No Deposit,Transient-Party,9.0,,0
3,2016,23,2,0,1,1,0,0,1,0,2,0,0,75.0,0,0,1,1,0,0,1,75.0,0.0,Resort Hotel,June,Thursday,BB,PRT,Corporate,Corporate,A,No Deposit,Transient,,331.0,0
208,2017,31,2,0,1,1,0,0,0,0,0,2,0,24.0,0,0,1,1,0,1,0,24.0,0.0,City Hotel,August,Wednesday,HB,PRT,Groups,TA/TO,A,No Deposit,Transient-Party,30.0,,0
66,2015,34,17,1,5,2,0,1,0,0,0,2,0,149.2,0,1,6,3,1,1,0,49.73333333333333,0.0,Resort Hotel,August,Monday,HB,ESP,Offline TA/TO,TA/TO,D,No Deposit,Transient,142.0,,0
49,2016,24,8,0,3,2,0,0,0,0,0,0,0,98.87,0,2,3,2,0,1,0,49.435,0.0,City Hotel,June,Wednesday,BB,ARG,Online TA,TA/TO,D,No Deposit,Transient,7.0,,0
52,2016,14,31,1,3,2,0,0,0,0,0,0,0,99.88,0,1,4,2,0,1,0,49.94,0.0,City Hotel,March,Thursday,BB,BEL,Online TA,TA/TO,D,No Deposit,Transient-Party,9.0,,0
36,2016,10,2,0,3,3,0,0,0,0,0,0,0,117.3,0,1,3,3,0,1,0,39.1,0.0,City Hotel,March,Wednesday,BB,PRT,Online TA,TA/TO,D,No Deposit,Transient,9.0,,0
93,2017,20,17,2,5,2,0,0,0,0,0,1,0,170.0,0,0,7,2,0,1,0,85.0,0.0,Resort Hotel,May,Wednesday,FB,FRA,Direct,Direct,E,No Deposit,Transient-Party,250.0,,0
0,2017,6,10,0,2,2,0,0,1,0,4,0,0,48.0,0,0,2,2,0,0,0,24.0,0.0,Resort Hotel,February,Friday,BB,PRT,Direct,Direct,A,No Deposit,Transient,,,0
185,2016,43,20,0,2,3,0,0,0,0,0,0,0,128.7,0,2,2,3,0,1,0,42.9,0.0,City Hotel,October,Thursday,BB,RUS,Online TA,TA/TO,D,No Deposit,Transient,9.0,,0
144,2016,36,1,0,3,2,0,0,0,0,0,0,0,149.4,0,2,3,2,0,1,0,74.7,0.0,City Hotel,September,Thursday,BB,NOR,Online TA,TA/TO,D,No Deposit,Transient,9.0,,0
0,2016,13,26,1,1,2,0,0,0,0,0,0,0,134.0,0,0,2,2,0,1,0,67.0,0.0,City Hotel,March,Saturday,SC,USA,Online TA,TA/TO,A,No Deposit,Transient,9.0,,0
201,2016,21,16,3,8,2,0,0,0,0,0,0,0,46.98,0,2,11,2,0,1,0,23.49,0.0,Resort Hotel,May,Monday,BB,DEU,Online TA,TA/TO,A,No Deposit,Transient,240.0,,0
19,2017,25,24,0,1,2,2,0,0,0,0,0,0,176.0,1,2,1,4,1,1,0,44.0,0.0,Resort Hotel,June,Saturday,BB,FIN,Online TA,TA/TO,G,No Deposit,Transient,241.0,,0
112,2017,21,26,0,1,2,0,0,0,0,0,0,0,126.0,0,0,1,2,0,1,0,63.0,0.0,City Hotel,May,Friday,SC,VEN,Online TA,TA/TO,A,No Deposit,Transient,9.0,,0
0,2015,32,7,0,2,2,2,0,0,0,0,0,0,153.0,0,1,2,4,1,1,0,38.25,0.0,City Hotel,August,Friday,SC,POL,Online TA,TA/TO,F,No Deposit,Contract,9.0,,0
62,2017,13,31,1,2,2,0,0,0,0,0,0,0,110.4,0,0,3,2,0,1,0,55.2,0.0,City Hotel,March,Friday,BB,ITA,Online TA,TA/TO,A,No Deposit,Transient,9.0,,0
67,2016,31,26,0,1,1,0,0,0,0,0,1,27,95.0,0,0,1,1,0,1,0,95.0,0.0,City Hotel,July,Tuesday,HB,PRT,Offline TA/TO,TA/TO,A,No Deposit,Transient-Party,39.0,,0
166,2017,15,14,0,2,2,0,0,0,0,0,2,0,114.0,0,1,2,2,0,1,0,57.0,0.0,City Hotel,April,Friday,SC,PRT,Online TA,TA/TO,A,No Deposit,Transient,9.0,,1
2,2016,26,22,0,1,1,0,0,0,0,0,0,0,124.0,0,0,1,1,0,1,0,124.0,0.0,City Hotel,June,Wednesday,SC,DEU,Offline TA/TO,GDS,A,No Deposit,Transient,195.0,,1
157,2017,12,25,2,5,2,0,0,0,0,0,0,0,54.4,0,0,7,2,0,1,0,27.2,0.0,Resort Hotel,March,Saturday,HB,DEU,Offline TA/TO,TA/TO,D,No Deposit,Transient,177.0,,0
81,2016,11,9,0,3,2,0,0,0,0,0,0,0,93.0,0,0,3,2,0,1,0,46.5,0.0,Resort Hotel,March,Wednesday,HB,GBR,Groups,TA/TO,E,No Deposit,Transient-Party,115.0,,0
5,2016,7,10,0,1,1,0,0,0,0,0,0,0,86.0,0,0,1,1,0,1,0,86.0,0.0,City Hotel,February,Wednesday,BB,PRT,Online TA,TA/TO,A,No Deposit,Transient,9.0,,0
49,2016,49,1,0,2,2,1,0,0,0,0,0,0,98.82,0,1,2,3,1,1,0,32.94,0.0,City Hotel,December,Thursday,BB,CHN,Online TA,TA/TO,A,No Deposit,Transient,9.0,,1
27,2015,40,30,0,2,2,0,0,0,0,0,0,21,108.0,0,0,2,2,0,1,0,54.0,0.0,City Hotel,September,Wednesday,BB,PRT,Offline TA/TO,TA/TO,A,Non Refund,Transient,64.0,,1
237,2016,38,15,2,5,2,0,0,0,0,0,0,0,62.9,0,0,7,2,0,1,0,31.45,0.0,Resort Hotel,September,Thursday,BB,GBR,Offline TA/TO,TA/TO,D,No Deposit,Contract,243.0,,0
18,2016,24,6,1,2,2,0,0,0,0,0,0,0,109.0,0,0,3,2,0,1,0,54.5,0.0,Resort Hotel,June,Monday,BB,ITA,Online TA,TA/TO,A,No Deposit,Transient,240.0,,1
81,2016,28,3,2,1,2,0,0,0,0,0,0,0,103.5,0,1,3,2,0,1,0,51.75,0.0,City Hotel,July,Sunday,SC,USA,Online TA,TA/TO,A,No Deposit,Transient,9.0,,1
1,2015,39,26,1,1,2,0,0,0,0,0,0,0,97.0,1,1,2,2,0,1,0,48.5,0.0,Resort Hotel,September,Saturday,BB,IRL,Online TA,TA/TO,A,No Deposit,Transient,240.0,,0
22,2015,36,1,0,3,2,0,0,0,0,0,0,0,105.0,0,2,3,2,0,1,0,52.5,0.0,City Hotel,September,Tuesday,BB,FRA,Online TA,TA/TO,A,No Deposit,Contract,9.0,,0
81,2016,13,26,2,2,2,0,0,0,0,0,0,0,95.2,0,0,4,2,0,1,0,47.6,0.0,City Hotel,March,Saturday,BB,NGA,Online TA,TA/TO,D,No Deposit,Transient,9.0,,1
158,2017,18,5,2,2,2,0,0,0,0,0,0,0,144.5,0,3,4,2,0,1,0,72.25,0.0,City Hotel,May,Friday,BB,IRL,Online TA,TA/TO,D,No Deposit,Transient,9.0,,0
5,2016,7,13,2,1,2,0,0,0,0,0,0,0,79.0,0,0,3,2,0,1,0,39.5,0.0,City Hotel,February,Saturday,SC,IND,Online TA,TA/TO,A,No Deposit,Transient,9.0,,1
187,2016,30,18,1,2,2,1,0,0,0,0,2,0,122.8,0,2,3,3,1,1,0,40.93333333333333,0.0,City Hotel,July,Monday,BB,NOR,Online TA,TA/TO,D,No Deposit,Transient,9.0,,0
140,2016,30,18,1,3,2,0,0,0,0,0,0,0,114.33,0,0,4,2,0,1,0,57.165,0.0,City Hotel,July,Monday,BB,FRA,Online TA,TA/TO,D,No Deposit,Transient-Party,9.0,,0
17,2016,9,26,1,2,2,0,0,0,0,0,0,0,56.0,0,0,3,2,0,1,0,28.0,0.0,Resort Hotel,February,Friday,HB,ESP,Offline TA/TO,TA/TO,A,No Deposit,Transient,196.0,,0
120,2017,26,1,2,6,2,0,0,0,0,2,1,0,144.0,1,1,8,2,0,1,0,72.0,0.0,Resort Hotel,July,Saturday,BB,PRT,Direct,Direct,D,No Deposit,Transient,250.0,,0
248,2016,45,31,1,2,1,0,0,0,0,0,0,0,106.0,0,0,3,1,0,0,1,106.0,0.0,City Hotel,October,Monday,BB,PRT,Corporate,Corporate,E,Non Refund,Transient-Party,,51.0,1
286,2015,42,14,2,4,2,0,0,0,0,0,2,0,44.5,0,0,6,2,0,0,1,22.25,0.0,Resort Hotel,October,Wednesday,BB,GBR,Groups,Corporate,A,No Deposit,Transient-Party,,223.0,0
71,2016,19,7,2,4,1,0,0,0,0,0,0,0,132.6,0,0,6,1,0,1,0,132.6,0.0,City Hotel,May,Saturday,BB,GBR,Online TA,TA/TO,D,No Deposit,Transient-Party,9.0,,0
53,2015,30,24,2,5,3,0,0,0,0,0,0,0,190.4,0,1,7,3,0,1,0,63.46666666666667,0.0,Resort Hotel,July,Friday,HB,DEU,Online TA,TA/TO,A,No Deposit,Transient,242.0,,0
184,2015,32,8,2,5,2,0,0,0,1,0,0,0,119.7,0,1,7,2,0,1,0,59.85,1.0,Resort Hotel,August,Saturday,HB,PRT,Offline TA/TO,TA/TO,A,No Deposit,Transient,171.0,,1
18,2016,7,7,2,1,2,0,0,0,0,0,0,0,82.8,0,1,3,2,0,1,0,41.4,0.0,City Hotel,February,Sunday,BB,DEU,Online TA,TA/TO,D,No Deposit,Transient,9.0,,0
35,2017,7,12,2,3,2,0,0,0,0,0,2,0,91.3,0,1,5,2,0,1,0,45.65,0.0,City Hotel,February,Sunday,BB,GBR,Online TA,TA/TO,A,No Deposit,Transient,9.0,,0
133,2015,53,28,1,1,2,0,0,0,0,0,0,0,29.16,0,1,2,2,0,1,0,14.58,0.0,Resort Hotel,December,Monday,BB,PRT,Online TA,TA/TO,A,No Deposit,Transient,240.0,,1
54,2016,10,1,0,4,2,0,0,0,0,0,0,0,86.58,0,0,4,2,0,1,0,43.29,0.0,City Hotel,March,Tuesday,BB,FRA,Online TA,TA/TO,D,No Deposit,Transient,9.0,,0
160,2017,35,29,0,5,2,1,0,0,0,0,0,0,153.9,0,0,5,3,1,1,0,51.3,0.0,City Hotel,August,Tuesday,BB,GBR,Online TA,TA/TO,A,No Deposit,Transient,9.0,,0
51,2016,16,16,2,5,2,0,0,0,0,0,0,0,53.28,0,0,7,2,0,1,0,26.64,0.0,Resort Hotel,April,Saturday,BB,PRT,Offline TA/TO,TA/TO,D,No Deposit,Transient,314.0,,1
28,2017,17,29,2,1,2,0,0,0,0,0,1,0,146.33,0,2,3,2,0,1,0,73.165,0.0,City Hotel,April,Saturday,BB,DEU,Online TA,TA/TO,A,No Deposit,Transient,9.0,,0
17,2015,45,3,0,5,2,0,0,0,0,0,0,0,90.95,0,1,5,2,0,1,0,45.475,0.0,City Hotel,November,Tuesday,BB,PRT,Online TA,TA/TO,A,No Deposit,Transient,9.0,,0
2,2017,25,21,0,1,1,0,0,0,0,0,1,0,174.0,1,1,1,1,0,1,0,174.0,0.0,City Hotel,June,Wednesday,BB,ESP,Direct,Direct,A,No Deposit,Transient,14.0,,0
212,2016,19,4,0,2,2,0,0,0,0,0,0,0,41.4,0,0,2,2,0,1,0,20.7,0.0,Resort Hotel,May,Wednesday,BB,GBR,Offline TA/TO,TA/TO,A,No Deposit,Transient,6.0,,0
11,2016,7,13,2,5,1,0,0,0,0,0,0,0,39.0,0,2,7,1,0,1,0,39.0,0.0,Resort Hotel,February,Saturday,BB,FRA,Online TA,TA/TO,A,No Deposit,Transient,240.0,,0
133,2016,23,1,0,4,2,0,0,0,0,0,0,0,85.5,0,1,4,2,0,1,0,42.75,0.0,Resort Hotel,June,Wednesday,BB,PRT,Online TA,TA/TO,D,No Deposit,Transient,242.0,,1
44,2017,16,20,0,3,2,0,0,0,0,0,0,0,133.33,0,0,3,2,0,1,0,66.665,0.0,City Hotel,April,Thursday,BB,ITA,Groups,TA/TO,A,No Deposit,Transient-Party,1.0,,0
205,2016,30,22,2,3,2,0,0,0,0,0,0,0,90.95,0,1,5,2,0,1,0,45.475,0.0,City Hotel,July,Friday,BB,GBR,Online TA,TA/TO,A,No Deposit,Transient-Party,9.0,,1
47,2016,45,5,2,2,2,0,2,0,0,0,1,0,74.8,0,5,4,4,1,1,0,18.7,0.0,Resort Hotel,November,Saturday,HB,GBR,Online TA,TA/TO,A,No Deposit,Transient,240.0,,0
92,2017,14,2,2,1,2,0,0,0,0,0,0,0,117.0,0,2,3,2,0,1,0,58.5,0.0,City Hotel,April,Sunday,BB,ESP,Online TA,TA/TO,A,No Deposit,Transient,9.0,,1
164,2017,26,1,2,5,2,1,1,0,0,0,0,0,141.12,0,0,7,4,1,1,0,35.28,0.0,Resort Hotel,July,Saturday,HB,PRT,Online TA,TA/TO,C,No Deposit,Transient,175.0,,1
18,2016,43,18,0,1,1,0,0,1,3,19,1,0,67.0,1,0,1,1,0,0,1,67.0,0.1363636363636363,City Hotel,October,Tuesday,BB,PRT,Corporate,Corporate,A,No Deposit,Transient,,40.0,0
61,2016,12,19,2,2,2,0,0,0,0,0,1,0,63.58,0,0,4,2,0,1,0,31.79,0.0,City Hotel,March,Saturday,BB,ESP,Offline TA/TO,TA/TO,A,No Deposit,Transient,138.0,,0
73,2016,5,29,0,2,2,0,0,0,1,0,0,0,44.8,0,1,2,2,0,1,0,22.4,1.0,Resort Hotel,January,Friday,BB,PRT,Online TA,TA/TO,D,No Deposit,Transient,240.0,,1
1,2017,13,29,0,2,1,0,0,0,0,0,1,0,107.0,0,0,2,1,0,1,0,107.0,0.0,City Hotel,March,Wednesday,BB,PRT,Direct,Direct,A,No Deposit,Transient,14.0,,0
33,2017,1,6,2,2,1,0,0,0,0,0,0,0,74.8,0,1,4,1,0,1,0,74.8,0.0,City Hotel,January,Friday,SC,ITA,Online TA,TA/TO,A,No Deposit,Transient,9.0,,1
21,2017,7,18,0,1,2,0,0,0,0,0,0,0,48.0,0,0,1,2,0,1,0,24.0,0.0,Resort Hotel,February,Saturday,BB,PRT,Online TA,TA/TO,A,No Deposit,Transient,240.0,,1
99,2017,28,14,2,6,2,0,0,0,0,0,0,0,205.25,0,1,8,2,0,1,0,102.625,0.0,Resort Hotel,July,Friday,BB,CHE,Online TA,TA/TO,D,No Deposit,Transient,240.0,,0
6,2017,6,9,2,5,2,0,0,0,0,0,1,0,66.0,0,0,7,2,0,1,0,33.0,0.0,Resort Hotel,February,Thursday,Undefined,FRA,Offline TA/TO,TA/TO,A,No Deposit,Transient,464.0,,0
190,2015,32,4,2,8,2,0,0,0,0,0,0,0,110.7,0,1,10,2,0,1,0,55.35,0.0,Resort Hotel,August,Tuesday,BB,GBR,Offline TA/TO,TA/TO,D,No Deposit,Contract,115.0,,0
254,2015,37,12,2,2,2,0,0,0,0,0,0,0,36.0,0,0,4,2,0,1,0,18.0,0.0,Resort Hotel,September,Saturday,BB,CN,Groups,TA/TO,A,No Deposit,Transient-Party,15.0,,0
134,2016,24,9,0,3,2,0,0,0,0,0,0,0,109.33,1,1,3,2,0,1,0,54.665,0.0,Resort Hotel,June,Thursday,BB,CHE,Online TA,TA/TO,A,No Deposit,Transient,240.0,,0
53,2017,33,19,1,1,2,0,0,0,0,0,0,0,170.0,0,1,2,2,0,1,0,85.0,0.0,City Hotel,August,Saturday,BB,DEU,Online TA,TA/TO,D,No Deposit,Transient,9.0,,0
34,2016,5,24,1,0,1,0,0,0,0,0,0,0,66.0,0,0,1,1,0,0,1,66.0,0.0,City Hotel,January,Sunday,BB,PRT,Corporate,Corporate,A,No Deposit,Transient,,40.0,0
307,2017,31,2,2,5,2,0,0,0,0,0,0,0,154.8,0,2,7,2,0,1,0,77.4,0.0,City Hotel,August,Wednesday,HB,BRA,Online TA,TA/TO,D,No Deposit,Transient,9.0,,1
84,2017,14,3,1,3,2,0,0,0,0,0,0,0,99.0,0,0,4,2,0,1,0,49.5,0.0,City Hotel,April,Monday,SC,DEU,Online TA,TA/TO,A,No Deposit,Transient,9.0,,1
0,2016,48,25,0,1,2,0,0,0,0,0,0,0,43.0,0,0,1,2,0,0,0,21.5,0.0,Resort Hotel,November,Friday,BB,CHN,Direct,Direct,A,No Deposit,Transient,,,0
21,2017,22,2,0,2,2,0,0,0,0,0,0,0,101.5,1,1,2,2,0,1,0,50.75,0.0,Resort Hotel,June,Friday,BB,ROU,Online TA,TA/TO,A,No Deposit,Transient,240.0,,0
218,2016,37,8,1,3,2,0,0,0,0,0,0,0,120.0,0,1,4,2,0,1,0,60.0,0.0,Resort Hotel,September,Thursday,BB,PRT,Online TA,TA/TO,E,No Deposit,Transient,240.0,,1
386,2016,43,20,1,3,2,0,0,0,0,0,0,0,49.0,0,0,4,2,0,0,0,24.5,0.0,Resort Hotel,October,Thursday,BB,GBR,Groups,Corporate,A,No Deposit,Transient-Party,,,0
86,2017,24,14,2,5,2,0,0,0,0,0,1,0,218.0,1,2,7,2,0,1,0,109.0,0.0,Resort Hotel,June,Wednesday,HB,ESP,Online TA,TA/TO,C,No Deposit,Transient,240.0,,0
63,2016,17,21,0,3,2,0,0,0,0,0,0,0,94.5,0,0,3,2,0,1,0,47.25,0.0,City Hotel,April,Thursday,SC,IRL,Online TA,TA/TO,A,No Deposit,Transient,9.0,,1
0,2016,31,25,1,2,2,0,0,0,0,0,0,0,214.33,0,1,3,2,0,1,0,107.165,0.0,Resort Hotel,July,Monday,HB,PRT,Online TA,TA/TO,A,No Deposit,Transient,240.0,,0
3,2015,48,23,1,1,2,0,0,0,0,0,0,0,48.0,0,1,2,2,0,1,0,24.0,0.0,Resort Hotel,November,Monday,BB,PRT,Online TA,TA/TO,A,No Deposit,Transient,240.0,,0
249,2017,21,24,0,4,3,0,0,0,0,0,0,0,157.5,0,2,4,3,0,1,0,52.5,0.0,City Hotel,May,Wednesday,BB,GBR,Online TA,TA/TO,D,No Deposit,Transient,9.0,,1
0,2016,41,5,0,1,2,0,0,0,0,0,0,0,105.0,1,0,1,2,0,0,0,52.5,0.0,Resort Hotel,October,Wednesday,BB,USA,Direct,Direct,D,No Deposit,Transient,,,0
9,2016,46,6,2,2,2,0,0,0,0,0,0,0,70.56,0,1,4,2,0,0,0,35.28,0.0,Resort Hotel,November,Sunday,HB,ESP,Online TA,TA/TO,D,No Deposit,Transient,,,0
68,2016,16,14,1,3,2,0,0,0,0,0,0,0,112.2,0,0,4,2,0,1,0,56.1,0.0,City Hotel,April,Thursday,BB,SWE,Online TA,TA/TO,D,No Deposit,Transient,9.0,,1
165,2016,14,30,1,4,2,0,0,0,0,0,0,0,94.18,0,0,5,2,0,1,0,47.09,0.0,City Hotel,March,Wednesday,BB,FRA,Online TA,TA/TO,A,No Deposit,Transient,8.0,,0
139,2016,37,9,1,2,2,0,0,0,0,0,0,0,151.0,1,2,3,2,0,1,0,75.5,0.0,Resort Hotel,September,Friday,BB,ESP,Online TA,TA/TO,A,No Deposit,Transient,240.0,,0
83,2016,33,10,2,4,2,0,0,0,0,0,0,0,186.6,0,0,6,2,0,1,0,93.3,0.0,Resort Hotel,August,Wednesday,BB,FRA,Direct,Direct,D,No Deposit,Transient-Party,250.0,,0
14,2016,43,22,0,1,2,0,0,0,0,0,0,0,160.0,0,0,1,2,0,1,0,80.0,0.0,City Hotel,October,Saturday,BB,ITA,Online TA,TA/TO,A,No Deposit,Transient,9.0,,1
235,2016,43,17,1,1,2,0,0,0,0,1,0,0,74.5,1,1,2,2,0,0,0,37.25,0.0,Resort Hotel,October,Monday,BB,BEL,Direct,Direct,D,No Deposit,Transient,,,0
18,2017,10,6,1,2,2,0,0,0,0,0,2,0,12.0,0,0,3,2,0,1,0,6.0,0.0,City Hotel,March,Monday,BB,PRT,Groups,TA/TO,A,No Deposit,Transient-Party,37.0,,1
169,2016,41,4,0,5,2,0,0,0,0,0,3,0,81.0,0,0,5,2,0,1,0,40.5,0.0,Resort Hotel,October,Tuesday,BB,ITA,Online TA,TA/TO,A,No Deposit,Transient,240.0,,1
115,2016,53,27,0,5,2,2,0,0,0,0,0,0,170.63,0,2,5,4,1,1,0,42.6575,0.0,City Hotel,December,Tuesday,BB,BRA,Online TA,TA/TO,G,No Deposit,Transient,7.0,,0
1,2016,28,7,0,1,1,0,0,0,0,18,0,0,73.0,0,2,1,1,0,0,1,73.0,0.0,Resort Hotel,July,Thursday,BB,,Corporate,Corporate,A,No Deposit,Transient,,204.0,0
157,2016,28,6,0,4,2,0,0,0,0,0,0,0,107.95,0,0,4,2,0,1,0,53.975,0.0,City Hotel,July,Wednesday,BB,GBR,Online TA,TA/TO,A,No Deposit,Transient,9.0,,1
121,2017,19,9,0,3,2,0,0,0,0,0,0,0,108.0,0,0,3,2,0,1,0,54.0,0.0,City Hotel,May,Tuesday,SC,CHE,Online TA,TA/TO,A,No Deposit,Transient,9.0,,1
95,2017,27,7,2,3,2,0,0,0,0,0,0,0,120.0,0,1,5,2,0,1,0,60.0,0.0,City Hotel,July,Friday,SC,IRL,Online TA,TA/TO,A,No Deposit,Transient,9.0,,1
44,2016,27,1,0,1,2,2,0,0,0,0,0,0,156.95,0,2,1,4,1,0,0,39.2375,0.0,City Hotel,July,Friday,BB,PRT,Direct,Direct,E,No Deposit,Transient-Party,,,0
16,2017,17,29,1,1,2,0,0,0,0,0,0,0,111.0,0,0,2,2,0,1,0,55.5,0.0,Resort Hotel,April,Saturday,BB,USA,Online TA,TA/TO,D,No Deposit,Transient,240.0,,1
87,2017,18,4,0,3,2,0,0,0,0,0,0,0,108.0,0,1,3,2,0,1,0,54.0,0.0,City Hotel,May,Thursday,SC,NLD,Online TA,TA/TO,A,No Deposit,Transient,9.0,,0
11,2016,45,30,2,1,2,0,0,0,0,0,0,0,133.33,0,1,3,2,0,1,0,66.665,0.0,City Hotel,October,Sunday,BB,BEL,Online TA,TA/TO,A,No Deposit,Transient,9.0,,0
185,2016,28,9,2,5,2,0,0,0,0,0,0,0,81.0,0,1,7,2,0,1,0,40.5,0.0,Resort Hotel,July,Saturday,BB,PRT,Online TA,TA/TO,A,No Deposit,Transient,240.0,,1
239,2017,6,11,8,20,2,0,0,0,0,0,0,0,37.8,0,2,28,2,0,1,0,18.9,0.0,Resort Hotel,February,Saturday,BB,CN,Online TA,TA/TO,A,No Deposit,Transient,240.0,,1
5,2016,7,12,0,2,2,0,0,0,0,0,0,0,79.0,0,1,2,2,0,1,0,39.5,0.0,City Hotel,February,Friday,SC,ESP,Online TA,TA/TO,A,No Deposit,Transient,9.0,,0
11,2017,9,3,0,2,2,0,0,0,0,0,1,0,112.5,0,1,2,2,0,1,0,56.25,0.0,City Hotel,March,Friday,BB,BRA,Online TA,TA/TO,A,No Deposit,Transient,9.0,,0
89,2017,30,27,0,3,1,0,0,0,0,0,1,0,120.0,0,1,3,1,0,1,0,120.0,0.0,City Hotel,July,Thursday,SC,FIN,Online TA,TA/TO,A,No Deposit,Transient,9.0,,0
3,2016,8,14,2,0,2,0,0,0,0,0,0,0,81.0,0,0,2,2,0,1,0,40.5,0.0,City Hotel,February,Sunday,SC,BEL,Online TA,TA/TO,A,No Deposit,Transient,9.0,,0
2,2015,48,26,0,1,2,0,0,0,0,0,0,0,75.0,0,0,1,2,0,1,0,37.5,0.0,City Hotel,November,Thursday,BB,PRT,Direct,Direct,A,No Deposit,Transient,14.0,,0
5,2017,7,13,1,4,1,0,0,0,0,0,1,0,34.0,0,0,5,1,0,1,0,34.0,0.0,Resort Hotel,February,Monday,BB,PRT,Offline TA/TO,TA/TO,A,No Deposit,Transient,315.0,,0
72,2016,18,24,2,3,1,0,0,0,0,0,1,0,61.2,0,0,5,1,0,1,0,61.2,0.0,Resort Hotel,April,Sunday,BB,IRL,Direct,Direct,D,No Deposit,Transient,250.0,,0
3,2017,32,9,0,1,2,0,0,0,0,0,0,0,282.0,0,2,1,2,0,1,0,141.0,0.0,Resort Hotel,August,Wednesday,HB,ESP,Online TA,TA/TO,D,No Deposit,Transient,240.0,,0
12,2016,32,4,1,3,2,0,0,0,0,0,0,0,236.0,0,0,4,2,0,1,0,118.0,0.0,Resort Hotel,August,Thursday,BB,ESP,Online TA,TA/TO,A,No Deposit,Transient,240.0,,0
32,2015,41,5,1,4,2,0,0,0,0,0,0,0,97.92,0,2,5,2,0,1,0,48.96,0.0,City Hotel,October,Monday,BB,FRA,Online TA,TA/TO,A,No Deposit,Contract,9.0,,0
179,2017,27,6,0,1,2,2,0,0,0,0,0,0,233.1,0,0,1,4,1,1,0,58.275,0.0,City Hotel,July,Thursday,HB,ITA,Online TA,TA/TO,F,No Deposit,Transient,9.0,,1
27,2016,16,14,0,1,2,0,0,0,0,0,0,0,65.0,0,0,1,2,0,1,0,32.5,0.0,Resort Hotel,April,Thursday,BB,PRT,Online TA,TA/TO,A,No Deposit,Transient,240.0,,1
34,2017,12,25,2,1,2,0,0,0,0,0,0,0,111.33,0,1,3,2,0,1,0,55.665,0.0,City Hotel,March,Saturday,BB,CN,Online TA,TA/TO,A,No Deposit,Transient,9.0,,0
26,2017,28,13,0,1,3,0,0,0,0,0,0,0,210.0,0,1,1,3,0,1,0,70.0,0.0,City Hotel,July,Thursday,BB,TWN,Online TA,TA/TO,D,No Deposit,Transient,9.0,,1
10,2016,42,14,1,2,1,0,0,0,0,0,0,0,119.0,0,0,3,1,0,1,0,119.0,0.0,City Hotel,October,Friday,BB,PRT,Offline TA/TO,TA/TO,A,No Deposit,Transient-Party,39.0,,1
42,2017,9,26,2,1,2,0,0,0,0,0,0,0,69.5,0,1,3,2,0,1,0,34.75,0.0,City Hotel,February,Sunday,SC,GBR,Online TA,TA/TO,A,No Deposit,Transient,7.0,,0
24,2017,20,20,0,1,1,0,0,0,0,0,1,0,130.0,0,1,1,1,0,1,0,130.0,0.0,City Hotel,May,Saturday,BB,PRT,Online TA,TA/TO,A,No Deposit,Transient,7.0,,1
14,2016,17,17,2,1,2,0,0,0,0,0,0,0,89.0,0,0,3,2,0,1,0,44.5,0.0,City Hotel,April,Sunday,SC,ITA,Online TA,TA/TO,A,No Deposit,Transient,9.0,,1
91,2016,20,10,0,2,2,0,0,0,0,0,0,0,75.0,0,0,2,2,0,1,0,37.5,0.0,City Hotel,May,Tuesday,BB,PRT,Offline TA/TO,TA/TO,A,No Deposit,Transient-Party,12.0,,1
146,2017,13,30,2,3,1,0,0,0,0,0,0,0,100.44,0,2,5,1,0,1,0,100.44,0.0,City Hotel,March,Thursday,BB,FRA,Online TA,TA/TO,A,No Deposit,Transient,9.0,,0
0,2017,8,21,0,1,1,0,0,0,0,7,0,0,43.0,0,0,1,1,0,0,0,43.0,0.0,Resort Hotel,February,Tuesday,BB,,Direct,Corporate,A,No Deposit,Transient,,,0
0,2017,31,31,1,0,2,0,0,0,0,0,0,0,160.0,0,2,1,2,0,1,0,80.0,0.0,Resort Hotel,July,Monday,BB,PRT,Online TA,TA/TO,A,No Deposit,Transient,240.0,,1
87,2017,22,28,2,3,3,0,0,0,0,0,0,0,189.0,0,0,5,3,0,1,0,63.0,0.0,City Hotel,May,Sunday,BB,BRA,Online TA,TA/TO,D,No Deposit,Transient,9.0,,0
46,2016,45,2,0,2,2,0,0,0,0,0,0,0,64.8,0,1,2,2,0,1,0,32.4,0.0,Resort Hotel,November,Wednesday,HB,LTU,Online TA,TA/TO,A,No Deposit,Transient-Party,240.0,,0
166,2017,22,30,0,3,2,0,0,0,0,0,0,0,92.17,0,1,3,2,0,1,0,46.085,0.0,City Hotel,May,Tuesday,BB,CHE,Online TA,TA/TO,A,No Deposit,Transient,7.0,,0
80,2016,14,30,2,8,2,0,0,0,0,0,0,0,73.1,0,0,10,2,0,1,0,36.55,0.0,City Hotel,March,Wednesday,SC,ARG,Online TA,TA/TO,A,No Deposit,Transient,9.0,,1
437,2017,23,6,0,1,2,0,0,0,0,0,0,0,90.0,0,0,1,2,0,1,0,45.0,0.0,City Hotel,June,Tuesday,BB,PRT,Groups,TA/TO,A,Non Refund,Transient,229.0,,1
60,2016,12,19,2,2,1,0,0,0,0,0,0,0,25.0,0,0,4,1,0,1,0,25.0,0.0,Resort Hotel,March,Saturday,BB,PRT,Offline TA/TO,TA/TO,A,No Deposit,Transient,171.0,,0
24,2015,49,5,2,1,2,0,0,0,0,0,0,0,78.0,0,1,3,2,0,1,0,39.0,0.0,Resort Hotel,December,Saturday,BB,PRT,Online TA,TA/TO,E,No Deposit,Transient,240.0,,1
128,2016,53,26,1,3,2,0,0,0,0,0,0,0,37.44,0,0,4,2,0,1,0,18.72,0.0,Resort Hotel,December,Monday,BB,GBR,Online TA,TA/TO,D,No Deposit,Transient-Party,147.0,,0
2,2016,44,26,0,1,1,0,0,0,0,2,0,0,72.0,0,0,1,1,0,1,0,72.0,0.0,Resort Hotel,October,Wednesday,BB,PRT,Online TA,TA/TO,E,No Deposit,Transient,314.0,,0
6,2016,10,2,0,1,1,0,0,0,0,0,0,0,65.8,0,0,1,1,0,1,0,65.8,0.0,City Hotel,March,Wednesday,BB,PRT,Offline TA/TO,TA/TO,A,No Deposit,Transient,6.0,,0
72,2016,46,11,0,2,2,0,0,0,0,0,1,0,91.6,0,0,2,2,0,1,0,45.8,0.0,City Hotel,November,Friday,BB,FRA,Direct,Direct,B,No Deposit,Transient,14.0,,0
51,2016,41,8,1,1,2,0,0,0,0,0,0,0,139.5,0,1,2,2,0,1,0,69.75,0.0,City Hotel,October,Saturday,BB,NLD,Online TA,TA/TO,D,No Deposit,Transient,9.0,,0
75,2017,33,14,1,3,2,0,0,0,0,0,0,0,130.0,0,1,4,2,0,1,0,65.0,0.0,City Hotel,August,Monday,SC,ESP,Online TA,TA/TO,A,No Deposit,Transient,9.0,,0
54,2016,35,24,0,4,2,0,0,0,0,0,0,0,204.0,0,0,4,2,0,1,0,102.0,0.0,Resort Hotel,August,Wednesday,BB,IRL,Online TA,TA/TO,D,No Deposit,Transient,240.0,,1
30,2016,23,29,2,1,2,0,0,0,0,0,1,0,129.9,0,1,3,2,0,1,0,64.95,0.0,City Hotel,May,Sunday,BB,CHN,Direct,Direct,A,No Deposit,Transient,14.0,,1
89,2017,34,26,1,1,2,0,0,0,0,0,0,0,118.08,0,1,2,2,0,1,0,59.04,0.0,City Hotel,August,Saturday,BB,BRA,Online TA,TA/TO,D,No Deposit,Transient,83.0,,0
118,2016,28,8,0,1,2,0,0,0,0,0,0,0,88.01,0,1,1,2,0,1,0,44.005,0.0,City Hotel,July,Friday,BB,USA,Online TA,TA/TO,A,No Deposit,Transient,7.0,,0
18,2015,36,5,1,1,2,0,0,0,0,0,0,0,80.85,0,1,2,2,0,1,0,40.425,0.0,City Hotel,September,Saturday,BB,PRT,Online TA,TA/TO,A,No Deposit,Transient,7.0,,0
5,2016,16,11,1,1,1,0,0,0,0,0,0,0,99.0,0,1,2,1,0,1,0,99.0,0.0,City Hotel,April,Monday,SC,GBR,Offline TA/TO,GDS,A,No Deposit,Transient,195.0,,0
193,2017,23,10,2,5,2,0,0,0,0,0,0,0,112.5,0,0,7,2,0,1,0,56.25,0.0,Resort Hotel,June,Saturday,BB,GBR,Direct,Direct,D,No Deposit,Transient,250.0,,1
192,2015,40,3,2,2,1,0,0,0,0,0,0,0,40.07,0,0,4,1,0,1,0,40.07,0.0,Resort Hotel,October,Saturday,BB,GBR,Online TA,TA/TO,A,No Deposit,Transient-Party,240.0,,0
5,2015,52,24,0,2,2,0,0,0,0,0,0,0,72.75,1,1,2,2,0,1,0,36.375,0.0,City Hotel,December,Thursday,SC,PRT,Online TA,TA/TO,A,No Deposit,Transient,9.0,,0
154,2016,49,3,2,4,2,0,0,0,0,0,1,0,42.12,0,0,6,2,0,1,0,21.06,0.0,Resort Hotel,December,Saturday,BB,GBR,Direct,Direct,D,No Deposit,Transient,250.0,,0
136,2016,19,7,2,5,2,2,0,0,0,0,0,0,170.36,0,1,7,4,1,1,0,42.59,0.0,City Hotel,May,Saturday,BB,GBR,Online TA,TA/TO,F,No Deposit,Transient,9.0,,1
2,2015,45,5,0,1,1,0,0,0,1,2,2,0,46.0,1,2,1,1,0,0,1,46.0,0.3333333333333333,Resort Hotel,November,Thursday,BB,PRT,Corporate,Corporate,A,No Deposit,Transient,,81.0,0
0,2016,11,11,0,1,2,0,0,1,0,2,0,0,70.0,0,0,1,2,0,1,0,35.0,0.0,Resort Hotel,March,Friday,BB,PRT,Online TA,TA/TO,A,No Deposit,Transient,240.0,,0
205,2016,34,15,1,4,2,0,0,0,0,0,0,0,157.25,0,0,5,2,0,1,0,78.625,0.0,Resort Hotel,August,Monday,BB,PRT,Direct,Direct,F,No Deposit,Transient,250.0,,1
1,2017,3,19,0,1,2,0,0,0,0,0,0,0,88.0,0,0,1,2,0,1,0,44.0,0.0,City Hotel,January,Thursday,SC,BRA,Online TA,TA/TO,A,No Deposit,Transient,9.0,,0
21,2016,41,4,0,3,2,0,0,0,0,0,0,0,85.0,0,0,3,2,0,1,0,42.5,0.0,City Hotel,October,Tuesday,BB,FRA,Offline TA/TO,TA/TO,A,No Deposit,Transient,28.0,,0
2,2016,7,13,0,1,2,0,0,0,0,0,0,0,79.0,0,1,1,2,0,1,0,39.5,0.0,City Hotel,February,Saturday,SC,PRT,Online TA,TA/TO,A,No Deposit,Transient,9.0,,1
5,2016,17,20,0,3,1,0,0,0,0,0,1,0,95.0,0,0,3,1,0,0,1,95.0,0.0,City Hotel,April,Wednesday,BB,PRT,Aviation,Corporate,A,No Deposit,Transient,,153.0,0
31,2016,30,23,1,1,2,0,0,0,0,0,0,0,160.93,0,0,2,2,0,1,0,80.465,0.0,Resort Hotel,July,Saturday,BB,PRT,Online TA,TA/TO,E,No Deposit,Transient,241.0,,1
72,2016,23,3,0,2,2,0,0,0,0,0,0,0,126.9,0,1,2,2,0,1,0,63.45,0.0,City Hotel,June,Friday,BB,DEU,Online TA,TA/TO,A,No Deposit,Transient,9.0,,0
291,2016,52,24,2,6,2,2,0,0,0,0,0,0,146.2,0,0,8,4,1,1,0,36.55,0.0,City Hotel,December,Saturday,BB,ESP,Online TA,TA/TO,F,No Deposit,Transient,9.0,,1
64,2016,35,23,1,5,2,0,0,0,0,0,0,0,243.67,0,2,6,2,0,1,0,121.835,0.0,Resort Hotel,August,Tuesday,HB,PRT,Online TA,TA/TO,D,No Deposit,Transient,240.0,,0
16,2017,10,8,0,2,1,0,0,0,0,0,0,0,79.2,0,1,2,1,0,1,0,79.2,0.0,City Hotel,March,Wednesday,BB,HUN,Direct,Direct,A,No Deposit,Transient,14.0,,0
66,2016,15,4,1,1,2,0,0,0,0,0,0,0,105.3,0,1,2,2,0,1,0,52.65,0.0,City Hotel,April,Monday,BB,ITA,Online TA,TA/TO,A,No Deposit,Transient-Party,9.0,,0
20,2016,6,5,1,2,2,0,0,0,0,0,0,0,54.67,0,1,3,2,0,1,0,27.335,0.0,Resort Hotel,February,Friday,BB,PRT,Online TA,TA/TO,A,No Deposit,Transient,240.0,,0
167,2015,38,17,4,10,2,0,0,0,0,0,0,0,45.9,0,1,14,2,0,1,0,22.95,0.0,Resort Hotel,September,Thursday,BB,GBR,Offline TA/TO,TA/TO,D,No Deposit,Contract,243.0,,0
180,2016,28,6,2,5,2,0,0,0,0,0,0,0,108.0,0,1,7,2,0,1,0,54.0,0.0,Resort Hotel,July,Wednesday,BB,PRT,Online TA,TA/TO,E,No Deposit,Transient,240.0,,1
163,2016,27,29,0,4,2,0,0,0,0,0,0,0,99.45,0,1,4,2,0,1,0,49.725,0.0,City Hotel,June,Wednesday,BB,CN,Online TA,TA/TO,D,No Deposit,Transient,9.0,,0
22,2016,4,20,0,1,1,0,0,1,0,1,0,0,39.0,0,2,1,1,0,1,0,39.0,0.0,Resort Hotel,January,Wednesday,BB,PRT,Online TA,TA/TO,A,No Deposit,Transient,240.0,,0
45,2016,10,29,1,2,1,0,0,0,0,0,0,0,76.3,0,0,3,1,0,1,0,76.3,0.0,City Hotel,February,Monday,BB,GBR,Online TA,TA/TO,A,No Deposit,Transient,9.0,,0
0,2016,17,20,0,1,1,0,0,1,0,2,0,0,65.0,1,0,1,1,0,0,0,65.0,0.0,City Hotel,April,Wednesday,BB,PRT,Corporate,Corporate,A,No Deposit,Transient,,,0
141,2017,25,19,1,3,2,0,0,0,0,0,0,0,99.0,0,0,4,2,0,1,0,49.5,0.0,City Hotel,June,Monday,SC,AUT,Online TA,TA/TO,A,No Deposit,Transient,9.0,,0
325,2017,24,17,2,1,2,0,0,0,0,0,2,0,112.8,0,2,3,2,0,1,0,56.4,0.0,City Hotel,June,Saturday,BB,AUT,Online TA,TA/TO,A,No Deposit,Transient,9.0,,1
6,2015,32,4,0,3,2,0,0,0,0,0,0,0,191.0,0,3,3,2,0,1,0,95.5,0.0,Resort Hotel,August,Tuesday,BB,GBR,Online TA,TA/TO,A,No Deposit,Transient,240.0,,0
132,2017,3,20,0,2,1,0,0,0,0,0,1,0,70.56,0,0,2,1,0,1,0,70.56,0.0,City Hotel,January,Friday,BB,PRT,Online TA,TA/TO,A,No Deposit,Transient,83.0,,1
87,2017,23,4,2,2,2,0,0,0,0,0,0,0,120.0,0,0,4,2,0,1,0,60.0,0.0,Resort Hotel,June,Sunday,BB,PRT,Online TA,TA/TO,E,No Deposit,Transient,15.0,,1
2,2015,49,2,0,4,2,0,0,0,0,0,0,0,54.0,1,0,4,2,0,0,0,27.0,0.0,Resort Hotel,December,Wednesday,BB,PRT,Direct,Direct,E,No Deposit,Transient,,,0
100,2016,30,21,0,3,3,0,0,0,0,0,0,0,143.7,0,0,3,3,0,1,0,47.9,0.0,City Hotel,July,Thursday,BB,DEU,Online TA,TA/TO,D,No Deposit,Transient,9.0,,1
123,2016,14,28,1,3,3,0,0,0,0,0,1,0,93.0,0,2,4,3,0,0,0,31.0,0.0,City Hotel,March,Monday,BB,DEU,Direct,Direct,A,No Deposit,Transient,,,0
302,2017,16,16,2,5,2,0,0,0,0,0,2,0,183.0,0,1,7,2,0,1,0,91.5,0.0,City Hotel,April,Sunday,HB,ISR,Online TA,TA/TO,D,No Deposit,Transient,9.0,,1
23,2017,2,11,0,1,1,0,0,0,0,0,1,0,89.5,0,1,1,1,0,1,0,89.5,0.0,City Hotel,January,Wednesday,BB,ESP,Online TA,TA/TO,A,No Deposit,Transient,9.0,,0
2,2017,22,31,0,1,1,0,0,1,0,3,0,0,65.0,0,0,1,1,0,0,1,65.0,0.0,City Hotel,May,Wednesday,BB,PRT,Corporate,Corporate,A,No Deposit,Transient,,238.0,0
120,2017,30,28,2,5,3,0,0,0,0,0,0,0,195.0,0,1,7,3,0,1,0,65.0,0.0,City Hotel,July,Friday,BB,AUT,Online TA,TA/TO,D,No Deposit,Transient,9.0,,0
48,2016,31,25,1,2,2,0,0,0,0,0,0,0,194.0,0,0,3,2,0,1,0,97.0,0.0,Resort Hotel,July,Monday,BB,ESP,Online TA,TA/TO,D,No Deposit,Transient,240.0,,1
58,2017,2,9,1,4,2,0,0,0,0,0,0,0,88.4,0,2,5,2,0,1,0,44.2,0.0,City Hotel,January,Monday,BB,FRA,Online TA,TA/TO,A,No Deposit,Transient,9.0,,0
134,2016,23,4,2,5,2,0,0,0,0,0,0,0,64.9,0,0,7,2,0,1,0,32.45,0.0,Resort Hotel,June,Saturday,BB,GBR,Offline TA/TO,TA/TO,D,No Deposit,Contract,40.0,,0
7,2017,5,29,1,0,2,0,0,0,0,0,0,0,88.0,0,1,1,2,0,1,0,44.0,0.0,City Hotel,January,Sunday,SC,FRA,Online TA,TA/TO,A,No Deposit,Transient,9.0,,0
142,2016,29,13,1,4,2,0,0,0,0,0,0,0,72.25,0,2,5,2,0,1,0,36.125,0.0,City Hotel,July,Wednesday,BB,DEU,Offline TA/TO,TA/TO,A,No Deposit,Transient,16.0,,0
297,2016,39,19,2,5,2,0,0,0,0,0,1,0,88.9,0,1,7,2,0,1,0,44.45,0.0,Resort Hotel,September,Monday,HB,POL,Offline TA/TO,TA/TO,D,No Deposit,Transient,315.0,,0
85,2016,47,14,1,2,2,0,0,0,0,0,2,0,61.8,1,1,3,2,0,1,0,30.9,0.0,Resort Hotel,November,Monday,BB,DNK,Online TA,TA/TO,E,No Deposit,Transient,242.0,,0
2,2017,1,4,0,3,2,0,0,0,0,0,0,0,97.0,0,4,3,2,0,1,0,48.5,0.0,City Hotel,January,Wednesday,SC,ESP,Online TA,TA/TO,A,No Deposit,Transient,9.0,,0
130,2017,22,28,2,5,2,0,0,0,0,0,0,0,70.4,0,0,7,2,0,1,0,35.2,0.0,Resort Hotel,May,Sunday,BB,GBR,Offline TA/TO,TA/TO,D,No Deposit,Contract,40.0,,0
177,2016,28,9,2,6,2,0,0,0,0,0,0,0,142.2,0,1,8,2,0,1,0,71.1,0.0,Resort Hotel,July,Saturday,FB,PRT,Offline TA/TO,TA/TO,A,No Deposit,Transient-Party,177.0,,0
6,2016,53,27,1,5,2,0,0,0,0,0,2,0,70.0,0,1,6,2,0,1,0,35.0,0.0,City Hotel,December,Tuesday,BB,BRA,Offline TA/TO,TA/TO,A,No Deposit,Transient-Party,220.0,,0
7,2016,47,16,0,1,2,0,0,0,0,0,0,0,48.0,1,2,1,2,0,1,0,24.0,0.0,Resort Hotel,November,Wednesday,BB,ESP,Online TA,TA/TO,A,No Deposit,Transient,240.0,,0
6,2017,21,22,1,1,1,0,0,1,6,64,1,0,65.0,0,1,2,1,0,0,1,65.0,0.0857142857142857,City Hotel,May,Monday,BB,PRT,Corporate,Corporate,A,No Deposit,Transient,,40.0,0
135,2017,32,10,0,3,2,0,0,0,0,0,0,0,155.0,0,1,3,2,0,1,0,77.5,0.0,City Hotel,August,Thursday,BB,CHE,Online TA,TA/TO,D,No Deposit,Transient,9.0,,0
157,2016,29,16,2,2,2,0,0,0,0,0,0,0,87.13,0,0,4,2,0,1,0,43.565,0.0,City Hotel,July,Saturday,SC,ROU,Online TA,TA/TO,A,No Deposit,Transient,9.0,,1
19,2017,11,13,1,1,2,0,0,0,0,0,0,0,108.0,0,0,2,2,0,1,0,54.0,0.0,City Hotel,March,Monday,BB,FRA,Online TA,TA/TO,A,No Deposit,Transient,9.0,,1
47,2016,43,18,0,3,2,0,0,0,0,0,0,0,85.5,0,0,3,2,0,1,0,42.75,0.0,City Hotel,October,Tuesday,BB,NLD,Offline TA/TO,TA/TO,A,No Deposit,Transient,121.0,,0
21,2016,12,14,1,3,2,0,0,0,0,0,0,0,108.2,0,0,4,2,0,1,0,54.1,0.0,City Hotel,March,Monday,HB,FRA,Offline TA/TO,TA/TO,D,No Deposit,Transient,28.0,,0
8,2017,12,23,0,1,1,0,0,0,0,0,1,0,80.0,0,0,1,1,0,1,0,80.0,0.0,City Hotel,March,Thursday,BB,ESP,Online TA,TA/TO,A,No Deposit,Transient,10.0,,0
0,2016,2,5,0,1,1,0,0,0,0,0,0,0,82.0,0,0,1,1,0,1,0,82.0,0.0,City Hotel,January,Tuesday,BB,ITA,Online TA,TA/TO,A,No Deposit,Transient,9.0,,0
143,2017,18,4,0,2,2,0,0,0,0,0,0,0,120.0,0,0,2,2,0,1,0,60.0,0.0,City Hotel,May,Thursday,BB,PRT,Groups,TA/TO,A,Non Refund,Transient,56.0,,1
4,2017,24,11,2,1,2,0,0,0,0,0,0,0,99.0,0,0,3,2,0,1,0,49.5,0.0,City Hotel,June,Sunday,BB,DEU,Offline TA/TO,TA/TO,A,No Deposit,Transient,16.0,,0
26,2015,44,27,0,1,1,0,0,0,0,2,0,0,48.0,0,0,1,1,0,0,1,48.0,0.0,Resort Hotel,October,Tuesday,BB,,Corporate,Corporate,A,No Deposit,Transient,,113.0,0
41,2017,8,25,2,3,2,0,0,0,0,0,0,0,99.0,1,1,5,2,0,1,0,49.5,0.0,Resort Hotel,February,Saturday,HB,GBR,Online TA,TA/TO,D,No Deposit,Transient,240.0,,0
23,2017,3,18,2,4,2,0,0,0,0,0,0,0,99.24,0,0,6,2,0,1,0,49.62,0.0,City Hotel,January,Wednesday,BB,TUR,Online TA,TA/TO,D,No Deposit,Transient,9.0,,1
1,2016,42,12,0,2,2,0,0,0,0,0,1,0,100.0,0,1,2,2,0,0,0,50.0,0.0,Resort Hotel,October,Wednesday,BB,ESP,Direct,TA/TO,F,No Deposit,Transient,,,0
46,2016,45,2,0,4,3,0,0,0,0,0,0,0,122.4,0,2,4,3,0,1,0,40.8,0.0,City Hotel,November,Wednesday,BB,DEU,Online TA,TA/TO,D,No Deposit,Transient,9.0,,0
73,2017,13,28,0,3,2,0,0,0,0,0,0,0,69.0,1,3,3,2,0,1,0,34.5,0.0,Resort Hotel,March,Tuesday,BB,GBR,Online TA,TA/TO,D,No Deposit,Transient-Party,240.0,,0
32,2016,17,19,2,5,2,0,0,0,0,0,0,0,38.22,0,0,7,2,0,1,0,19.11,0.0,Resort Hotel,April,Tuesday,HB,GBR,Groups,Direct,D,No Deposit,Transient-Party,273.0,,0
0,2016,22,26,0,3,2,0,0,0,0,0,0,0,149.0,0,0,3,2,0,1,0,74.5,0.0,City Hotel,May,Thursday,SC,PRT,Online TA,TA/TO,A,No Deposit,Transient,9.0,,0
166,2016,32,2,0,3,2,0,0,0,0,0,0,0,118.8,0,2,3,2,0,1,0,59.4,0.0,City Hotel,August,Tuesday,BB,NOR,Online TA,TA/TO,D,No Deposit,Transient,9.0,,1
67,2017,28,14,1,2,2,2,0,0,0,0,0,0,293.33,0,0,3,4,1,1,0,73.3325,0.0,Resort Hotel,July,Friday,BB,GBR,Online TA,TA/TO,G,No Deposit,Transient,240.0,,1
16,2015,44,31,0,1,2,0,0,0,0,0,0,0,95.0,0,1,1,2,0,1,0,47.5,0.0,City Hotel,October,Saturday,BB,ESP,Online TA,TA/TO,A,No Deposit,Contract,9.0,,0
34,2017,23,6,2,6,1,0,0,0,0,0,1,0,125.0,0,1,8,1,0,1,0,125.0,0.0,City Hotel,June,Tuesday,SC,USA,Online TA,TA/TO,A,No Deposit,Transient,9.0,,0
342,2016,40,29,2,4,1,0,0,0,0,0,1,0,38.0,0,0,6,1,0,1,0,38.0,0.0,Resort Hotel,September,Thursday,BB,IRL,Groups,TA/TO,A,No Deposit,Transient-Party,201.0,,0
39,2016,26,20,1,2,1,0,0,0,0,0,0,0,94.5,0,2,3,1,0,1,0,94.5,0.0,City Hotel,June,Monday,BB,PRT,Online TA,TA/TO,A,No Deposit,Transient,9.0,,0
223,2016,36,30,0,4,2,0,0,0,0,0,0,0,90.95,0,2,4,2,0,1,0,45.475,0.0,City Hotel,August,Tuesday,BB,EST,Online TA,TA/TO,A,No Deposit,Transient,9.0,,1
29,2017,3,21,0,1,2,0,0,0,0,0,0,0,97.5,0,0,1,2,0,1,0,48.75,0.0,City Hotel,January,Saturday,BB,ESP,Online TA,TA/TO,A,No Deposit,Transient,9.0,,1
133,2016,28,6,0,4,2,0,0,0,0,0,3,0,120.7,0,0,4,2,0,1,0,60.35,0.0,City Hotel,July,Wednesday,BB,DEU,Online TA,TA/TO,D,No Deposit,Transient-Party,9.0,,1
38,2015,31,30,1,3,2,0,0,0,0,0,0,0,120.6,0,0,4,2,0,1,0,60.3,0.0,Resort Hotel,July,Thursday,BB,IRL,Online TA,TA/TO,A,No Deposit,Transient,240.0,,0
73,2016,12,19,2,6,2,1,0,0,0,0,1,0,96.13,0,0,8,3,1,1,0,32.04333333333333,0.0,Resort Hotel,March,Saturday,BB,ESP,Online TA,TA/TO,G,No Deposit,Transient,240.0,,0
0,2016,7,13,1,1,2,3,0,0,0,0,0,0,150.0,0,0,2,5,1,0,0,30.0,0.0,Resort Hotel,February,Saturday,HB,ESP,Direct,Direct,H,No Deposit,Transient,,,0
174,2017,31,31,1,4,2,0,0,0,0,0,0,0,89.1,0,0,5,2,0,1,0,44.55,0.0,City Hotel,July,Monday,BB,AUT,Offline TA/TO,TA/TO,D,No Deposit,Transient,28.0,,0
105,2016,42,12,0,3,2,0,0,0,0,0,0,0,75.0,0,0,3,2,0,1,0,37.5,0.0,City Hotel,October,Wednesday,BB,PRT,Offline TA/TO,TA/TO,A,No Deposit,Transient-Party,132.0,,1
24,2016,11,8,0,3,2,0,0,0,0,0,0,0,81.0,0,2,3,2,0,1,0,40.5,0.0,City Hotel,March,Tuesday,SC,PRT,Online TA,TA/TO,A,No Deposit,Transient,9.0,,0
85,2017,8,20,1,4,2,0,0,0,0,0,0,0,74.8,0,1,5,2,0,1,0,37.4,0.0,City Hotel,February,Monday,SC,FRA,Online TA,TA/TO,A,No Deposit,Transient,9.0,,1
10,2017,8,25,2,1,2,0,0,0,0,0,1,0,104.0,0,0,3,2,0,1,0,52.0,0.0,Resort Hotel,February,Saturday,HB,FRA,Direct,Direct,E,No Deposit,Transient,250.0,,0
0,2017,2,13,0,1,2,0,0,0,0,0,0,0,80.0,1,1,1,2,0,0,0,40.0,0.0,City Hotel,January,Friday,BB,PRT,Direct,Direct,A,No Deposit,Transient,,,0
4,2015,41,10,1,1,2,0,0,0,0,0,0,0,101.5,0,1,2,2,0,1,0,50.75,0.0,Resort Hotel,October,Saturday,HB,ESP,Direct,Direct,D,No Deposit,Transient,250.0,,0
68,2017,11,17,2,2,2,0,0,0,0,0,1,0,70.69,0,1,4,2,0,1,0,35.345,0.0,City Hotel,March,Friday,BB,GBR,Online TA,TA/TO,A,No Deposit,Transient,7.0,,0
8,2017,35,29,0,4,3,0,0,0,0,0,0,0,213.5,0,0,4,3,0,1,0,71.16666666666667,0.0,Resort Hotel,August,Tuesday,BB,PRT,Direct,Direct,A,No Deposit,Transient,250.0,,1
0,2017,8,22,0,2,1,0,0,0,0,0,1,0,68.0,0,0,2,1,0,0,0,68.0,0.0,Resort Hotel,February,Wednesday,BB,PRT,Direct,Direct,D,No Deposit,Transient,,,0
14,2017,18,2,0,4,2,0,0,0,0,0,0,0,127.5,0,1,4,2,0,1,0,63.75,0.0,City Hotel,May,Tuesday,SC,ITA,Online TA,TA/TO,A,No Deposit,Transient,9.0,,0
118,2017,20,18,0,3,3,0,0,0,0,0,0,0,198.0,0,1,3,3,0,1,0,66.0,0.0,City Hotel,May,Thursday,HB,DEU,Online TA,TA/TO,E,No Deposit,Transient,9.0,,0
32,2016,27,30,2,7,2,0,0,0,0,0,2,0,208.56,0,0,9,2,0,1,0,104.28,0.0,Resort Hotel,June,Thursday,BB,SWE,Direct,Direct,F,No Deposit,Transient,250.0,,1
16,2016,49,1,0,1,2,0,0,0,0,0,0,0,60.0,0,2,1,2,0,1,0,30.0,0.0,Resort Hotel,December,Thursday,BB,ITA,Online TA,TA/TO,A,No Deposit,Transient,240.0,,1
39,2017,9,4,1,1,2,0,0,0,0,0,0,0,101.3,0,0,2,2,0,1,0,50.65,0.0,Resort Hotel,March,Saturday,BB,PRT,Direct,Direct,E,No Deposit,Transient,250.0,,1
1,2016,10,5,0,1,2,0,0,0,0,1,0,0,68.0,0,0,1,2,0,1,0,34.0,0.0,Resort Hotel,March,Saturday,BB,PRT,Online TA,TA/TO,D,No Deposit,Transient-Party,240.0,,0
42,2016,45,4,0,2,2,0,0,0,0,0,0,0,72.0,0,0,2,2,0,1,0,36.0,0.0,City Hotel,November,Friday,BB,FRA,Offline TA/TO,TA/TO,A,No Deposit,Transient,27.0,,0
20,2017,31,31,1,3,2,1,0,0,0,0,0,0,179.0,0,0,4,3,1,1,0,59.666666666666664,0.0,City Hotel,July,Monday,BB,GBR,Direct,Direct,E,No Deposit,Transient,14.0,,0
39,2017,34,22,0,2,2,0,0,0,0,0,0,0,140.0,0,0,2,2,0,1,0,70.0,0.0,City Hotel,August,Tuesday,SC,DEU,Online TA,TA/TO,A,No Deposit,Transient,9.0,,1
28,2016,34,16,0,1,2,0,0,0,0,0,1,0,210.0,0,2,1,2,0,1,0,105.0,0.0,City Hotel,August,Tuesday,HB,FRA,Direct,Direct,D,No Deposit,Transient,14.0,,0
0,2016,51,14,0,1,1,0,0,0,0,0,0,0,34.4,1,0,1,1,0,1,0,34.4,0.0,Resort Hotel,December,Wednesday,BB,PRT,Online TA,TA/TO,A,No Deposit,Transient,314.0,,0
130,2017,32,9,1,4,2,0,0,0,0,0,0,0,80.1,0,0,5,2,0,1,0,40.05,0.0,City Hotel,August,Wednesday,BB,GBR,Offline TA/TO,TA/TO,A,No Deposit,Transient,85.0,,0
2,2016,48,21,1,2,1,0,0,0,0,0,0,0,100.67,0,1,3,1,0,1,0,100.67,0.0,City Hotel,November,Monday,BB,BEL,Online TA,TA/TO,A,No Deposit,Transient,9.0,,0
4,2016,6,3,0,2,2,0,0,0,0,0,0,0,68.0,0,1,2,2,0,1,0,34.0,0.0,Resort Hotel,February,Wednesday,BB,PRT,Online TA,TA/TO,E,No Deposit,Transient,240.0,,1
4,2015,51,14,1,1,2,0,0,0,0,0,0,0,49.0,1,0,2,2,0,0,1,24.5,0.0,Resort Hotel,December,Monday,BB,PRT,Corporate,Corporate,A,No Deposit,Transient,,353.0,0
54,2016,34,14,2,5,2,0,0,0,0,0,0,0,189.0,0,0,7,2,0,1,0,94.5,0.0,Resort Hotel,August,Sunday,BB,FRA,Online TA,TA/TO,A,No Deposit,Transient,240.0,,1
159,2017,21,24,0,1,2,0,1,0,0,0,0,0,90.0,0,1,1,3,1,1,0,30.0,0.0,Resort Hotel,May,Wednesday,HB,GBR,Offline TA/TO,TA/TO,E,No Deposit,Transient,171.0,,0
4,2017,6,11,0,1,2,0,0,0,0,0,0,0,48.0,0,0,1,2,0,1,0,24.0,0.0,Resort Hotel,February,Saturday,BB,PRT,Direct,Direct,A,No Deposit,Transient,250.0,,0
330,2016,23,2,0,2,2,0,0,0,0,0,0,0,62.0,0,0,2,2,0,1,0,31.0,0.0,City Hotel,June,Thursday,BB,PRT,Groups,TA/TO,A,Non Refund,Transient,1.0,,1
21,2017,31,1,0,3,2,0,0,0,0,0,0,0,138.67,0,1,3,2,0,1,0,69.335,0.0,City Hotel,August,Tuesday,BB,DEU,Online TA,TA/TO,A,No Deposit,Transient,9.0,,1
33,2016,10,29,1,1,2,0,0,0,0,0,0,0,106.4,0,0,2,2,0,1,0,53.2,0.0,City Hotel,February,Monday,BB,DEU,Online TA,TA/TO,D,No Deposit,Transient,9.0,,0
122,2016,14,27,2,1,1,0,0,0,0,0,1,0,86.0,0,0,3,1,0,1,0,86.0,0.0,City Hotel,March,Sunday,HB,PRT,Offline TA/TO,TA/TO,A,No Deposit,Transient-Party,26.0,,0
4,2015,47,20,0,2,2,0,0,0,0,0,0,0,58.0,0,1,2,2,0,1,0,29.0,0.0,Resort Hotel,November,Friday,BB,FIN,Online TA,TA/TO,D,No Deposit,Transient,240.0,,0
47,2016,8,18,0,3,2,0,0,0,0,0,0,0,90.3,0,0,3,2,0,1,0,45.15,0.0,City Hotel,February,Thursday,BB,NLD,Online TA,TA/TO,D,No Deposit,Transient,9.0,,0
187,2016,34,15,1,3,2,0,0,0,0,0,1,0,224.0,1,2,4,2,0,1,0,112.0,0.0,Resort Hotel,August,Monday,HB,PRT,Online TA,TA/TO,D,No Deposit,Transient,240.0,,0
1,2015,44,27,0,1,1,0,0,0,0,0,0,0,120.0,0,0,1,1,0,1,0,120.0,0.0,City Hotel,October,Tuesday,BB,GBR,Online TA,TA/TO,A,No Deposit,Transient,9.0,,0
200,2015,34,22,0,1,2,0,0,0,0,0,0,0,76.5,0,3,1,2,0,1,0,38.25,0.0,City Hotel,August,Saturday,BB,ITA,Online TA,TA/TO,A,No Deposit,Transient-Party,9.0,,0
76,2017,15,13,1,3,2,0,0,0,0,0,0,0,78.75,0,1,4,2,0,1,0,39.375,0.0,Resort Hotel,April,Thursday,BB,GBR,Online TA,TA/TO,A,No Deposit,Transient,240.0,,1
26,2017,17,26,0,2,3,0,0,0,0,0,1,0,90.0,0,0,2,3,0,0,1,30.0,0.0,Resort Hotel,April,Wednesday,BB,PRT,Corporate,Corporate,A,No Deposit,Transient,,390.0,0
39,2017,28,15,0,1,1,0,0,0,0,0,0,0,140.0,0,0,1,1,0,1,0,140.0,0.0,City Hotel,July,Saturday,SC,GBR,Online TA,TA/TO,A,No Deposit,Transient,9.0,,1
26,2017,23,10,0,1,2,0,0,0,0,0,0,0,153.0,0,1,1,2,0,1,0,76.5,0.0,City Hotel,June,Saturday,BB,PRT,Direct,Direct,A,No Deposit,Transient,14.0,,0
102,2017,34,21,1,3,1,0,0,0,0,0,0,0,89.1,0,0,4,1,0,1,0,89.1,0.0,City Hotel,August,Monday,BB,PRT,Online TA,TA/TO,D,No Deposit,Transient,85.0,,1
20,2015,34,16,2,0,2,0,0,0,0,0,0,0,201.5,0,2,2,2,0,1,0,100.75,0.0,Resort Hotel,August,Sunday,BB,ESP,Online TA,TA/TO,D,No Deposit,Transient,240.0,,0
59,2016,27,26,2,1,2,0,0,0,0,0,0,0,119.4,0,1,3,2,0,1,0,59.7,0.0,City Hotel,June,Sunday,BB,PRT,Online TA,TA/TO,D,No Deposit,Transient,9.0,,0
12,2016,42,10,1,0,2,0,0,0,0,0,0,0,130.0,0,0,1,2,0,0,0,65.0,0.0,City Hotel,October,Monday,BB,PRT,Groups,Direct,A,No Deposit,Transient-Party,,,0
31,2016,43,16,2,2,2,0,0,0,0,0,0,0,60.0,0,2,4,2,0,1,0,30.0,0.0,Resort Hotel,October,Sunday,BB,ESP,Online TA,TA/TO,A,No Deposit,Transient,240.0,,1
172,2015,40,28,2,5,2,0,0,0,0,0,0,0,41.84,0,0,7,2,0,1,0,20.92,0.0,Resort Hotel,September,Monday,BB,FRA,Offline TA/TO,TA/TO,A,No Deposit,Transient,6.0,,0
47,2016,45,31,1,1,2,0,0,0,0,0,2,0,135.44,1,0,2,2,0,1,0,67.72,0.0,City Hotel,October,Monday,BB,PRT,Direct,Direct,E,No Deposit,Transient,14.0,,0
127,2015,52,24,2,5,2,2,0,0,0,0,0,0,94.36,0,1,7,4,1,1,0,23.59,0.0,Resort Hotel,December,Thursday,BB,POL,Online TA,TA/TO,G,No Deposit,Transient-Party,240.0,,0
187,2017,27,3,2,5,2,0,0,0,0,0,0,0,140.0,0,1,7,2,0,1,0,70.0,0.0,Resort Hotel,July,Monday,HB,PRT,Online TA,TA/TO,A,No Deposit,Transient,240.0,,0
85,2015,33,11,2,5,2,0,0,0,0,0,0,0,120.6,0,0,7,2,0,1,0,60.3,0.0,Resort Hotel,August,Tuesday,BB,PRT,Online TA,TA/TO,A,No Deposit,Transient,240.0,,1
93,2016,44,27,2,4,2,0,0,0,0,0,2,0,102.93,1,1,6,2,0,1,0,51.465,0.0,Resort Hotel,October,Thursday,HB,AUT,Online TA,TA/TO,E,No Deposit,Transient,240.0,,0
1,2015,33,9,1,0,2,0,0,0,0,0,0,0,89.0,0,0,1,2,0,1,0,44.5,0.0,City Hotel,August,Sunday,SC,FRA,Online TA,TA/TO,A,No Deposit,Transient,9.0,,0
70,2017,8,24,2,4,2,2,0,0,0,0,0,0,158.38,0,1,6,4,1,1,0,39.595,0.0,City Hotel,February,Friday,BB,PRT,Online TA,TA/TO,F,No Deposit,Transient,9.0,,1
89,2016,42,10,1,1,2,0,0,0,0,0,0,0,118.8,0,1,2,2,0,1,0,59.4,0.0,City Hotel,October,Monday,BB,KOR,Online TA,TA/TO,A,No Deposit,Transient,9.0,,1
45,2016,12,17,0,2,2,0,0,0,0,0,0,0,103.95,0,1,2,2,0,1,0,51.975,0.0,City Hotel,March,Thursday,BB,CN,Online TA,TA/TO,D,No Deposit,Transient,9.0,,1
9,2016,29,14,2,5,2,0,0,0,0,0,0,0,160.29,0,1,7,2,0,1,0,80.145,0.0,City Hotel,July,Thursday,BB,GBR,Online TA,TA/TO,D,No Deposit,Transient,9.0,,0
247,2017,21,25,0,3,2,0,0,0,0,0,0,0,138.6,0,1,3,2,0,1,0,69.3,0.0,City Hotel,May,Thursday,BB,DEU,Online TA,TA/TO,D,No Deposit,Transient,9.0,,1
82,2016,7,7,2,0,1,0,0,1,0,0,2,0,0.0,0,0,2,1,0,1,0,0.0,0.0,Resort Hotel,February,Sunday,Undefined,PRT,Groups,TA/TO,A,No Deposit,Transient-Party,67.0,,0
2,2016,21,19,0,1,2,0,0,0,0,0,0,0,0.0,0,2,1,2,0,0,0,0.0,0.0,City Hotel,May,Thursday,SC,GBR,Online TA,TA/TO,A,No Deposit,Transient,,,0
151,2017,28,15,2,2,2,0,0,0,0,0,0,0,107.1,0,0,4,2,0,1,0,53.55,0.0,City Hotel,July,Saturday,BB,BEL,Online TA,TA/TO,A,No Deposit,Transient,9.0,,1
122,2017,21,26,1,2,2,0,0,0,0,0,0,0,130.67,0,0,3,2,0,1,0,65.335,0.0,City Hotel,May,Friday,BB,FRA,Online TA,TA/TO,A,No Deposit,Transient,9.0,,1
128,2016,29,11,1,2,3,0,0,0,0,0,3,0,116.32,0,2,3,3,0,1,0,38.77333333333333,0.0,City Hotel,July,Monday,BB,USA,Online TA,TA/TO,A,No Deposit,Transient-Party,9.0,,0
3,2017,32,10,0,2,2,0,0,0,0,0,0,0,180.0,0,1,2,2,0,1,0,90.0,0.0,City Hotel,August,Thursday,BB,LAO,Online TA,TA/TO,D,No Deposit,Transient,9.0,,0
138,2016,40,25,2,1,3,0,0,0,0,0,0,0,162.0,0,1,3,3,0,1,0,54.0,0.0,City Hotel,September,Sunday,BB,BRA,Online TA,TA/TO,D,No Deposit,Transient,9.0,,1
192,2016,31,25,1,4,3,0,0,0,0,0,1,0,117.3,0,1,5,3,0,1,0,39.1,0.0,City Hotel,July,Monday,BB,AUT,Offline TA/TO,TA/TO,E,No Deposit,Transient,16.0,,0
121,2017,33,19,2,4,2,0,0,0,0,0,4,0,114.75,0,1,6,2,0,1,0,57.375,0.0,City Hotel,August,Saturday,BB,CHL,Direct,Direct,A,No Deposit,Transient,14.0,,0
249,2016,24,11,4,10,2,0,0,0,0,0,0,0,64.9,0,1,14,2,0,1,0,32.45,0.0,Resort Hotel,June,Saturday,BB,GBR,Offline TA/TO,TA/TO,D,No Deposit,Contract,143.0,,0
164,2016,27,30,2,8,2,0,0,0,0,0,0,0,57.8,0,0,10,2,0,1,0,28.9,0.0,Resort Hotel,June,Thursday,BB,GBR,Offline TA/TO,TA/TO,A,No Deposit,Contract,243.0,,0
1,2016,12,19,2,2,3,0,0,0,0,0,0,0,161.5,0,2,4,3,0,1,0,53.833333333333336,0.0,City Hotel,March,Saturday,BB,ESP,Online TA,TA/TO,D,No Deposit,Transient,9.0,,0
2,2016,28,9,0,1,2,0,0,0,0,0,0,0,211.0,1,1,1,2,0,1,0,105.5,0.0,Resort Hotel,July,Saturday,BB,POL,Online TA,TA/TO,E,No Deposit,Transient,240.0,,0
57,2016,38,16,1,2,2,0,0,0,0,0,0,0,90.95,0,0,3,2,0,1,0,45.475,0.0,City Hotel,September,Friday,BB,AUT,Offline TA/TO,TA/TO,D,No Deposit,Transient,27.0,,0
102,2016,24,5,1,0,2,0,0,0,0,0,0,0,65.0,0,0,1,2,0,1,0,32.5,0.0,City Hotel,June,Sunday,BB,PRT,Groups,TA/TO,A,No Deposit,Transient-Party,1.0,,1
32,2016,28,4,1,1,1,0,0,1,1,10,0,0,65.0,0,1,2,1,0,0,1,65.0,0.0909090909090909,City Hotel,July,Monday,BB,PRT,Corporate,Corporate,A,No Deposit,Transient,,40.0,0
36,2015,43,20,0,3,2,0,0,0,1,0,0,0,96.3,0,0,3,2,0,1,0,48.15,1.0,City Hotel,October,Tuesday,BB,PRT,Online TA,TA/TO,A,No Deposit,Transient,9.0,,1
104,2017,19,10,0,4,2,0,0,0,0,0,0,0,89.1,0,0,4,2,0,1,0,44.55,0.0,City Hotel,May,Wednesday,BB,DEU,Offline TA/TO,TA/TO,A,No Deposit,Transient,132.0,,0
121,2016,21,16,1,2,2,0,0,0,0,0,0,0,114.3,0,0,3,2,0,1,0,57.15,0.0,City Hotel,May,Monday,BB,FRA,Online TA,TA/TO,D,No Deposit,Transient-Party,9.0,,0
80,2016,29,16,2,2,2,0,0,0,0,0,0,0,186.0,0,1,4,2,0,1,0,93.0,0.0,Resort Hotel,July,Saturday,BB,CN,Online TA,TA/TO,A,No Deposit,Transient-Party,240.0,,0
142,2017,6,10,1,2,2,0,0,0,0,0,1,0,75.0,0,0,3,2,0,1,0,37.5,0.0,City Hotel,February,Friday,BB,FRA,Offline TA/TO,TA/TO,A,No Deposit,Transient,28.0,,0
14,2016,8,17,0,4,3,0,0,0,0,0,1,0,138.25,1,1,4,3,0,1,0,46.083333333333336,0.0,City Hotel,February,Wednesday,BB,ESP,Online TA,TA/TO,D,No Deposit,Transient,9.0,,0
18,2015,45,3,0,4,2,0,0,0,1,0,0,0,99.45,0,1,4,2,0,1,0,49.725,1.0,City Hotel,November,Tuesday,BB,PRT,Online TA,TA/TO,D,No Deposit,Contract,9.0,,1
45,2016,47,19,1,1,1,0,0,0,0,0,2,0,86.4,0,0,2,1,0,1,0,86.4,0.0,City Hotel,November,Saturday,BB,DEU,Online TA,TA/TO,A,No Deposit,Transient,9.0,,1
204,2016,28,9,2,3,2,0,0,0,0,0,1,0,94.6,0,0,5,2,0,1,0,47.3,0.0,Resort Hotel,July,Saturday,BB,DEU,Online TA,TA/TO,A,No Deposit,Transient,240.0,,0
283,2015,42,12,2,5,2,0,0,0,0,0,0,0,68.74,0,0,7,2,0,1,0,34.37,0.0,Resort Hotel,October,Monday,BB,IRL,Groups,Direct,D,No Deposit,Transient-Party,273.0,,0
13,2017,23,5,1,1,1,0,0,0,0,0,0,0,140.0,0,1,2,1,0,1,0,140.0,0.0,City Hotel,June,Monday,BB,DNK,Online TA,TA/TO,A,No Deposit,Transient,9.0,,0
57,2016,45,4,0,1,2,0,0,0,0,0,0,0,37.8,0,0,1,2,0,1,0,18.9,0.0,Resort Hotel,November,Friday,BB,PRT,Online TA,TA/TO,A,No Deposit,Transient,105.0,,1
5,2015,38,15,0,1,2,0,0,0,0,0,0,0,146.0,0,0,1,2,0,1,0,73.0,0.0,Resort Hotel,September,Tuesday,BB,PRT,Direct,Direct,D,No Deposit,Transient,250.0,,0
25,2016,12,15,0,2,1,0,0,0,0,0,0,0,85.0,0,1,2,1,0,1,0,85.0,0.0,City Hotel,March,Tuesday,BB,DEU,Online TA,TA/TO,A,No Deposit,Transient,9.0,,0
138,2016,27,2,2,2,2,0,0,0,0,0,0,0,71.67,0,1,4,2,0,1,0,35.835,0.0,City Hotel,July,Saturday,BB,USA,Online TA,TA/TO,A,No Deposit,Transient,7.0,,0
21,2016,40,25,1,0,2,0,0,0,0,0,0,0,119.0,0,3,1,2,0,1,0,59.5,0.0,City Hotel,September,Sunday,SC,NLD,Online TA,TA/TO,A,No Deposit,Transient,9.0,,1
321,2015,36,3,0,2,2,0,0,1,1,0,0,0,62.8,0,0,2,2,0,1,0,31.4,1.0,City Hotel,September,Thursday,BB,PRT,Groups,TA/TO,A,No Deposit,Transient-Party,1.0,,1
97,2016,16,16,2,1,2,0,0,0,0,0,0,0,102.3,0,0,3,2,0,1,0,51.15,0.0,City Hotel,April,Saturday,BB,PRT,Online TA,TA/TO,D,No Deposit,Transient-Party,9.0,,0
30,2017,22,1,0,1,2,0,0,0,0,0,0,0,140.0,0,1,1,2,0,1,0,70.0,0.0,City Hotel,June,Thursday,SC,PRT,Online TA,TA/TO,A,No Deposit,Transient,9.0,,0
167,2015,38,17,2,8,2,0,0,0,0,0,0,0,48.88,0,2,10,2,0,1,0,24.44,0.0,Resort Hotel,September,Thursday,BB,GBR,Offline TA/TO,TA/TO,A,No Deposit,Contract,243.0,,0
58,2016,20,8,2,0,3,0,0,0,0,0,0,0,75.6,0,1,2,3,0,1,0,25.2,0.0,Resort Hotel,May,Sunday,BB,PRT,Offline TA/TO,TA/TO,A,No Deposit,Transient-Party,393.0,,0
247,2016,33,11,0,2,2,0,0,0,0,0,0,0,96.3,0,0,2,2,0,1,0,48.15,0.0,City Hotel,August,Thursday,BB,PRT,Online TA,TA/TO,A,No Deposit,Transient,7.0,,1
28,2016,2,5,0,1,2,0,0,0,1,0,0,0,56.0,0,0,1,2,0,1,0,28.0,1.0,Resort Hotel,January,Tuesday,BB,PRT,Online TA,TA/TO,D,No Deposit,Transient,240.0,,1
1,2016,23,30,1,3,2,0,0,0,0,0,0,0,111.35,0,1,4,2,0,1,0,55.675,0.0,City Hotel,May,Monday,BB,FRA,Online TA,TA/TO,A,No Deposit,Transient,9.0,,0
135,2015,28,8,1,4,2,0,0,0,1,0,0,0,123.0,0,0,5,2,0,1,0,61.5,1.0,Resort Hotel,July,Wednesday,BB,PRT,Online TA,TA/TO,A,No Deposit,Transient,240.0,,1
2,2015,49,2,0,2,1,0,0,0,0,0,1,0,39.0,0,0,2,1,0,1,0,39.0,0.0,Resort Hotel,December,Wednesday,BB,PRT,Online TA,TA/TO,A,No Deposit,Transient,240.0,,0
131,2015,52,22,2,5,2,0,0,0,0,0,1,0,81.29,0,1,7,2,0,1,0,40.645,0.0,Resort Hotel,December,Tuesday,HB,IRL,Offline TA/TO,TA/TO,E,No Deposit,Transient-Party,314.0,,0
276,2017,16,22,2,5,2,0,0,0,0,0,0,0,125.43,0,0,7,2,0,1,0,62.715,0.0,Resort Hotel,April,Saturday,Undefined,SWE,Groups,TA/TO,A,No Deposit,Transient-Party,527.0,,0
20,2016,35,21,2,1,2,0,0,0,0,0,0,0,175.0,0,2,3,2,0,1,0,87.5,0.0,City Hotel,August,Sunday,BB,ESP,Online TA,TA/TO,D,No Deposit,Transient,9.0,,0
26,2016,5,27,1,4,2,0,0,0,0,0,0,0,60.0,0,1,5,2,0,1,0,30.0,0.0,City Hotel,January,Wednesday,SC,IRL,Online TA,TA/TO,A,No Deposit,Transient,9.0,,0
475,2016,44,27,0,2,2,0,0,0,0,0,0,0,62.0,0,0,2,2,0,1,0,31.0,0.0,City Hotel,October,Thursday,BB,PRT,Groups,TA/TO,A,Non Refund,Transient,1.0,,1
1,2015,40,29,0,1,2,0,0,0,0,0,0,0,85.0,0,0,1,2,0,1,0,42.5,0.0,City Hotel,September,Tuesday,BB,ITA,Corporate,Corporate,A,No Deposit,Transient-Party,92.0,,0
10,2016,5,26,0,3,2,0,0,0,0,0,0,0,26.1,0,0,3,2,0,1,0,13.05,0.0,Resort Hotel,January,Tuesday,BB,GBR,Offline TA/TO,TA/TO,A,No Deposit,Transient,115.0,,0
172,2017,15,14,2,2,2,0,0,0,0,0,0,0,112.1,0,1,4,2,0,1,0,56.05,0.0,City Hotel,April,Friday,HB,ESP,Offline TA/TO,TA/TO,A,No Deposit,Transient,138.0,,0
0,2017,35,29,0,1,1,0,0,0,0,0,0,0,0.0,0,2,1,1,0,0,1,0.0,0.0,City Hotel,August,Tuesday,BB,PRT,Complementary,Corporate,A,No Deposit,Transient,,72.0,0
165,2017,24,17,2,5,2,0,0,0,0,0,0,0,89.1,0,0,7,2,0,1,0,44.55,0.0,City Hotel,June,Saturday,BB,PRT,Offline TA/TO,TA/TO,A,No Deposit,Transient,262.0,,1
221,2017,18,30,2,5,2,0,0,0,0,0,0,0,71.43,0,0,7,2,0,0,0,35.715,0.0,Resort Hotel,April,Sunday,HB,PRT,Groups,TA/TO,A,No Deposit,Transient-Party,,,1
9,2015,37,10,0,1,1,0,0,0,0,0,0,0,95.0,0,2,1,1,0,1,0,95.0,0.0,City Hotel,September,Thursday,BB,PRT,Online TA,TA/TO,A,No Deposit,Contract,9.0,,1
10,2015,37,11,0,2,2,0,0,0,0,0,0,0,128.5,0,2,2,2,0,1,0,64.25,0.0,City Hotel,September,Friday,BB,FRA,Online TA,TA/TO,A,No Deposit,Contract,9.0,,0
107,2017,22,2,1,2,3,0,0,0,0,0,0,0,214.2,0,0,3,3,0,1,0,71.39999999999999,0.0,City Hotel,June,Friday,HB,CHE,Online TA,TA/TO,E,No Deposit,Transient,9.0,,1
224,2017,28,11,0,4,2,0,0,0,0,0,0,0,114.55,0,0,4,2,0,1,0,57.275,0.0,City Hotel,July,Tuesday,HB,PRT,Online TA,TA/TO,D,No Deposit,Transient,7.0,,1
347,2017,32,11,0,2,2,1,0,0,0,0,0,0,119.7,0,1,2,3,1,1,0,39.9,0.0,City Hotel,August,Friday,BB,BEL,Online TA,TA/TO,A,No Deposit,Transient,9.0,,1
28,2017,24,14,1,4,1,0,0,0,0,0,0,0,132.0,0,1,5,1,0,1,0,132.0,0.0,Resort Hotel,June,Wednesday,BB,BRA,Online TA,TA/TO,A,No Deposit,Transient,242.0,,0
17,2016,6,4,0,3,2,0,0,0,0,0,0,0,54.67,0,1,3,2,0,1,0,27.335,0.0,Resort Hotel,February,Thursday,BB,PRT,Online TA,TA/TO,A,No Deposit,Transient,240.0,,1
5,2016,13,20,2,4,3,0,0,0,0,0,1,0,102.33,0,0,6,3,0,1,0,34.11,0.0,Resort Hotel,March,Sunday,BB,ESP,Direct,Direct,D,No Deposit,Transient,250.0,,0
54,2016,18,30,1,1,1,0,0,0,0,0,5,0,121.5,0,0,2,1,0,1,0,121.5,0.0,City Hotel,April,Saturday,BB,GBR,Online TA,TA/TO,A,No Deposit,Transient,9.0,,1
14,2015,38,14,1,2,3,0,0,0,0,0,0,0,100.87,0,1,3,3,0,1,0,33.623333333333335,0.0,City Hotel,September,Monday,SC,FRA,Online TA,TA/TO,A,No Deposit,Transient,7.0,,0
31,2017,12,19,1,0,3,0,0,0,0,0,0,0,158.0,0,1,1,3,0,1,0,52.666666666666664,0.0,City Hotel,March,Sunday,BB,FIN,Online TA,TA/TO,D,No Deposit,Transient,9.0,,0
3,2016,4,18,1,0,1,0,0,0,0,0,1,0,30.0,0,0,1,1,0,0,1,30.0,0.0,Resort Hotel,January,Monday,BB,PRT,Corporate,Corporate,A,No Deposit,Transient,,99.0,0
7,2017,10,6,1,1,1,0,0,0,0,0,0,0,80.0,0,0,2,1,0,0,1,80.0,0.0,City Hotel,March,Monday,BB,PRT,Corporate,Corporate,A,No Deposit,Transient,,435.0,0
64,2015,29,18,2,5,2,0,0,0,0,0,0,0,137.75,1,1,7,2,0,0,0,68.875,0.0,Resort Hotel,July,Saturday,BB,PRT,Direct,Direct,E,No Deposit,Transient,,,0
56,2016,18,25,1,3,2,0,0,0,0,0,0,0,47.4,1,0,4,2,0,1,0,23.7,0.0,Resort Hotel,April,Monday,BB,GBR,Offline TA/TO,TA/TO,A,No Deposit,Transient-Party,156.0,,0
5,2016,22,23,1,1,1,0,0,0,0,0,0,0,100.0,0,1,2,1,0,1,0,100.0,0.0,City Hotel,May,Monday,BB,PRT,Offline TA/TO,TA/TO,A,No Deposit,Transient,83.0,,0
124,2017,25,23,2,2,2,0,0,0,0,0,0,0,126.0,0,1,4,2,0,1,0,63.0,0.0,City Hotel,June,Friday,BB,BEL,Online TA,TA/TO,D,No Deposit,Transient,9.0,,0
22,2017,3,16,1,3,2,0,0,0,0,0,0,0,99.24,0,0,4,2,0,1,0,49.62,0.0,City Hotel,January,Monday,BB,FRA,Online TA,TA/TO,D,No Deposit,Transient,9.0,,0
46,2017,10,7,0,5,2,0,0,0,0,0,0,0,70.69,0,1,5,2,0,1,0,35.345,0.0,City Hotel,March,Tuesday,BB,BRA,Online TA,TA/TO,A,No Deposit,Transient,7.0,,0
4,2015,52,21,1,1,2,0,0,0,0,0,0,0,58.0,0,2,2,2,0,0,0,29.0,0.0,Resort Hotel,December,Monday,BB,ESP,Direct,Direct,D,No Deposit,Transient,,,0
118,2017,17,24,1,3,2,2,0,0,0,0,0,0,195.75,0,0,4,4,1,1,0,48.9375,0.0,City Hotel,April,Monday,BB,FRA,Online TA,TA/TO,F,No Deposit,Transient,9.0,,1
124,2017,8,23,4,10,2,0,0,0,0,0,2,0,66.0,0,0,14,2,0,1,0,33.0,0.0,Resort Hotel,February,Thursday,Undefined,FRA,Offline TA/TO,TA/TO,A,No Deposit,Transient,464.0,,0
31,2016,53,30,0,2,2,0,0,0,0,0,0,0,325.0,0,1,2,2,0,0,0,162.5,0.0,Resort Hotel,December,Friday,HB,PRT,Groups,Direct,D,No Deposit,Transient-Party,,,0
150,2015,33,9,2,5,2,1,1,0,0,0,0,0,120.38,0,3,7,4,1,1,0,30.095,0.0,Resort Hotel,August,Sunday,BB,IRL,Offline TA/TO,TA/TO,A,No Deposit,Transient,171.0,,0
1,2015,45,4,0,1,1,0,0,0,0,0,0,0,35.0,0,0,1,1,0,0,1,35.0,0.0,Resort Hotel,November,Wednesday,BB,PRT,Corporate,Corporate,A,No Deposit,Transient,,88.0,0
2,2016,8,17,0,1,1,0,0,1,0,1,0,0,25.0,0,0,1,1,0,1,0,25.0,0.0,Resort Hotel,February,Wednesday,BB,PRT,Corporate,Corporate,A,No Deposit,Transient,159.0,,0
5,2016,8,15,1,3,1,0,0,0,0,0,0,0,25.0,0,0,4,1,0,1,0,25.0,0.0,Resort Hotel,February,Monday,BB,PRT,Offline TA/TO,TA/TO,A,No Deposit,Transient,196.0,,0
2,2016,13,20,2,4,2,0,0,0,0,0,0,0,85.0,0,0,6,2,0,1,0,42.5,0.0,City Hotel,March,Sunday,BB,PRT,Offline TA/TO,TA/TO,A,No Deposit,Transient-Party,220.0,,0
28,2017,25,23,1,2,2,0,0,0,0,0,0,0,170.0,0,2,3,2,0,1,0,85.0,0.0,Resort Hotel,June,Friday,BB,ESP,Online TA,TA/TO,E,No Deposit,Transient,240.0,,1
15,2017,7,12,2,2,3,0,0,0,0,0,0,0,134.3,0,0,4,3,0,1,0,44.76666666666667,0.0,City Hotel,February,Sunday,BB,GBR,Online TA,TA/TO,D,No Deposit,Transient,9.0,,1
0,2016,12,18,0,1,1,0,0,1,0,8,0,0,45.0,0,0,1,1,0,1,0,45.0,0.0,City Hotel,March,Friday,BB,PRT,Offline TA/TO,TA/TO,A,No Deposit,Transient,94.0,,0
30,2016,47,17,1,3,2,0,0,0,0,0,0,0,88.4,0,2,4,2,0,1,0,44.2,0.0,City Hotel,November,Thursday,BB,GBR,Online TA,TA/TO,A,No Deposit,Transient,9.0,,0
49,2016,49,2,0,2,3,0,0,0,0,0,0,0,128.1,0,0,2,3,0,1,0,42.7,0.0,City Hotel,December,Friday,BB,PRT,Direct,Direct,D,No Deposit,Transient,14.0,,1
0,2016,13,20,2,3,2,0,0,0,0,0,0,0,124.2,0,0,5,2,0,1,0,62.1,0.0,City Hotel,March,Sunday,BB,ESP,Online TA,TA/TO,A,No Deposit,Transient,9.0,,0
0,2017,21,23,0,2,2,0,0,0,0,0,0,0,45.9,0,1,2,2,0,0,0,22.95,0.0,Resort Hotel,May,Tuesday,BB,BRA,Direct,Direct,A,No Deposit,Transient-Party,,,0
166,2016,18,27,0,4,2,0,1,0,0,0,0,0,80.75,0,2,4,3,1,1,0,26.916666666666668,0.0,City Hotel,April,Wednesday,BB,PRT,Direct,Direct,A,No Deposit,Transient,14.0,,1
31,2015,44,25,2,1,2,0,0,0,0,0,0,0,75.0,0,1,3,2,0,1,0,37.5,0.0,City Hotel,October,Sunday,BB,FRA,Offline TA/TO,TA/TO,D,No Deposit,Transient,28.0,,0
16,2016,51,16,0,1,1,0,0,0,0,0,0,0,43.0,0,2,1,1,0,1,0,43.0,0.0,Resort Hotel,December,Friday,BB,ESP,Online TA,TA/TO,A,No Deposit,Transient,240.0,,0
11,2017,31,30,2,2,2,0,0,0,0,0,0,0,125.02,0,1,4,2,0,1,0,62.51,0.0,City Hotel,July,Sunday,BB,DEU,Online TA,TA/TO,D,No Deposit,Transient,7.0,,0
56,2017,30,29,1,1,2,0,0,0,0,0,0,0,126.0,0,0,2,2,0,1,0,63.0,0.0,City Hotel,July,Saturday,SC,CHN,Online TA,TA/TO,A,No Deposit,Transient,9.0,,0
42,2016,45,2,0,3,2,0,0,0,0,0,0,0,55.8,0,2,3,2,0,1,0,27.9,0.0,Resort Hotel,November,Wednesday,BB,GBR,Online TA,TA/TO,E,No Deposit,Transient,240.0,,1
125,2017,15,15,2,5,2,0,0,0,0,0,0,0,123.57,0,1,7,2,0,1,0,61.785,0.0,Resort Hotel,April,Saturday,HB,HUN,Online TA,TA/TO,E,No Deposit,Transient,240.0,,1
159,2016,33,8,2,5,2,0,0,0,0,0,0,0,132.96,1,1,7,2,0,0,0,66.48,0.0,City Hotel,August,Monday,HB,PRT,Direct,Direct,A,No Deposit,Transient,,,0
73,2017,24,11,2,1,3,0,0,0,0,0,0,0,210.0,0,0,3,3,0,1,0,70.0,0.0,City Hotel,June,Sunday,BB,DEU,Online TA,TA/TO,D,No Deposit,Transient,9.0,,1
1,2017,8,22,0,1,1,0,0,0,0,0,0,0,61.2,0,0,1,1,0,0,0,61.2,0.0,Resort Hotel,February,Wednesday,BB,ESP,Direct,Direct,D,No Deposit,Transient,,,0
103,2016,13,24,0,3,2,0,0,0,0,0,0,0,63.58,0,0,3,2,0,1,0,31.79,0.0,City Hotel,March,Thursday,BB,ESP,Offline TA/TO,TA/TO,A,No Deposit,Transient,138.0,,0
186,2015,36,4,1,2,1,0,0,0,0,0,0,0,49.3,0,0,3,1,0,1,0,49.3,0.0,Resort Hotel,September,Friday,BB,GBR,Offline TA/TO,TA/TO,A,No Deposit,Contract,2.0,,0
55,2016,15,6,0,1,1,0,0,0,0,0,0,0,87.0,0,0,1,1,0,1,0,87.0,0.0,City Hotel,April,Wednesday,HB,PRT,Offline TA/TO,TA/TO,A,No Deposit,Transient-Party,56.0,,0
256,2015,38,14,1,2,1,0,0,0,0,0,1,0,0.0,0,0,3,1,0,1,0,0.0,0.0,City Hotel,September,Monday,BB,SWE,Offline TA/TO,TA/TO,A,No Deposit,Transient-Party,4.0,,0
32,2017,21,26,0,1,3,0,0,0,0,0,1,0,230.0,0,0,1,3,0,1,0,76.66666666666667,0.0,City Hotel,May,Friday,BB,PRT,Online TA,TA/TO,D,No Deposit,Transient,9.0,,1
0,2016,34,18,0,3,1,0,0,0,0,0,0,0,178.33,0,1,3,1,0,1,0,178.33,0.0,City Hotel,August,Thursday,BB,DNK,Online TA,TA/TO,D,No Deposit,Transient,9.0,,0
98,2017,25,21,2,5,2,0,0,0,0,0,0,0,89.1,0,0,7,2,0,1,0,44.55,0.0,City Hotel,June,Wednesday,BB,PRT,Offline TA/TO,TA/TO,A,No Deposit,Transient,16.0,,1
246,2016,53,27,2,5,2,0,0,0,0,0,0,0,58.36,0,1,7,2,0,1,0,29.18,0.0,City Hotel,December,Tuesday,BB,PRT,Online TA,TA/TO,A,No Deposit,Transient,7.0,,1
56,2016,50,7,0,3,2,0,0,0,0,0,1,0,82.44,0,1,3,2,0,1,0,41.22,0.0,City Hotel,December,Wednesday,BB,ITA,Online TA,TA/TO,B,No Deposit,Transient,9.0,,0
9,2016,47,16,0,2,1,0,0,0,0,0,0,0,95.0,0,0,2,1,0,1,0,95.0,0.0,City Hotel,November,Wednesday,BB,ESP,Direct,Direct,A,No Deposit,Transient,14.0,,0
224,2016,22,25,0,4,2,0,0,0,0,0,3,0,66.0,0,0,4,2,0,0,1,33.0,0.0,Resort Hotel,May,Wednesday,BB,ITA,Groups,Direct,A,No Deposit,Transient-Party,,223.0,0
38,2017,19,12,2,7,3,1,0,0,0,0,0,0,321.94,0,1,9,4,1,1,0,80.485,0.0,City Hotel,May,Friday,BB,PRT,Online TA,TA/TO,G,No Deposit,Transient,7.0,,1
6,2017,21,23,0,1,1,0,0,0,0,0,0,0,95.0,0,0,1,1,0,1,0,95.0,0.0,City Hotel,May,Tuesday,SC,PRT,Online TA,TA/TO,A,No Deposit,Transient,10.0,,1
352,2017,23,4,2,2,2,0,0,0,0,0,0,0,83.75,0,1,4,2,0,1,0,41.875,0.0,City Hotel,June,Sunday,BB,DEU,Offline TA/TO,TA/TO,A,No Deposit,Transient-Party,21.0,,0
180,2016,44,26,0,4,2,0,0,0,0,0,0,0,66.49,0,2,4,2,0,1,0,33.245,0.0,City Hotel,October,Wednesday,BB,DEU,Online TA,TA/TO,A,No Deposit,Transient,7.0,,0
73,2017,14,3,1,1,2,0,0,0,0,0,2,0,99.0,0,0,2,2,0,1,0,49.5,0.0,City Hotel,April,Monday,SC,BEL,Online TA,TA/TO,A,No Deposit,Transient,9.0,,1
34,2017,23,8,0,3,2,0,0,0,0,0,0,0,117.33,0,0,3,2,0,1,0,58.665,0.0,City Hotel,June,Thursday,BB,PRT,Offline TA/TO,TA/TO,A,No Deposit,Transient,42.0,,1
21,2017,10,6,1,1,2,0,0,0,0,0,0,0,118.0,0,0,2,2,0,1,0,59.0,0.0,City Hotel,March,Monday,BB,FRA,Online TA,TA/TO,D,No Deposit,Transient,9.0,,0
142,2016,33,9,0,3,2,1,0,0,0,0,0,0,130.5,0,1,3,3,1,1,0,43.5,0.0,City Hotel,August,Tuesday,BB,ESP,Online TA,TA/TO,A,No Deposit,Transient,9.0,,1
45,2016,12,19,1,1,3,0,0,0,0,0,0,0,131.4,0,1,2,3,0,1,0,43.8,0.0,City Hotel,March,Saturday,BB,IRL,Online TA,TA/TO,D,No Deposit,Transient,9.0,,1
6,2015,36,2,0,4,2,0,0,0,0,0,0,0,114.5,0,2,4,2,0,1,0,57.25,0.0,City Hotel,September,Wednesday,BB,ESP,Online TA,TA/TO,A,No Deposit,Contract,9.0,,0
25,2017,13,29,2,5,3,1,0,0,0,0,0,0,193.71,0,0,7,4,1,1,0,48.4275,0.0,Resort Hotel,March,Wednesday,HB,GBR,Online TA,TA/TO,H,No Deposit,Transient,240.0,,0
1,2017,9,1,0,4,2,0,0,0,0,0,0,0,74.8,0,1,4,2,0,1,0,37.4,0.0,City Hotel,March,Wednesday,SC,NGA,Online TA,TA/TO,A,No Deposit,Transient,9.0,,1
213,2016,21,16,1,1,2,0,0,0,0,0,0,0,0.0,0,0,2,2,0,1,0,0.0,0.0,Resort Hotel,May,Monday,HB,DEU,Groups,TA/TO,A,No Deposit,Transient-Party,298.0,,0
1,2016,43,18,0,1,1,0,0,0,0,0,0,0,45.0,0,0,1,1,0,0,1,45.0,0.0,Resort Hotel,October,Tuesday,BB,PRT,Corporate,Corporate,A,No Deposit,Transient,,52.0,0
15,2015,48,22,8,19,2,0,0,0,0,0,0,0,93.01,0,0,27,2,0,1,0,46.505,0.0,City Hotel,November,Sunday,BB,PRT,Online TA,TA/TO,A,No Deposit,Transient,8.0,,1
133,2017,28,13,2,7,2,0,0,0,0,0,0,0,135.56,0,2,9,2,0,1,0,67.78,0.0,Resort Hotel,July,Thursday,BB,IRL,Online TA,TA/TO,A,No Deposit,Transient,314.0,,0
77,2015,41,8,0,3,2,0,0,0,0,0,0,0,50.0,0,0,3,2,0,1,0,25.0,0.0,Resort Hotel,October,Thursday,BB,PRT,Direct,Direct,A,No Deposit,Contract,250.0,,0
9,2015,27,3,0,1,2,0,0,0,0,0,0,0,98.0,1,2,1,2,0,1,0,49.0,0.0,Resort Hotel,July,Friday,BB,PRT,Online TA,TA/TO,A,No Deposit,Transient,240.0,,0
26,2016,16,13,0,1,3,0,0,0,0,0,0,0,147.0,0,0,1,3,0,1,0,49.0,0.0,City Hotel,April,Wednesday,BB,DEU,Online TA,TA/TO,D,No Deposit,Transient,9.0,,1
288,2016,19,5,0,3,2,0,0,0,0,0,0,259,65.0,0,1,3,2,0,1,0,32.5,0.0,City Hotel,May,Thursday,BB,PRT,Groups,TA/TO,A,No Deposit,Transient-Party,1.0,,0
140,2017,33,15,0,3,2,0,0,0,0,0,0,0,112.1,0,0,3,2,0,1,0,56.05,0.0,City Hotel,August,Tuesday,HB,ITA,Offline TA/TO,TA/TO,A,No Deposit,Transient,168.0,,0
7,2016,44,24,1,3,1,0,0,0,0,0,0,0,119.0,0,0,4,1,0,0,0,119.0,0.0,City Hotel,October,Monday,BB,DEU,Direct,Direct,A,No Deposit,Transient,,,0
130,2017,1,6,2,2,2,1,0,0,0,0,1,0,78.15,0,1,4,3,1,1,0,26.05,0.0,City Hotel,January,Friday,BB,BRA,Online TA,TA/TO,A,No Deposit,Transient,7.0,,0
72,2016,49,2,2,2,2,0,0,0,0,0,0,0,29.0,0,0,4,2,0,1,0,14.5,0.0,Resort Hotel,December,Friday,BB,NLD,Offline TA/TO,TA/TO,A,No Deposit,Transient,6.0,,0
99,2015,38,19,2,3,2,0,0,0,0,0,0,0,127.0,1,0,5,2,0,1,0,63.5,0.0,Resort Hotel,September,Saturday,HB,PRT,Online TA,TA/TO,D,No Deposit,Transient,240.0,,0
16,2017,25,23,0,2,2,1,0,0,0,0,0,0,200.0,0,0,2,3,1,1,0,66.66666666666667,0.0,City Hotel,June,Friday,BB,MDV,Online TA,TA/TO,A,No Deposit,Transient,9.0,,1
2,2015,35,26,0,1,2,0,0,0,0,0,0,0,137.7,0,0,1,2,0,0,1,68.85,0.0,Resort Hotel,August,Wednesday,BB,PRT,Corporate,Corporate,A,No Deposit,Transient,,110.0,1
60,2016,39,19,1,2,2,0,0,0,0,0,0,0,112.33,0,0,3,2,0,1,0,56.165,0.0,Resort Hotel,September,Monday,BB,TUR,Online TA,TA/TO,E,No Deposit,Transient,240.0,,1
19,2016,13,21,1,1,2,0,1,0,0,0,1,0,30.0,0,0,2,3,1,1,0,10.0,0.0,Resort Hotel,March,Monday,BB,PRT,Offline TA/TO,TA/TO,A,No Deposit,Transient,196.0,,0
92,2017,7,16,1,3,2,0,0,0,0,0,0,0,74.8,0,1,4,2,0,1,0,37.4,0.0,City Hotel,February,Thursday,SC,FRA,Online TA,TA/TO,A,No Deposit,Transient,9.0,,0
88,2017,8,25,1,1,2,2,0,0,0,0,0,0,89.0,1,1,2,4,1,1,0,22.25,0.0,Resort Hotel,February,Saturday,BB,USA,Online TA,TA/TO,G,No Deposit,Transient,240.0,,0
281,2016,40,1,2,1,2,0,0,0,0,0,0,174,96.0,0,0,3,2,0,1,0,48.0,0.0,City Hotel,October,Saturday,HB,PRT,Groups,TA/TO,A,No Deposit,Transient-Party,1.0,,1
0,2016,42,15,0,0,2,0,0,1,0,0,0,0,0.0,0,0,0,2,0,0,0,0.0,0.0,Resort Hotel,October,Saturday,BB,USA,Direct,Direct,D,No Deposit,Transient,,,0
304,2017,23,8,2,3,2,0,0,0,0,0,1,0,94.0,0,0,5,2,0,1,0,47.0,0.0,Resort Hotel,June,Thursday,HB,PRT,Groups,TA/TO,A,Non Refund,Transient,298.0,,1
44,2016,39,23,2,4,2,1,0,0,0,0,1,0,182.25,0,2,6,3,1,1,0,60.75,0.0,Resort Hotel,September,Friday,HB,PRT,Direct,Direct,F,No Deposit,Transient,250.0,,1
11,2016,6,3,0,2,2,1,0,0,0,0,0,0,111.0,0,2,2,3,1,1,0,37.0,0.0,City Hotel,February,Wednesday,BB,CHN,Online TA,TA/TO,A,No Deposit,Transient,9.0,,0
129,2017,29,21,2,3,2,2,0,0,0,0,2,0,239.0,0,2,5,4,1,1,0,59.75,0.0,City Hotel,July,Friday,HB,HRV,Direct,Direct,E,No Deposit,Transient,14.0,,0
25,2017,3,15,2,1,2,0,0,0,0,0,0,0,79.5,0,0,3,2,0,1,0,39.75,0.0,City Hotel,January,Sunday,SC,CHN,Online TA,TA/TO,A,No Deposit,Transient,9.0,,1
37,2016,35,22,1,4,2,0,0,0,0,0,0,0,105.33,0,1,5,2,0,1,0,52.665,0.0,City Hotel,August,Monday,SC,CN,Online TA,TA/TO,A,No Deposit,Transient,7.0,,0
63,2015,28,8,2,8,2,0,0,0,0,0,0,0,68.85,0,0,10,2,0,1,0,34.425,0.0,City Hotel,July,Wednesday,SC,PRT,Online TA,TA/TO,A,No Deposit,Transient,8.0,,1
100,2017,17,26,0,3,2,0,0,0,0,0,0,0,120.0,0,0,3,2,0,1,0,60.0,0.0,City Hotel,April,Wednesday,BB,FRA,Online TA,TA/TO,A,No Deposit,Transient,9.0,,1
17,2016,50,10,0,1,2,0,0,1,0,5,0,0,95.0,0,0,1,2,0,1,0,47.5,0.0,City Hotel,December,Saturday,SC,PRT,Online TA,TA/TO,A,No Deposit,Transient,9.0,,0
44,2016,33,10,0,1,3,0,0,0,0,0,1,0,219.6,0,2,1,3,0,1,0,73.2,0.0,City Hotel,August,Wednesday,HB,ISR,Online TA,TA/TO,D,No Deposit,Transient,9.0,,0
165,2017,27,7,1,2,2,0,0,0,0,0,0,0,152.1,0,1,3,2,0,1,0,76.05,0.0,City Hotel,July,Friday,BB,GBR,Online TA,TA/TO,D,No Deposit,Transient-Party,9.0,,0
0,2017,22,1,0,2,2,0,0,0,0,0,0,0,90.0,0,2,2,2,0,1,0,45.0,0.0,Resort Hotel,June,Thursday,BB,ESP,Online TA,TA/TO,A,No Deposit,Transient,240.0,,0
0,2017,21,23,0,1,1,0,0,1,0,3,0,0,80.0,0,3,1,1,0,1,0,80.0,0.0,Resort Hotel,May,Tuesday,BB,ESP,Direct,TA/TO,A,No Deposit,Transient,250.0,,0
2,2016,48,22,0,1,2,0,0,0,0,0,0,0,111.0,0,1,1,2,0,1,0,55.5,0.0,City Hotel,November,Tuesday,BB,AUS,Online TA,TA/TO,A,No Deposit,Transient,9.0,,0
127,2016,35,21,3,5,2,0,0,0,0,0,0,0,104.55,0,1,8,2,0,1,0,52.275,0.0,City Hotel,August,Sunday,BB,ESP,Direct,Direct,D,No Deposit,Transient,14.0,,1
187,2017,34,25,1,2,2,0,0,0,0,0,0,0,135.0,0,0,3,2,0,1,0,67.5,0.0,City Hotel,August,Friday,BB,SWE,Online TA,TA/TO,D,No Deposit,Transient,8.0,,0
53,2017,24,16,0,2,2,0,0,0,0,0,0,0,160.0,0,1,2,2,0,1,0,80.0,0.0,City Hotel,June,Friday,BB,GBR,Online TA,TA/TO,A,No Deposit,Transient,9.0,,1
20,2016,14,28,1,4,2,2,0,0,0,0,0,0,215.0,0,2,5,4,1,1,0,53.75,0.0,City Hotel,March,Monday,BB,PRT,Online TA,TA/TO,F,No Deposit,Transient,9.0,,0
0,2015,33,13,0,1,2,0,0,0,0,0,0,0,172.0,0,1,1,2,0,1,0,86.0,0.0,Resort Hotel,August,Thursday,BB,FRA,Online TA,TA/TO,A,No Deposit,Transient,240.0,,0
167,2017,26,1,2,5,2,0,0,0,0,0,0,0,117.9,0,0,7,2,0,1,0,58.95,0.0,City Hotel,July,Saturday,BB,IRL,Online TA,TA/TO,D,No Deposit,Transient,9.0,,1
21,2015,41,7,0,2,1,0,0,0,0,0,1,0,47.0,0,1,2,1,0,0,0,47.0,0.0,Resort Hotel,October,Wednesday,BB,PRT,Direct,Direct,A,No Deposit,Transient,,,0
191,2017,32,11,2,5,2,0,0,0,0,0,0,0,112.1,0,0,7,2,0,1,0,56.05,0.0,City Hotel,August,Friday,HB,GBR,Offline TA/TO,TA/TO,A,No Deposit,Transient,168.0,,0
73,2015,40,27,2,1,2,0,0,0,0,0,0,0,78.6,0,2,3,2,0,1,0,39.3,0.0,Resort Hotel,September,Sunday,BB,PRT,Online TA,TA/TO,A,No Deposit,Transient,240.0,,1
20,2017,21,21,2,2,2,0,0,0,0,0,0,0,137.5,0,2,4,2,0,1,0,68.75,0.0,City Hotel,May,Sunday,SC,GBR,Online TA,TA/TO,A,No Deposit,Transient,9.0,,0
141,2016,29,12,0,3,2,0,0,0,0,0,1,0,131.0,0,0,3,2,0,1,0,65.5,0.0,Resort Hotel,July,Tuesday,BB,PRT,Online TA,TA/TO,A,No Deposit,Transient,240.0,,1
204,2017,21,24,1,4,2,0,0,0,0,0,3,0,117.1,0,4,5,2,0,1,0,58.55,0.0,City Hotel,May,Wednesday,BB,DEU,Online TA,TA/TO,A,No Deposit,Transient,9.0,,0
40,2016,24,6,1,4,2,0,0,0,0,0,0,0,116.1,0,0,5,2,0,0,0,58.05,0.0,Resort Hotel,June,Monday,BB,PRT,Direct,Direct,A,No Deposit,Transient,,,1
247,2016,52,21,1,4,2,0,0,0,0,0,0,0,55.8,0,0,5,2,0,1,0,27.9,0.0,Resort Hotel,December,Wednesday,BB,FRA,Online TA,TA/TO,E,No Deposit,Transient,240.0,,1
54,2016,3,10,2,2,3,0,0,0,0,0,1,0,95.19,0,1,4,3,0,1,0,31.73,0.0,City Hotel,January,Sunday,BB,BEL,Online TA,TA/TO,D,No Deposit,Transient,7.0,,0
163,2017,29,18,0,1,2,0,0,0,0,0,0,0,192.0,0,1,1,2,0,1,0,96.0,0.0,Resort Hotel,July,Tuesday,HB,CN,Online TA,TA/TO,A,No Deposit,Transient,240.0,,1
31,2017,19,8,1,2,1,0,0,0,0,0,2,0,130.0,0,0,3,1,0,1,0,130.0,0.0,City Hotel,May,Monday,BB,BRA,Groups,TA/TO,A,No Deposit,Transient-Party,39.0,,0
327,2015,37,9,0,2,1,0,0,0,1,0,0,0,60.0,0,0,2,1,0,1,0,60.0,1.0,City Hotel,September,Wednesday,BB,PRT,Groups,TA/TO,A,Non Refund,Transient-Party,1.0,,1
97,2017,16,22,2,2,3,0,0,0,0,0,0,0,172.8,0,2,4,3,0,1,0,57.6,0.0,City Hotel,April,Saturday,BB,NLD,Online TA,TA/TO,D,No Deposit,Transient,9.0,,0
34,2016,13,25,0,2,3,0,0,0,0,0,0,0,159.3,0,0,2,3,0,1,0,53.1,0.0,City Hotel,March,Friday,BB,GBR,Online TA,TA/TO,D,No Deposit,Transient,9.0,,1
42,2015,43,19,1,1,2,0,0,0,0,0,0,0,94.5,0,2,2,2,0,1,0,47.25,0.0,City Hotel,October,Monday,BB,PRT,Online TA,TA/TO,A,No Deposit,Contract,9.0,,1
203,2016,44,24,2,5,2,0,0,0,0,0,0,0,85.5,0,0,7,2,0,1,0,42.75,0.0,City Hotel,October,Monday,SC,BRA,Online TA,TA/TO,A,No Deposit,Transient,9.0,,1
2,2017,23,8,0,1,1,0,0,0,0,0,0,0,75.0,0,0,1,1,0,0,1,75.0,0.0,Resort Hotel,June,Thursday,BB,PRT,Corporate,Corporate,A,No Deposit,Transient,,337.0,0
94,2016,15,7,2,5,2,0,0,0,0,0,0,0,75.89,0,1,7,2,0,1,0,37.945,0.0,City Hotel,April,Thursday,SC,GRC,Online TA,TA/TO,A,No Deposit,Transient,9.0,,1
39,2016,22,28,1,1,2,0,0,0,0,0,0,0,121.0,0,1,2,2,0,1,0,60.5,0.0,Resort Hotel,May,Saturday,BB,USA,Online TA,TA/TO,F,No Deposit,Transient,242.0,,0
3,2016,38,15,0,2,1,0,0,0,0,0,0,0,149.0,0,2,2,1,0,1,0,149.0,0.0,City Hotel,September,Thursday,SC,PRT,Online TA,TA/TO,A,No Deposit,Transient,9.0,,0
5,2017,15,11,0,1,2,0,0,0,0,0,0,0,100.0,0,0,1,2,0,0,0,50.0,0.0,Resort Hotel,April,Tuesday,BB,PRT,Corporate,Direct,A,Non Refund,Transient,,,1
3,2016,45,4,0,2,2,0,0,0,0,0,0,0,74.0,1,2,2,2,0,1,0,37.0,0.0,Resort Hotel,November,Friday,BB,ESP,Online TA,TA/TO,D,No Deposit,Transient,240.0,,0
253,2017,34,25,2,4,1,0,0,0,0,0,0,0,153.75,0,1,6,1,0,1,0,153.75,0.0,Resort Hotel,August,Friday,BB,ESP,Online TA,TA/TO,A,No Deposit,Transient,240.0,,1
62,2016,36,3,2,1,2,0,0,0,0,0,0,0,109.8,0,2,3,2,0,1,0,54.9,0.0,City Hotel,September,Saturday,BB,USA,Online TA,TA/TO,A,No Deposit,Transient,9.0,,0
134,2017,24,17,2,2,2,0,0,0,0,0,0,0,99.0,0,0,4,2,0,1,0,49.5,0.0,City Hotel,June,Saturday,SC,FRA,Online TA,TA/TO,A,No Deposit,Transient,9.0,,1
260,2015,27,4,2,2,3,0,0,0,0,0,1,0,84.0,0,0,4,3,0,1,0,28.0,0.0,City Hotel,July,Saturday,BB,PRT,Groups,TA/TO,A,No Deposit,Transient-Party,1.0,,0
0,2016,14,2,0,1,1,0,0,0,0,0,0,0,6.0,0,0,1,1,0,0,0,6.0,0.0,City Hotel,April,Saturday,BB,DEU,Online TA,TA/TO,A,No Deposit,Transient,,,0
239,2017,32,9,1,4,2,0,0,0,0,0,0,0,183.2,0,1,5,2,0,1,0,91.6,0.0,Resort Hotel,August,Wednesday,BB,CN,Direct,Direct,D,No Deposit,Transient,250.0,,0
38,2016,47,17,0,3,2,0,0,0,0,0,0,0,64.8,0,1,3,2,0,1,0,32.4,0.0,Resort Hotel,November,Thursday,HB,ESP,Online TA,TA/TO,A,No Deposit,Transient,240.0,,0
87,2016,34,14,2,1,2,0,0,0,0,0,0,0,117.9,0,1,3,2,0,1,0,58.95,0.0,City Hotel,August,Sunday,BB,PRT,Online TA,TA/TO,A,No Deposit,Transient,8.0,,1
224,2016,22,25,1,4,1,0,0,0,0,0,5,0,40.0,0,0,5,1,0,0,1,40.0,0.0,Resort Hotel,May,Wednesday,BB,GBR,Groups,Direct,A,No Deposit,Transient-Party,,223.0,0
76,2015,53,30,0,3,2,1,0,0,0,0,0,0,204.33,1,1,3,3,1,0,0,68.11,0.0,Resort Hotel,December,Wednesday,HB,PRT,Direct,Direct,A,No Deposit,Transient,,,0
79,2016,31,24,2,4,2,0,0,0,0,0,0,0,120.6,0,3,6,2,0,1,0,60.3,0.0,City Hotel,July,Sunday,BB,FRA,Online TA,TA/TO,D,No Deposit,Transient,9.0,,0
35,2016,34,17,0,3,2,2,0,0,0,0,0,0,214.76,0,0,3,4,1,1,0,53.69,0.0,City Hotel,August,Wednesday,BB,GBR,Online TA,TA/TO,G,No Deposit,Transient,7.0,,1
223,2016,36,1,4,10,2,0,0,0,0,0,0,0,57.8,0,0,14,2,0,1,0,28.9,0.0,Resort Hotel,September,Thursday,BB,PRT,Offline TA/TO,TA/TO,A,No Deposit,Contract,243.0,,1
1,2017,3,21,0,1,2,0,0,0,0,0,0,0,45.0,0,0,1,2,0,0,0,22.5,0.0,Resort Hotel,January,Saturday,BB,PRT,Direct,Direct,A,No Deposit,Transient,,,0
48,2016,4,19,2,5,2,0,0,0,0,0,1,0,63.75,0,1,7,2,0,1,0,31.875,0.0,City Hotel,January,Tuesday,BB,PRT,Direct,Direct,A,No Deposit,Transient,14.0,,0
93,2017,20,17,2,5,2,0,0,0,0,0,1,0,177.0,1,0,7,2,0,1,0,88.5,0.0,Resort Hotel,May,Wednesday,FB,FRA,Direct,Direct,E,No Deposit,Transient-Party,250.0,,0
71,2017,7,17,0,2,2,0,0,0,0,0,0,0,48.0,0,2,2,2,0,1,0,24.0,0.0,Resort Hotel,February,Friday,HB,ESP,Direct,Direct,A,No Deposit,Transient,250.0,,1
2,2016,24,8,0,3,2,0,0,0,0,0,3,0,73.07,0,2,3,2,0,1,0,36.535,0.0,City Hotel,June,Wednesday,BB,TUR,Online TA,TA/TO,A,No Deposit,Transient,152.0,,0
3,2016,40,26,1,0,1,0,0,0,0,0,0,0,195.0,0,0,1,1,0,1,0,195.0,0.0,City Hotel,September,Monday,SC,PRT,Online TA,GDS,E,No Deposit,Transient,195.0,,0
41,2017,30,29,1,1,2,0,0,0,0,0,0,0,140.0,0,1,2,2,0,1,0,70.0,0.0,City Hotel,July,Saturday,SC,CN,Online TA,TA/TO,A,No Deposit,Transient,9.0,,1
8,2017,11,16,0,1,1,0,0,0,0,0,0,0,65.0,1,0,1,1,0,0,0,65.0,0.0,City Hotel,March,Thursday,BB,PRT,Direct,Direct,A,No Deposit,Transient,,,0
71,2016,9,23,0,4,2,0,0,0,0,0,0,0,75.95,0,0,4,2,0,1,0,37.975,0.0,City Hotel,February,Tuesday,BB,ITA,Online TA,TA/TO,A,No Deposit,Transient,9.0,,0
79,2017,16,18,0,3,2,0,0,0,0,0,1,0,171.0,0,1,3,2,0,1,0,85.5,0.0,City Hotel,April,Tuesday,BB,GBR,Online TA,TA/TO,D,No Deposit,Transient,9.0,,0
83,2016,32,1,3,7,1,0,0,0,0,0,3,0,202.0,0,2,10,1,0,1,0,202.0,0.0,Resort Hotel,August,Monday,BB,FRA,Direct,Direct,E,No Deposit,Transient,250.0,,0
116,2016,10,28,2,2,1,0,0,0,0,0,1,0,61.0,0,0,4,1,0,1,0,61.0,0.0,City Hotel,February,Sunday,BB,PRT,Offline TA/TO,TA/TO,A,No Deposit,Transient-Party,134.0,,1
228,2017,35,29,0,2,2,0,0,0,0,0,0,0,117.0,0,1,2,2,0,1,0,58.5,0.0,City Hotel,August,Tuesday,BB,BRA,Online TA,TA/TO,A,No Deposit,Transient,9.0,,1
1,2017,5,3,0,1,2,0,0,0,0,0,0,0,43.2,0,1,1,2,0,1,0,21.6,0.0,Resort Hotel,February,Friday,BB,PRT,Direct,Direct,A,No Deposit,Transient,250.0,,0
74,2017,7,13,1,2,2,0,0,0,0,0,0,0,79.2,0,3,3,2,0,1,0,39.6,0.0,City Hotel,February,Monday,SC,GBR,Online TA,TA/TO,A,No Deposit,Transient,9.0,,1
115,2016,9,27,2,2,1,0,0,0,0,0,1,0,76.0,0,0,4,1,0,1,0,76.0,0.0,City Hotel,February,Saturday,BB,MOZ,Offline TA/TO,TA/TO,A,No Deposit,Transient-Party,134.0,,0
30,2016,49,30,0,3,2,0,0,0,0,0,0,0,104.0,0,2,3,2,0,1,0,52.0,0.0,City Hotel,November,Wednesday,BB,NOR,Online TA,TA/TO,A,No Deposit,Transient,9.0,,1
0,2015,32,8,1,1,2,0,0,0,0,0,1,0,75.0,0,0,2,2,0,0,0,37.5,0.0,City Hotel,August,Saturday,BB,FRA,Direct,Direct,A,No Deposit,Transient,,,0
19,2016,46,7,1,1,1,0,0,0,0,0,1,0,6.0,0,0,2,1,0,1,0,6.0,0.0,City Hotel,November,Monday,BB,CHN,Online TA,TA/TO,D,No Deposit,Transient,9.0,,1
55,2015,35,28,0,2,2,0,0,0,0,0,0,0,164.0,0,2,2,2,0,1,0,82.0,0.0,Resort Hotel,August,Friday,HB,PRT,Online TA,TA/TO,A,No Deposit,Transient,240.0,,1
3,2015,43,18,2,1,2,0,0,0,0,0,0,0,136.0,0,0,3,2,0,1,0,68.0,0.0,City Hotel,October,Sunday,BB,SWE,Online TA,TA/TO,D,No Deposit,Contract,9.0,,0
42,2017,1,1,2,1,2,0,0,0,0,0,0,0,114.67,0,0,3,2,0,1,0,57.335,0.0,City Hotel,January,Sunday,BB,RUS,Online TA,TA/TO,A,No Deposit,Transient,9.0,,1
15,2016,52,20,0,2,1,0,0,1,0,3,1,0,44.0,0,1,2,1,0,0,0,44.0,0.0,Resort Hotel,December,Tuesday,BB,PRT,Direct,Direct,A,No Deposit,Transient,,,0
9,2015,34,19,0,3,2,0,0,0,0,0,0,0,81.0,0,1,3,2,0,1,0,40.5,0.0,City Hotel,August,Wednesday,BB,FRA,Online TA,TA/TO,A,No Deposit,Transient,9.0,,0
0,2017,34,23,0,2,1,0,0,0,0,0,3,0,115.0,0,0,2,1,0,1,0,115.0,0.0,City Hotel,August,Wednesday,BB,DEU,Offline TA/TO,TA/TO,A,No Deposit,Transient-Party,98.0,,0
161,2017,17,28,1,2,3,0,0,0,0,0,0,0,166.5,0,0,3,3,0,1,0,55.5,0.0,City Hotel,April,Friday,BB,IRL,Online TA,TA/TO,D,No Deposit,Transient,9.0,,0
86,2016,16,11,3,7,2,0,0,0,0,0,0,0,54.2,0,0,10,2,0,1,0,27.1,0.0,Resort Hotel,April,Monday,BB,GBR,Offline TA/TO,TA/TO,D,No Deposit,Transient,171.0,,0
9,2015,50,9,0,1,1,0,0,0,0,0,0,0,25.0,0,0,1,1,0,0,1,25.0,0.0,Resort Hotel,December,Wednesday,BB,PRT,Corporate,Corporate,A,No Deposit,Transient,,154.0,0
3,2015,39,20,2,3,2,0,1,0,0,0,0,0,133.0,0,2,5,3,1,1,0,44.333333333333336,0.0,City Hotel,September,Sunday,BB,GBR,Direct,Direct,A,No Deposit,Transient,14.0,,0
0,2016,5,27,0,2,3,0,0,0,0,0,1,0,120.5,0,0,2,3,0,0,0,40.166666666666664,0.0,City Hotel,January,Wednesday,BB,MAR,Direct,Direct,B,No Deposit,Transient-Party,,,0
179,2016,24,8,2,5,2,2,0,0,0,0,0,0,182.26,0,0,7,4,1,1,0,45.565,0.0,City Hotel,June,Wednesday,BB,GBR,Online TA,TA/TO,F,No Deposit,Transient,9.0,,1
12,2015,37,10,0,2,3,0,0,0,0,0,1,0,75.46,0,1,2,3,0,1,0,25.153333333333332,0.0,Resort Hotel,September,Thursday,BB,PRT,Online TA,TA/TO,A,No Deposit,Transient,241.0,,0
1,2016,49,29,0,1,1,0,0,1,1,6,0,0,79.0,0,1,1,1,0,0,1,79.0,0.1428571428571428,City Hotel,November,Tuesday,BB,PRT,Corporate,Corporate,A,No Deposit,Transient,,219.0,0
0,2017,3,16,1,0,2,0,0,1,0,1,0,0,56.0,0,0,1,2,0,0,0,28.0,0.0,Resort Hotel,January,Monday,BB,ITA,Direct,Direct,A,No Deposit,Transient-Party,,,0
172,2016,38,16,2,2,2,0,0,0,0,0,0,0,80.75,0,0,4,2,0,1,0,40.375,0.0,City Hotel,September,Friday,BB,PRT,Offline TA/TO,TA/TO,A,No Deposit,Transient,138.0,,0
118,2017,22,2,1,2,2,0,0,0,0,0,0,0,126.0,0,1,3,2,0,1,0,63.0,0.0,City Hotel,June,Friday,BB,GBR,Direct,Direct,A,No Deposit,Transient,14.0,,0
3,2015,43,24,1,1,2,0,0,0,0,0,0,0,76.0,0,1,2,2,0,1,0,38.0,0.0,Resort Hotel,October,Saturday,BB,GBR,Online TA,TA/TO,E,No Deposit,Transient,240.0,,0
67,2015,49,5,2,1,1,0,0,0,0,0,0,0,95.4,0,1,3,1,0,1,0,95.4,0.0,City Hotel,December,Saturday,SC,PRT,Online TA,TA/TO,A,No Deposit,Transient,8.0,,0
11,2015,43,23,0,2,1,0,0,0,0,0,0,0,0.0,0,1,2,1,0,1,0,0.0,0.0,Resort Hotel,October,Friday,BB,CHE,Complementary,TA/TO,F,No Deposit,Transient,253.0,,0
4,2016,21,15,2,2,1,0,0,0,0,0,0,0,98.32,0,0,4,1,0,1,0,98.32,0.0,City Hotel,May,Sunday,BB,USA,Corporate,Corporate,A,No Deposit,Transient-Party,150.0,,0
104,2016,22,23,1,1,2,0,0,0,0,0,0,0,116.1,0,1,2,2,0,1,0,58.05,0.0,City Hotel,May,Monday,SC,GBR,Online TA,TA/TO,A,No Deposit,Transient,9.0,,0
272,2017,34,20,2,2,3,0,0,0,0,0,0,0,157.28,0,1,4,3,0,1,0,52.42666666666667,0.0,Resort Hotel,August,Sunday,BB,CN,Offline TA/TO,TA/TO,A,No Deposit,Transient,410.0,,0
52,2016,44,28,1,2,2,2,0,0,0,0,0,0,192.59,0,1,3,4,1,1,0,48.1475,0.0,City Hotel,October,Friday,BB,FRA,Online TA,TA/TO,G,No Deposit,Transient,7.0,,0
55,2016,12,16,0,2,2,0,0,0,0,0,0,0,78.3,0,1,2,2,0,1,0,39.15,0.0,City Hotel,March,Wednesday,BB,DEU,Online TA,TA/TO,A,No Deposit,Transient,9.0,,0
16,2017,21,22,1,0,1,0,0,0,0,0,0,0,200.0,0,2,1,1,0,1,0,200.0,0.0,City Hotel,May,Monday,BB,GBR,Online TA,TA/TO,E,No Deposit,Transient,9.0,,0
45,2016,39,18,2,1,2,0,0,0,0,0,0,0,125.1,0,1,3,2,0,1,0,62.55,0.0,City Hotel,September,Sunday,SC,FRA,Online TA,TA/TO,A,No Deposit,Transient,9.0,,0
201,2017,24,17,2,2,2,0,0,0,0,0,0,0,86.2,0,0,4,2,0,1,0,43.1,0.0,Resort Hotel,June,Saturday,BB,AUT,Online TA,TA/TO,A,No Deposit,Transient,314.0,,0
5,2016,51,14,0,2,1,0,0,0,0,0,0,0,78.0,0,0,2,1,0,1,0,78.0,0.0,City Hotel,December,Wednesday,BB,AUS,Direct,Direct,A,No Deposit,Transient,14.0,,0
183,2016,16,16,1,1,2,0,0,0,0,0,0,0,85.0,0,0,2,2,0,1,0,42.5,0.0,Resort Hotel,April,Saturday,HB,ESP,Groups,TA/TO,A,No Deposit,Transient-Party,298.0,,0
5,2016,9,27,2,1,2,0,0,0,0,0,0,0,108.0,0,1,3,2,0,1,0,54.0,0.0,City Hotel,February,Saturday,BB,FRA,Online TA,TA/TO,D,No Deposit,Transient,9.0,,0
18,2017,20,16,0,1,2,1,0,0,0,0,0,0,114.0,0,1,1,3,1,1,0,38.0,0.0,City Hotel,May,Tuesday,BB,GTM,Online TA,TA/TO,D,No Deposit,Transient,7.0,,0
166,2016,28,7,2,3,3,0,0,0,0,0,0,0,121.55,0,0,5,3,0,1,0,40.516666666666666,0.0,City Hotel,July,Thursday,BB,GBR,Online TA,TA/TO,A,No Deposit,Transient,9.0,,1
58,2017,17,29,1,1,2,0,0,0,0,0,0,0,127.0,0,0,2,2,0,1,0,63.5,0.0,Resort Hotel,April,Saturday,BB,DEU,Direct,Direct,F,No Deposit,Transient-Party,250.0,,0
77,2015,34,17,2,5,2,0,0,0,0,0,0,0,154.0,0,0,7,2,0,1,0,77.0,0.0,Resort Hotel,August,Monday,BB,PRT,Online TA,TA/TO,D,No Deposit,Transient,240.0,,0
170,2017,30,28,2,5,2,1,0,0,0,0,1,0,110.0,0,2,7,3,1,1,0,36.666666666666664,0.0,City Hotel,July,Friday,HB,FRA,Offline TA/TO,TA/TO,A,No Deposit,Contract,28.0,,0
119,2016,18,29,1,2,2,0,0,0,0,0,1,0,99.3,0,0,3,2,0,1,0,49.65,0.0,City Hotel,April,Friday,BB,DEU,Online TA,TA/TO,A,No Deposit,Transient,9.0,,0
34,2017,8,21,0,4,2,0,0,0,0,0,0,0,88.4,0,0,4,2,0,1,0,44.2,0.0,City Hotel,February,Tuesday,BB,ITA,Online TA,TA/TO,A,No Deposit,Transient,9.0,,1
123,2016,32,31,2,3,2,1,0,0,0,0,0,0,216.98,0,1,5,3,1,0,0,72.32666666666667,0.0,Resort Hotel,July,Sunday,BB,CHE,Direct,Direct,F,No Deposit,Transient,,,0
20,2016,39,19,1,2,1,0,0,0,0,0,1,0,119.0,0,0,3,1,0,0,1,119.0,0.0,City Hotel,September,Monday,BB,POL,Corporate,Corporate,A,No Deposit,Transient,,293.0,0
2,2016,53,31,0,1,2,2,0,0,0,0,0,0,220.0,0,0,1,4,1,0,0,55.0,0.0,City Hotel,December,Saturday,BB,PRT,Direct,Direct,F,No Deposit,Transient,,,1
197,2016,52,21,1,4,2,1,0,0,0,0,3,0,137.0,0,0,5,3,1,1,0,45.666666666666664,0.0,City Hotel,December,Wednesday,HB,FRA,Offline TA/TO,TA/TO,A,No Deposit,Transient-Party,3.0,,0
109,2016,44,28,1,2,3,0,0,0,0,0,0,0,174.6,0,1,3,3,0,1,0,58.2,0.0,City Hotel,October,Friday,HB,SWE,Online TA,TA/TO,D,No Deposit,Transient,9.0,,1
96,2017,21,27,2,1,2,0,0,0,0,0,0,0,153.0,0,0,3,2,0,1,0,76.5,0.0,City Hotel,May,Saturday,BB,FRA,Online TA,TA/TO,D,No Deposit,Transient,9.0,,0
3,2015,41,4,1,0,2,0,0,1,1,0,0,0,126.0,0,0,1,2,0,1,0,63.0,1.0,City Hotel,October,Sunday,BB,PRT,Online TA,TA/TO,A,No Deposit,Contract,9.0,,1
55,2016,28,7,0,1,1,0,0,0,0,0,0,0,79.0,0,0,1,1,0,0,1,79.0,0.0,City Hotel,July,Thursday,BB,PRT,Corporate,Corporate,A,No Deposit,Transient,,219.0,0
104,2017,26,29,0,1,2,0,0,0,0,0,0,0,108.0,0,0,1,2,0,1,0,54.0,0.0,City Hotel,June,Thursday,BB,ITA,Direct,Direct,A,No Deposit,Transient,14.0,,0
34,2016,22,22,2,1,1,0,0,0,0,0,1,0,98.1,0,1,3,1,0,1,0,98.1,0.0,City Hotel,May,Sunday,SC,DEU,Online TA,TA/TO,A,No Deposit,Transient,9.0,,0
5,2015,34,17,1,5,2,0,0,0,0,0,0,0,75.0,1,1,6,2,0,1,0,37.5,0.0,City Hotel,August,Monday,BB,ESP,Direct,Direct,B,No Deposit,Transient,14.0,,0
49,2015,40,29,1,5,2,0,0,0,0,0,0,0,105.67,0,1,6,2,0,1,0,52.835,0.0,Resort Hotel,September,Tuesday,HB,ESP,Online TA,TA/TO,D,No Deposit,Transient,242.0,,0
47,2016,20,11,0,4,2,0,0,0,0,0,0,0,92.28,0,1,4,2,0,1,0,46.14,0.0,City Hotel,May,Wednesday,BB,PRT,Online TA,TA/TO,A,No Deposit,Transient,7.0,,0
322,2017,23,6,0,4,2,0,0,0,0,0,1,0,74.25,0,1,4,2,0,1,0,37.125,0.0,Resort Hotel,June,Tuesday,BB,IRL,Online TA,TA/TO,A,No Deposit,Transient,240.0,,0
101,2016,48,26,2,1,2,0,0,0,0,0,0,0,90.0,0,2,3,2,0,1,0,45.0,0.0,City Hotel,November,Saturday,BB,ROU,Online TA,TA/TO,A,No Deposit,Transient,9.0,,0
50,2016,45,2,0,4,2,0,0,0,0,0,1,0,141.0,0,0,4,2,0,1,0,70.5,0.0,City Hotel,November,Wednesday,HB,FRA,Offline TA/TO,TA/TO,A,No Deposit,Transient,28.0,,0
230,2017,24,12,4,10,2,0,0,0,0,0,0,0,93.6,0,0,14,2,0,1,0,46.8,0.0,Resort Hotel,June,Monday,HB,PRT,Offline TA/TO,TA/TO,D,No Deposit,Contract,315.0,,1
34,2015,45,1,2,1,2,0,0,0,0,0,0,0,60.0,0,0,3,2,0,1,0,30.0,0.0,City Hotel,November,Sunday,BB,FRA,Offline TA/TO,TA/TO,D,No Deposit,Group,28.0,,0
77,2017,21,21,2,0,2,0,0,0,0,0,0,0,144.0,0,0,2,2,0,1,0,72.0,0.0,City Hotel,May,Sunday,SC,PRT,Online TA,TA/TO,A,No Deposit,Transient,8.0,,1
23,2016,48,22,0,4,2,2,0,0,0,0,0,0,147.9,0,1,4,4,1,1,0,36.975,0.0,City Hotel,November,Tuesday,BB,ISR,Online TA,TA/TO,F,No Deposit,Transient,9.0,,1
247,2017,19,13,2,3,2,0,0,0,0,0,1,0,56.0,0,1,5,2,0,1,0,28.0,0.0,Resort Hotel,May,Saturday,BB,GBR,Online TA,TA/TO,D,No Deposit,Transient,314.0,,0
0,2016,28,7,0,3,2,0,0,0,0,0,0,0,132.16,0,0,3,2,0,1,0,66.08,0.0,Resort Hotel,July,Thursday,BB,CN,Online TA,TA/TO,D,No Deposit,Transient,241.0,,0
189,2016,33,9,0,1,2,0,0,0,0,0,2,0,94.5,0,0,1,2,0,1,0,47.25,0.0,City Hotel,August,Tuesday,BB,FRA,Direct,Direct,A,No Deposit,Transient,14.0,,0
165,2017,10,9,1,3,1,0,0,0,0,0,0,0,88.4,0,3,4,1,0,1,0,88.4,0.0,City Hotel,March,Thursday,BB,DEU,Online TA,TA/TO,A,No Deposit,Transient,9.0,,0
104,2017,33,17,0,3,2,0,0,0,0,0,2,0,155.0,0,1,3,2,0,1,0,77.5,0.0,City Hotel,August,Thursday,BB,IRL,Online TA,TA/TO,D,No Deposit,Transient,9.0,,1
121,2016,33,8,2,5,3,0,0,0,0,0,2,0,166.25,0,0,7,3,0,1,0,55.416666666666664,0.0,City Hotel,August,Monday,BB,PRT,Direct,Direct,E,No Deposit,Transient,14.0,,0
1,2017,5,4,0,1,2,1,0,0,0,0,0,0,63.0,0,3,1,3,1,0,0,21.0,0.0,Resort Hotel,February,Saturday,BB,PRT,Direct,TA/TO,C,No Deposit,Transient,,,0
161,2016,25,17,2,4,2,0,0,0,0,0,0,0,72.0,0,2,6,2,0,1,0,36.0,0.0,Resort Hotel,June,Friday,BB,ROU,Online TA,TA/TO,A,No Deposit,Transient,240.0,,0
73,2016,15,3,2,1,2,1,0,0,0,0,0,0,94.0,0,0,3,3,1,1,0,31.333333333333332,0.0,City Hotel,April,Sunday,SC,GBR,Online TA,TA/TO,A,No Deposit,Transient,8.0,,0
29,2016,6,31,2,4,2,0,0,0,0,0,0,0,79.75,0,1,6,2,0,1,0,39.875,0.0,City Hotel,January,Sunday,BB,GBR,Online TA,TA/TO,A,No Deposit,Transient,9.0,,1
106,2016,18,27,0,4,2,0,0,0,0,0,0,0,85.0,0,0,4,2,0,1,0,42.5,0.0,City Hotel,April,Wednesday,SC,FRA,Online TA,TA/TO,A,No Deposit,Transient,9.0,,1
21,2016,53,29,1,3,2,0,0,0,0,0,0,0,131.35,0,1,4,2,0,1,0,65.675,0.0,City Hotel,December,Thursday,BB,FRA,Online TA,TA/TO,D,No Deposit,Transient,9.0,,0
17,2016,45,30,2,2,3,0,0,0,0,0,0,0,153.62,0,1,4,3,0,1,0,51.20666666666667,0.0,City Hotel,October,Sunday,BB,BEL,Online TA,TA/TO,F,No Deposit,Transient,7.0,,0
317,2016,28,4,1,5,2,0,0,0,0,0,0,0,72.9,0,2,6,2,0,1,0,36.45,0.0,Resort Hotel,July,Monday,BB,ESP,Online TA,TA/TO,A,No Deposit,Transient,240.0,,0
0,2015,52,26,0,1,2,0,0,0,0,0,0,0,65.0,0,0,1,2,0,1,0,32.5,0.0,Resort Hotel,December,Saturday,BB,PRT,Online TA,TA/TO,A,No Deposit,Transient,240.0,,0
113,2016,32,1,1,1,2,0,0,0,0,0,0,0,105.3,0,0,2,2,0,1,0,52.65,0.0,City Hotel,August,Monday,BB,FRA,Online TA,TA/TO,A,No Deposit,Transient,9.0,,1
102,2017,2,8,2,3,2,0,0,0,0,0,0,0,55.8,0,2,5,2,0,1,0,27.9,0.0,Resort Hotel,January,Sunday,BB,GBR,Online TA,TA/TO,E,No Deposit,Transient,240.0,,1
20,2015,36,2,0,4,2,0,0,0,0,0,0,0,80.85,0,2,4,2,0,1,0,40.425,0.0,City Hotel,September,Wednesday,BB,TWN,Online TA,TA/TO,A,No Deposit,Transient,7.0,,0
157,2017,30,23,1,0,1,0,0,0,0,0,1,0,84.6,0,1,1,1,0,1,0,84.6,0.0,City Hotel,July,Sunday,BB,BRA,Offline TA/TO,TA/TO,A,No Deposit,Transient,6.0,,0
186,2016,41,3,1,3,2,1,0,0,0,0,0,0,139.3,0,0,4,3,1,1,0,46.43333333333334,0.0,Resort Hotel,October,Monday,HB,PRT,Offline TA/TO,TA/TO,E,No Deposit,Transient,156.0,,1
52,2017,12,20,1,4,2,0,0,0,0,0,0,0,74.8,0,2,5,2,0,1,0,37.4,0.0,City Hotel,March,Monday,SC,NOR,Online TA,TA/TO,A,No Deposit,Transient,9.0,,0
107,2016,23,3,1,2,2,0,0,0,0,0,0,0,90.67,0,0,3,2,0,1,0,45.335,0.0,City Hotel,June,Friday,BB,FRA,Groups,TA/TO,A,No Deposit,Transient-Party,37.0,,0
36,2015,27,2,1,3,3,0,0,0,0,0,0,0,108.8,0,1,4,3,0,1,0,36.266666666666666,0.0,Resort Hotel,July,Thursday,BB,PRT,Online TA,TA/TO,D,No Deposit,Transient,241.0,,0
11,2017,21,23,0,1,1,0,0,0,0,0,0,0,130.0,0,0,1,1,0,1,0,130.0,0.0,City Hotel,May,Tuesday,BB,ESP,Online TA,TA/TO,A,No Deposit,Transient,159.0,,0
46,2017,11,18,1,1,2,0,0,0,0,0,0,0,60.0,0,0,2,2,0,0,0,30.0,0.0,Resort Hotel,March,Saturday,BB,IRL,Direct,Corporate,A,No Deposit,Transient,,,0
174,2017,26,1,2,3,3,0,0,0,0,0,0,0,147.9,0,0,5,3,0,1,0,49.3,0.0,City Hotel,July,Saturday,BB,GBR,Online TA,TA/TO,D,No Deposit,Transient,9.0,,0
98,2017,19,12,0,2,2,0,0,0,0,0,0,0,85.0,0,1,2,2,0,1,0,42.5,0.0,Resort Hotel,May,Friday,BB,PRT,Online TA,TA/TO,A,No Deposit,Transient,240.0,,1
1,2017,11,14,0,2,2,0,0,0,0,0,0,0,65.0,0,1,2,2,0,1,0,32.5,0.0,Resort Hotel,March,Tuesday,BB,AUT,Online TA,TA/TO,A,No Deposit,Transient,240.0,,0
38,2017,33,19,0,1,2,0,0,0,0,0,0,0,160.0,0,1,1,2,0,1,0,80.0,0.0,City Hotel,August,Saturday,BB,ITA,Online TA,TA/TO,A,No Deposit,Transient,9.0,,0
1,2015,32,8,2,2,2,0,0,0,0,0,0,0,90.0,0,2,4,2,0,1,0,45.0,0.0,City Hotel,August,Saturday,BB,ESP,Online TA,TA/TO,A,No Deposit,Contract,9.0,,0
181,2016,39,23,0,2,3,0,0,0,0,0,0,0,169.0,0,0,2,3,0,1,0,56.333333333333336,0.0,City Hotel,September,Friday,BB,BEL,Direct,Direct,A,No Deposit,Transient,14.0,,0
28,2017,7,13,1,3,2,0,0,0,0,0,0,0,74.8,0,0,4,2,0,1,0,37.4,0.0,City Hotel,February,Monday,SC,FRA,Online TA,TA/TO,A,No Deposit,Transient,9.0,,1
117,2016,53,26,1,2,2,0,0,0,0,0,0,0,93.6,0,2,3,2,0,1,0,46.8,0.0,City Hotel,December,Monday,BB,ITA,Online TA,TA/TO,A,No Deposit,Transient,9.0,,0
5,2017,8,25,0,1,3,0,0,0,0,0,0,0,193.0,0,0,1,3,0,1,0,64.33333333333333,0.0,City Hotel,February,Saturday,BB,ESP,Direct,Direct,F,No Deposit,Transient,14.0,,0
224,2016,53,29,2,3,2,0,0,0,0,0,0,0,82.11,0,0,5,2,0,1,0,41.055,0.0,City Hotel,December,Thursday,BB,AUS,Online TA,TA/TO,A,No Deposit,Transient,9.0,,1
37,2016,45,2,1,4,2,0,0,0,0,0,0,0,37.8,0,1,5,2,0,1,0,18.9,0.0,Resort Hotel,November,Wednesday,BB,IRL,Online TA,TA/TO,A,No Deposit,Transient,240.0,,1
30,2017,15,14,1,2,3,1,0,0,0,0,0,0,206.52,0,1,3,4,1,1,0,51.63,0.0,City Hotel,April,Friday,BB,ITA,Online TA,TA/TO,G,No Deposit,Transient,7.0,,0
187,2016,28,7,0,2,0,2,0,0,0,0,0,0,86.5,0,0,2,2,1,1,0,43.25,0.0,City Hotel,July,Thursday,BB,GBR,Online TA,TA/TO,B,No Deposit,Transient-Party,9.0,,1
27,2017,11,16,1,3,2,0,0,0,0,0,0,0,132.18,0,1,4,2,0,1,0,66.09,0.0,City Hotel,March,Thursday,BB,DEU,Online TA,TA/TO,E,No Deposit,Transient,9.0,,0
174,2017,30,28,0,1,1,0,0,0,0,0,0,0,75.6,0,0,1,1,0,1,0,75.6,0.0,City Hotel,July,Friday,BB,PRT,Offline TA/TO,TA/TO,A,No Deposit,Transient,168.0,,1
9,2016,19,6,0,2,1,0,0,0,0,0,0,0,90.0,0,0,2,1,0,0,0,90.0,0.0,City Hotel,May,Friday,BB,PRT,Direct,Direct,A,No Deposit,Transient,,,0
30,2017,7,17,0,2,2,0,0,0,0,0,0,0,48.0,0,0,2,2,0,1,0,24.0,0.0,Resort Hotel,February,Friday,BB,PRT,Online TA,TA/TO,A,No Deposit,Transient,240.0,,1
147,2017,21,23,0,4,2,2,0,0,0,0,0,0,168.0,0,2,4,4,1,1,0,42.0,0.0,City Hotel,May,Tuesday,BB,BEL,Direct,Direct,E,No Deposit,Transient,14.0,,1
195,2017,16,20,4,10,2,0,0,0,0,0,0,0,52.85,0,0,14,2,0,1,0,26.425,0.0,Resort Hotel,April,Thursday,BB,GBR,Offline TA/TO,TA/TO,D,No Deposit,Contract,40.0,,0
7,2016,33,8,1,0,1,0,0,0,0,0,0,0,94.0,0,0,1,1,0,0,1,94.0,0.0,City Hotel,August,Monday,BB,FRA,Corporate,Corporate,D,No Deposit,Transient,,227.0,0
9,2016,7,10,0,1,1,0,0,0,0,0,0,0,86.0,0,1,1,1,0,1,0,86.0,0.0,City Hotel,February,Wednesday,BB,PRT,Online TA,TA/TO,A,No Deposit,Transient,9.0,,0
79,2016,34,17,1,4,2,0,0,0,0,0,0,0,235.6,1,0,5,2,0,1,0,117.8,0.0,Resort Hotel,August,Wednesday,BB,ESP,Direct,Direct,F,No Deposit,Transient-Party,250.0,,0
5,2016,2,4,1,3,2,0,0,0,0,0,2,0,68.0,0,0,4,2,0,0,1,34.0,0.0,Resort Hotel,January,Monday,HB,PRT,Groups,Corporate,A,No Deposit,Transient-Party,,174.0,0
1,2016,53,27,0,2,2,0,0,0,0,0,0,0,0.0,0,0,2,2,0,0,0,0.0,0.0,City Hotel,December,Tuesday,BB,PRT,Direct,Direct,A,No Deposit,Transient,,,0
185,2015,35,29,1,1,2,1,0,0,1,0,0,0,93.09,0,0,2,3,1,1,0,31.03,1.0,City Hotel,August,Saturday,HB,PRT,Offline TA/TO,TA/TO,A,No Deposit,Transient,6.0,,1
385,2016,39,21,0,4,2,0,0,0,0,0,0,0,66.0,0,0,4,2,0,0,0,33.0,0.0,Resort Hotel,September,Wednesday,BB,PRT,Groups,Direct,A,Non Refund,Transient,,,1
41,2016,24,5,2,2,2,1,0,0,0,0,1,0,200.0,1,0,4,3,1,1,0,66.66666666666667,0.0,Resort Hotel,June,Sunday,BB,AUS,Online TA,TA/TO,H,No Deposit,Transient,240.0,,0
4,2016,21,20,0,1,1,0,0,0,0,0,0,0,90.0,0,0,1,1,0,0,1,90.0,0.0,City Hotel,May,Friday,BB,PRT,Corporate,Corporate,D,No Deposit,Transient,,51.0,1
140,2015,32,4,2,5,2,0,0,0,0,0,0,0,90.95,1,0,7,2,0,1,0,45.475,0.0,Resort Hotel,August,Tuesday,BB,ESP,Offline TA/TO,TA/TO,A,No Deposit,Transient-Party,6.0,,0
0,2015,46,9,1,0,1,0,0,0,0,0,0,0,91.0,0,1,1,1,0,1,0,91.0,0.0,City Hotel,November,Monday,BB,ESP,Online TA,TA/TO,A,No Deposit,Contract,9.0,,0
165,2017,20,19,2,2,2,0,0,0,0,0,0,0,225.0,0,0,4,2,0,0,0,112.5,0.0,City Hotel,May,Friday,BB,PRT,Groups,TA/TO,A,Non Refund,Transient,,,1
80,2017,20,17,0,1,2,0,0,0,0,0,0,0,85.0,0,2,1,2,0,1,0,42.5,0.0,Resort Hotel,May,Wednesday,BB,FRA,Online TA,TA/TO,A,No Deposit,Transient,240.0,,0
139,2017,27,3,1,1,2,0,0,0,0,0,0,0,116.1,0,0,2,2,0,1,0,58.05,0.0,City Hotel,July,Monday,BB,DEU,Online TA,TA/TO,D,No Deposit,Transient,9.0,,0
5,2016,25,14,0,3,2,0,0,0,0,0,0,0,100.0,0,0,3,2,0,0,1,50.0,0.0,City Hotel,June,Tuesday,BB,PRT,Corporate,Corporate,A,No Deposit,Transient,,221.0,1
125,2017,28,10,1,0,3,0,0,0,0,0,0,0,170.5,0,1,1,3,0,1,0,56.833333333333336,0.0,City Hotel,July,Monday,BB,PRT,Direct,Direct,D,No Deposit,Transient,14.0,,1
162,2017,12,20,1,4,2,0,0,0,0,0,0,0,68.07,0,1,5,2,0,1,0,34.035,0.0,City Hotel,March,Monday,BB,PRT,Online TA,TA/TO,A,No Deposit,Transient,7.0,,1
342,2017,29,16,2,5,2,1,0,0,0,0,0,0,158.85,0,3,7,3,1,1,0,52.95,0.0,City Hotel,July,Sunday,HB,FRA,Online TA,TA/TO,A,No Deposit,Transient,9.0,,0
295,2017,29,20,0,2,0,2,0,0,0,0,0,0,91.4,0,1,2,2,1,0,0,45.7,0.0,City Hotel,July,Thursday,BB,ZAF,Direct,Direct,B,No Deposit,Transient-Party,,,0
0,2015,49,1,0,1,1,0,0,0,0,0,0,0,38.0,0,0,1,1,0,0,0,38.0,0.0,Resort Hotel,December,Tuesday,BB,PRT,Direct,Direct,A,No Deposit,Transient,,,0
62,2017,35,27,1,0,1,0,0,0,0,0,0,0,95.0,0,0,1,1,0,0,0,95.0,0.0,City Hotel,August,Sunday,BB,USA,Direct,Direct,A,No Deposit,Transient,,,0
180,2015,34,16,2,5,1,0,0,0,0,0,0,0,49.74,0,0,7,1,0,1,0,49.74,0.0,City Hotel,August,Sunday,BB,FRA,Online TA,TA/TO,A,No Deposit,Transient,7.0,,0
162,2017,26,1,1,1,2,2,0,0,0,0,0,0,209.0,0,1,2,4,1,1,0,52.25,0.0,City Hotel,July,Saturday,BB,CHE,Online TA,TA/TO,F,No Deposit,Transient,9.0,,0
189,2016,13,25,1,2,2,0,0,0,0,0,0,0,60.0,0,1,3,2,0,1,0,30.0,0.0,City Hotel,March,Friday,BB,PRT,Offline TA/TO,TA/TO,D,No Deposit,Transient,28.0,,0
33,2017,24,16,1,2,2,0,0,0,0,0,2,0,154.0,1,1,3,2,0,1,0,77.0,0.0,Resort Hotel,June,Friday,BB,IRN,Online TA,TA/TO,A,No Deposit,Transient,240.0,,0
19,2016,2,8,1,2,2,0,0,0,0,0,0,0,52.8,0,0,3,2,0,1,0,26.4,0.0,Resort Hotel,January,Friday,BB,PRT,Online TA,TA/TO,A,No Deposit,Transient,240.0,,1
120,2017,9,28,0,5,2,0,0,0,0,0,0,0,62.8,0,1,5,2,0,1,0,31.4,0.0,Resort Hotel,February,Tuesday,BB,IRL,Online TA,TA/TO,D,No Deposit,Transient,240.0,,0
49,2016,13,21,1,3,2,1,0,0,0,0,0,0,108.8,0,1,4,3,1,1,0,36.266666666666666,0.0,City Hotel,March,Monday,BB,GBR,Online TA,TA/TO,A,No Deposit,Transient,9.0,,1
242,2016,41,7,2,3,3,0,0,0,0,0,0,0,150.45,0,0,5,3,0,1,0,50.15,0.0,City Hotel,October,Friday,BB,BRA,Online TA,TA/TO,D,No Deposit,Transient,9.0,,1
28,2016,40,30,0,2,2,2,0,0,0,0,0,0,224.1,0,2,2,4,1,1,0,56.025,0.0,City Hotel,September,Friday,BB,CHN,Online TA,TA/TO,F,No Deposit,Transient,9.0,,1
1,2017,22,31,0,1,1,0,0,0,0,0,0,0,75.0,0,0,1,1,0,0,1,75.0,0.0,Resort Hotel,May,Wednesday,BB,PRT,Corporate,Corporate,A,No Deposit,Transient,,195.0,0
46,2016,11,11,0,1,1,0,0,0,0,0,1,0,25.0,0,0,1,1,0,1,0,25.0,0.0,Resort Hotel,March,Friday,BB,PRT,Offline TA/TO,TA/TO,A,No Deposit,Transient-Party,375.0,,0
102,2017,15,15,1,1,1,1,0,0,0,0,0,0,79.5,0,0,2,2,1,1,0,39.75,0.0,Resort Hotel,April,Saturday,HB,PRT,Online TA,TA/TO,A,No Deposit,Transient,196.0,,1
45,2016,33,9,0,3,2,0,0,0,0,0,0,0,0.0,0,0,3,2,0,0,0,0.0,0.0,City Hotel,August,Tuesday,SC,BEL,Direct,Direct,A,No Deposit,Transient,,,1
30,2017,13,1,2,1,2,0,0,0,0,0,0,0,120.0,0,0,3,2,0,1,0,60.0,0.0,City Hotel,April,Saturday,SC,ITA,Online TA,TA/TO,A,No Deposit,Transient,9.0,,1
52,2017,18,6,2,3,2,0,0,0,0,0,0,0,121.68,0,0,5,2,0,1,0,60.84,0.0,City Hotel,May,Saturday,BB,GBR,Online TA,TA/TO,A,No Deposit,Transient,7.0,,0
263,2016,46,7,1,4,1,0,0,0,0,0,1,0,30.03,0,1,5,1,0,1,0,30.03,0.0,Resort Hotel,November,Monday,BB,SWE,Online TA,TA/TO,A,No Deposit,Transient,241.0,,0
9,2017,28,12,0,1,2,0,0,0,0,0,0,0,120.0,0,1,1,2,0,1,0,60.0,0.0,City Hotel,July,Wednesday,SC,DEU,Online TA,TA/TO,A,No Deposit,Transient,9.0,,0
89,2017,20,17,0,3,2,0,0,0,0,0,0,0,135.0,0,0,3,2,0,1,0,67.5,0.0,City Hotel,May,Wednesday,BB,ITA,Online TA,TA/TO,A,No Deposit,Transient,9.0,,0
3,2016,6,6,2,6,2,0,0,0,0,0,0,0,79.0,0,0,8,2,0,1,0,39.5,0.0,City Hotel,February,Saturday,SC,BRA,Online TA,TA/TO,A,No Deposit,Transient,9.0,,1
108,2017,18,4,2,3,2,0,0,0,0,0,0,0,126.0,0,0,5,2,0,1,0,63.0,0.0,City Hotel,May,Thursday,BB,FRA,Online TA,TA/TO,A,No Deposit,Transient,9.0,,0
73,2016,50,5,1,4,2,0,0,0,0,0,0,0,75.0,0,1,5,2,0,1,0,37.5,0.0,City Hotel,December,Monday,BB,FRA,Offline TA/TO,TA/TO,A,No Deposit,Transient,28.0,,0
17,2016,24,11,2,3,3,1,0,0,0,0,0,0,194.0,0,0,5,4,1,1,0,48.5,0.0,Resort Hotel,June,Saturday,BB,PRT,Online TA,TA/TO,H,No Deposit,Transient,240.0,,1
59,2016,40,26,1,1,2,0,0,0,0,0,1,0,135.9,0,0,2,2,0,1,0,67.95,0.0,City Hotel,September,Monday,BB,AUT,Online TA,TA/TO,A,No Deposit,Transient,9.0,,0
120,2017,35,28,1,5,3,0,0,0,0,0,2,0,265.0,0,0,6,3,0,1,0,88.33333333333333,0.0,Resort Hotel,August,Monday,BB,PRT,Online TA,TA/TO,D,No Deposit,Transient,241.0,,1
3,2017,13,31,0,1,2,0,0,0,0,0,0,0,107.0,0,0,1,2,0,1,0,53.5,0.0,City Hotel,March,Friday,SC,PRT,Online TA,TA/TO,A,No Deposit,Transient,9.0,,0
6,2016,33,13,2,1,2,0,0,0,0,0,0,0,163.33,0,2,3,2,0,1,0,81.665,0.0,City Hotel,August,Saturday,BB,FRA,Online TA,TA/TO,A,No Deposit,Transient,9.0,,0
0,2017,18,2,0,2,2,0,0,1,0,1,0,0,85.0,0,1,2,2,0,0,0,42.5,0.0,Resort Hotel,May,Tuesday,BB,ITA,Direct,Direct,A,No Deposit,Transient,,,0
0,2017,2,11,0,1,2,0,0,0,0,0,0,0,90.0,0,0,1,2,0,0,0,45.0,0.0,City Hotel,January,Wednesday,BB,GBR,Direct,Direct,A,No Deposit,Transient,,,0
126,2016,45,4,0,1,2,0,0,0,0,0,0,0,79.2,0,1,1,2,0,1,0,39.6,0.0,City Hotel,November,Friday,SC,NLD,Online TA,TA/TO,A,No Deposit,Transient,9.0,,1
76,2017,15,10,1,3,3,0,0,0,0,0,0,0,164.25,0,0,4,3,0,1,0,54.75,0.0,City Hotel,April,Monday,BB,ESP,Online TA,TA/TO,D,No Deposit,Transient,9.0,,0
4,2016,52,20,0,1,1,0,0,1,1,6,2,0,39.0,0,0,1,1,0,0,1,39.0,0.1428571428571428,Resort Hotel,December,Tuesday,BB,PRT,Corporate,Corporate,A,No Deposit,Transient,,86.0,0
44,2015,46,13,0,2,2,1,0,0,0,0,0,0,65.25,0,1,2,3,1,1,0,21.75,0.0,Resort Hotel,November,Friday,BB,PRT,Offline TA/TO,TA/TO,A,No Deposit,Transient,6.0,,1
103,2015,29,18,2,1,1,0,0,0,0,0,1,0,72.5,0,0,3,1,0,1,0,72.5,0.0,City Hotel,July,Saturday,HB,PRT,Offline TA/TO,TA/TO,A,No Deposit,Transient-Party,17.0,,0
0,2016,49,30,0,1,2,0,0,0,0,0,0,0,48.0,1,3,1,2,0,1,0,24.0,0.0,Resort Hotel,November,Wednesday,BB,PRT,Online TA,TA/TO,A,No Deposit,Transient,240.0,,0
247,2016,44,28,2,2,2,0,0,0,0,0,0,0,70.03,0,1,4,2,0,1,0,35.015,0.0,City Hotel,October,Friday,BB,PRT,Online TA,TA/TO,A,No Deposit,Transient,7.0,,1
47,2016,36,28,2,3,2,0,0,0,0,0,0,0,116.5,0,2,5,2,0,1,0,58.25,0.0,City Hotel,August,Sunday,HB,ESP,Online TA,TA/TO,A,No Deposit,Transient,15.0,,0
25,2016,50,7,1,4,2,0,0,0,0,0,0,0,96.9,0,2,5,2,0,1,0,48.45,0.0,City Hotel,December,Wednesday,BB,JPN,Online TA,TA/TO,D,No Deposit,Transient,9.0,,0
8,2016,49,3,1,1,2,0,0,0,0,0,1,0,111.5,0,0,2,2,0,1,0,55.75,0.0,City Hotel,December,Saturday,BB,BEL,Online TA,TA/TO,A,No Deposit,Transient,9.0,,0
85,2016,52,21,2,8,2,2,0,0,0,0,0,0,89.4,0,1,10,4,1,1,0,22.35,0.0,Resort Hotel,December,Wednesday,BB,GBR,Online TA,TA/TO,G,No Deposit,Transient,240.0,,0
7,2017,23,7,0,2,1,0,0,1,0,3,0,0,75.0,0,0,2,1,0,0,1,75.0,0.0,Resort Hotel,June,Wednesday,BB,PRT,Corporate,Corporate,A,No Deposit,Transient,,270.0,0
64,2016,51,17,1,1,1,0,0,1,0,5,1,0,67.0,1,0,2,1,0,0,1,67.0,0.0,City Hotel,December,Saturday,BB,PRT,Corporate,Corporate,A,No Deposit,Transient,,40.0,0
11,2016,5,25,1,2,1,0,0,0,0,0,0,0,80.0,0,0,3,1,0,0,0,80.0,0.0,City Hotel,January,Monday,BB,PRT,Direct,Direct,A,No Deposit,Transient,,,0
5,2016,48,20,2,4,2,0,0,0,0,0,0,0,65.83,0,3,6,2,0,1,0,32.915,0.0,Resort Hotel,November,Sunday,BB,GBR,Online TA,TA/TO,E,No Deposit,Transient,240.0,,1
100,2016,20,14,1,1,3,0,0,0,0,0,1,0,219.6,1,2,2,3,0,1,0,73.2,0.0,City Hotel,May,Saturday,HB,ESP,Online TA,TA/TO,D,No Deposit,Transient,9.0,,0
35,2015,41,7,0,2,2,0,0,0,0,0,0,0,66.53,0,1,2,2,0,1,0,33.265,0.0,City Hotel,October,Wednesday,SC,PRT,Online TA,TA/TO,A,No Deposit,Transient,7.0,,0
95,2016,29,13,0,3,2,1,0,0,0,0,0,0,121.5,0,2,3,3,1,1,0,40.5,0.0,City Hotel,July,Wednesday,BB,FRA,Online TA,TA/TO,A,No Deposit,Transient,9.0,,0
0,2017,16,17,1,1,1,0,0,0,0,0,2,0,91.0,0,0,2,1,0,0,0,91.0,0.0,Resort Hotel,April,Monday,BB,GBR,Direct,Direct,A,No Deposit,Transient,,,0
71,2016,11,12,2,3,2,0,0,0,0,0,0,0,45.9,0,0,5,2,0,1,0,22.95,0.0,City Hotel,March,Saturday,SC,SWE,Online TA,TA/TO,A,No Deposit,Transient,11.0,,0
195,2017,15,12,0,4,2,0,0,0,0,0,0,0,130.5,0,1,4,2,0,1,0,65.25,0.0,City Hotel,April,Wednesday,BB,DEU,Online TA,TA/TO,D,No Deposit,Transient,9.0,,0
11,2016,28,4,1,0,2,3,0,0,0,0,0,0,267.0,0,3,1,5,1,0,0,53.4,0.0,City Hotel,July,Monday,BB,USA,Direct,Direct,G,No Deposit,Transient,,,0
0,2016,52,22,0,1,2,0,0,0,0,0,0,0,65.0,1,0,1,2,0,0,0,32.5,0.0,Resort Hotel,December,Thursday,BB,PRT,Direct,Direct,E,No Deposit,Transient,,,0
263,2016,43,21,0,2,2,0,0,0,0,0,0,0,110.0,0,0,2,2,0,1,0,55.0,0.0,City Hotel,October,Friday,BB,PRT,Offline TA/TO,TA/TO,A,Non Refund,Transient,31.0,,1
46,2016,34,14,2,1,2,0,0,0,0,0,0,0,135.9,0,2,3,2,0,1,0,67.95,0.0,City Hotel,August,Sunday,BB,FRA,Online TA,TA/TO,A,No Deposit,Transient,9.0,,0
181,2016,31,25,1,2,2,0,0,0,0,0,0,0,85.5,0,0,3,2,0,0,0,42.75,0.0,City Hotel,July,Monday,BB,GBR,Direct,Direct,B,No Deposit,Transient-Party,,,0
142,2016,35,21,2,3,2,0,0,0,0,0,1,0,95.79,0,1,5,2,0,1,0,47.895,0.0,City Hotel,August,Sunday,BB,IRL,Online TA,TA/TO,B,No Deposit,Transient,9.0,,0
112,2017,21,21,2,2,2,0,0,0,0,0,0,0,137.25,0,1,4,2,0,1,0,68.625,0.0,City Hotel,May,Sunday,BB,BEL,Online TA,TA/TO,A,No Deposit,Transient,9.0,,0
148,2017,23,8,0,3,2,0,0,0,0,0,0,0,180.0,0,0,3,2,0,1,0,90.0,0.0,City Hotel,June,Thursday,BB,IRL,Online TA,TA/TO,E,No Deposit,Transient,9.0,,1
128,2017,21,26,2,2,2,0,0,0,0,0,0,0,52.85,0,1,4,2,0,1,0,26.425,0.0,Resort Hotel,May,Friday,BB,IRL,Offline TA/TO,TA/TO,D,No Deposit,Contract,40.0,,0
1,2016,13,23,0,1,1,0,0,1,0,2,0,0,59.0,1,0,1,1,0,1,0,59.0,0.0,Resort Hotel,March,Wednesday,BB,PRT,Online TA,TA/TO,A,No Deposit,Transient,240.0,,0
6,2017,18,4,0,1,1,0,0,0,0,0,0,0,120.0,0,0,1,1,0,1,0,120.0,0.0,City Hotel,May,Thursday,BB,PRT,Offline TA/TO,TA/TO,A,No Deposit,Transient-Party,77.0,,0
14,2016,50,9,0,1,2,0,0,0,0,0,0,0,65.0,1,1,1,2,0,1,0,32.5,0.0,Resort Hotel,December,Friday,BB,PRT,Online TA,TA/TO,A,No Deposit,Transient,240.0,,0
0,2016,25,12,1,0,2,0,0,0,0,0,0,0,131.0,1,0,1,2,0,0,0,65.5,0.0,Resort Hotel,June,Sunday,BB,DEU,Direct,Direct,A,No Deposit,Transient,,,0
194,2016,44,29,2,1,2,0,0,0,0,0,0,0,96.3,0,2,3,2,0,1,0,48.15,0.0,City Hotel,October,Saturday,BB,FRA,Online TA,TA/TO,A,No Deposit,Transient,9.0,,1
251,2017,19,8,4,10,2,0,0,1,0,2,0,0,52.85,0,2,14,2,0,1,0,26.425,0.0,Resort Hotel,May,Monday,BB,GBR,Offline TA/TO,TA/TO,D,No Deposit,Contract,243.0,,0
8,2016,13,25,1,2,2,0,0,0,0,0,0,0,82.67,0,1,3,2,0,1,0,41.335,0.0,Resort Hotel,March,Friday,BB,PRT,Online TA,TA/TO,D,No Deposit,Transient,240.0,,0
63,2017,13,29,0,2,2,0,0,0,0,0,0,0,75.0,0,0,2,2,0,1,0,37.5,0.0,City Hotel,March,Wednesday,BB,FRA,Offline TA/TO,TA/TO,A,No Deposit,Transient,28.0,,0
17,2017,5,3,1,2,2,0,0,0,0,0,0,0,94.4,0,1,3,2,0,1,0,47.2,0.0,City Hotel,February,Friday,BB,FRA,Online TA,TA/TO,D,No Deposit,Transient,8.0,,0
69,2017,30,26,2,4,2,0,0,0,0,0,0,0,95.37,0,1,6,2,0,1,0,47.685,0.0,City Hotel,July,Wednesday,BB,ITA,Offline TA/TO,TA/TO,A,No Deposit,Transient,476.0,,0
0,2016,13,21,1,0,2,1,0,0,0,0,0,0,125.0,0,0,1,3,1,0,0,41.666666666666664,0.0,City Hotel,March,Monday,BB,PRT,Direct,Direct,D,No Deposit,Transient,,,0
141,2017,15,13,0,3,2,0,0,0,0,0,0,0,80.1,0,0,3,2,0,1,0,40.05,0.0,City Hotel,April,Thursday,SC,PRT,Offline TA/TO,TA/TO,A,No Deposit,Transient,28.0,,1
56,2017,11,16,1,3,1,0,0,0,0,0,1,0,74.8,0,3,4,1,0,1,0,74.8,0.0,City Hotel,March,Thursday,SC,GBR,Online TA,TA/TO,A,No Deposit,Transient,9.0,,0
20,2016,11,11,1,2,2,0,0,0,0,0,0,0,97.0,0,1,3,2,0,1,0,48.5,0.0,City Hotel,March,Friday,SC,ESP,Online TA,TA/TO,A,No Deposit,Transient,9.0,,0
43,2017,28,12,1,4,3,0,0,0,0,0,3,0,224.0,0,1,5,3,0,1,0,74.66666666666667,0.0,Resort Hotel,July,Wednesday,BB,IRL,Online TA,TA/TO,A,No Deposit,Transient,240.0,,0
195,2017,29,20,2,6,2,0,0,0,0,0,2,0,126.14,0,0,8,2,0,1,0,63.07,0.0,City Hotel,July,Thursday,BB,AUT,Online TA,TA/TO,A,No Deposit,Transient,9.0,,1
33,2017,9,26,2,1,2,0,0,0,0,0,0,0,48.0,0,0,3,2,0,1,0,24.0,0.0,Resort Hotel,February,Sunday,BB,PRT,Online TA,TA/TO,A,No Deposit,Transient,240.0,,1
4,2016,1,2,2,1,1,0,0,0,0,0,1,0,87.0,0,0,3,1,0,1,0,87.0,0.0,City Hotel,January,Saturday,HB,ITA,Offline TA/TO,TA/TO,A,No Deposit,Transient-Party,26.0,,0
0,2015,37,7,1,0,2,0,0,0,0,0,0,0,133.0,0,0,1,2,0,1,0,66.5,0.0,City Hotel,September,Monday,BB,PRT,Online TA,TA/TO,A,No Deposit,Transient,9.0,,0
5,2016,28,8,1,2,2,0,0,0,0,0,0,0,160.0,1,0,3,2,0,1,0,80.0,0.0,City Hotel,July,Friday,BB,CN,Online TA,TA/TO,A,No Deposit,Transient,9.0,,0
29,2017,14,3,1,1,2,0,0,0,0,0,0,0,114.0,1,1,2,2,0,1,0,57.0,0.0,Resort Hotel,April,Monday,HB,BRA,Online TA,TA/TO,A,No Deposit,Transient,240.0,,0
150,2016,12,19,2,5,2,0,0,0,0,0,0,0,41.43,0,2,7,2,0,1,0,20.715,0.0,City Hotel,March,Saturday,BB,AUT,Offline TA/TO,TA/TO,A,No Deposit,Transient,27.0,,0
337,2016,24,9,0,1,1,0,0,0,0,0,0,0,59.0,0,0,1,1,0,1,0,59.0,0.0,City Hotel,June,Thursday,BB,PRT,Groups,TA/TO,A,Non Refund,Transient,1.0,,1
77,2016,39,18,2,1,2,0,0,0,0,0,0,0,86.0,1,2,3,2,0,1,0,43.0,0.0,Resort Hotel,September,Sunday,BB,NLD,Online TA,TA/TO,A,No Deposit,Transient,240.0,,0
54,2015,28,7,2,8,2,0,0,0,0,0,0,0,62.37,0,0,10,2,0,1,0,31.185,0.0,City Hotel,July,Tuesday,BB,PRT,Online TA,TA/TO,A,No Deposit,Transient,7.0,,0
1,2016,5,29,0,1,1,0,0,0,0,0,1,0,90.0,0,0,1,1,0,0,0,90.0,0.0,City Hotel,January,Friday,BB,DEU,Online TA,Direct,A,No Deposit,Transient,,,1
56,2017,19,11,0,1,2,0,0,0,0,0,0,0,89.1,0,0,1,2,0,1,0,44.55,0.0,City Hotel,May,Thursday,BB,GBR,Offline TA/TO,TA/TO,A,No Deposit,Transient,85.0,,0
98,2016,44,24,1,5,2,0,0,0,0,0,2,0,89.5,0,2,6,2,0,1,0,44.75,0.0,City Hotel,October,Monday,HB,FRA,Online TA,TA/TO,F,No Deposit,Transient,9.0,,0
24,2015,30,23,2,5,2,0,0,0,0,0,0,0,179.0,0,1,7,2,0,1,0,89.5,0.0,Resort Hotel,July,Thursday,BB,SWE,Online TA,TA/TO,F,No Deposit,Transient,242.0,,0
233,2016,36,3,1,1,2,0,0,0,0,0,0,0,96.0,0,1,2,2,0,1,0,48.0,0.0,City Hotel,September,Saturday,HB,ITA,Groups,TA/TO,A,No Deposit,Transient-Party,1.0,,0
170,2017,28,9,2,2,3,0,0,0,0,0,0,0,152.1,0,0,4,3,0,1,0,50.7,0.0,City Hotel,July,Sunday,BB,AUT,Online TA,TA/TO,D,No Deposit,Transient,9.0,,0
0,2017,16,18,0,1,2,0,0,1,0,0,0,0,91.0,1,1,1,2,0,0,0,45.5,0.0,Resort Hotel,April,Tuesday,BB,BRA,Direct,TA/TO,A,No Deposit,Transient,,,0
2,2016,39,23,0,2,2,0,0,0,0,0,0,0,65.0,0,0,2,2,0,1,0,32.5,0.0,City Hotel,September,Friday,BB,PRT,Groups,TA/TO,A,No Deposit,Transient-Party,1.0,,1
95,2016,17,23,4,10,2,0,0,0,0,0,0,0,47.0,0,0,14,2,0,1,0,23.5,0.0,Resort Hotel,April,Saturday,BB,PRT,Groups,TA/TO,A,No Deposit,Transient-Party,95.0,,1
94,2016,19,2,1,3,2,0,0,0,0,0,1,0,80.75,0,0,4,2,0,1,0,40.375,0.0,City Hotel,May,Monday,BB,BEL,Offline TA/TO,TA/TO,A,No Deposit,Transient,138.0,,0
112,2015,32,3,1,4,2,0,0,0,0,0,0,0,196.0,0,0,5,2,0,1,0,98.0,0.0,Resort Hotel,August,Monday,HB,PRT,Online TA,TA/TO,E,No Deposit,Transient,240.0,,0
203,2017,21,25,0,3,2,0,0,0,0,0,2,0,48.0,0,0,3,2,0,0,1,24.0,0.0,Resort Hotel,May,Thursday,BB,GBR,Groups,TA/TO,A,No Deposit,Transient-Party,,223.0,0
66,2016,31,27,1,4,3,0,0,0,0,0,0,0,141.3,0,0,5,3,0,1,0,47.1,0.0,City Hotel,July,Wednesday,BB,FRA,Online TA,TA/TO,D,No Deposit,Transient,9.0,,0
96,2017,6,11,2,2,2,0,0,0,0,0,0,0,102.6,0,3,4,2,0,1,0,51.3,0.0,City Hotel,February,Saturday,BB,GBR,Online TA,TA/TO,D,No Deposit,Transient,9.0,,0
129,2017,1,5,0,1,3,0,0,0,0,0,0,0,135.0,1,3,1,3,0,1,0,45.0,0.0,City Hotel,January,Thursday,BB,ARG,Online TA,TA/TO,D,No Deposit,Transient,9.0,,0
15,2016,28,8,1,2,1,0,0,0,0,0,0,0,145.0,0,1,3,1,0,1,0,145.0,0.0,City Hotel,July,Friday,BB,FRA,Online TA,TA/TO,A,No Deposit,Transient,9.0,,1
106,2016,30,18,1,4,3,0,0,0,0,0,0,0,141.3,0,1,5,3,0,1,0,47.1,0.0,City Hotel,July,Monday,BB,BEL,Online TA,TA/TO,D,No Deposit,Transient,9.0,,0
225,2017,18,5,2,5,1,0,0,0,0,0,0,0,81.0,0,1,7,1,0,1,0,81.0,0.0,Resort Hotel,May,Friday,BB,GBR,Online TA,TA/TO,E,No Deposit,Transient,240.0,,1
189,2017,28,15,2,5,2,0,0,0,0,0,0,0,107.1,0,0,7,2,0,1,0,53.55,0.0,City Hotel,July,Saturday,BB,BEL,Online TA,TA/TO,A,No Deposit,Transient,9.0,,0
192,2016,43,21,0,2,2,2,0,0,0,0,2,0,123.0,0,0,2,4,1,1,0,30.75,0.0,City Hotel,October,Friday,BB,SRB,Groups,TA/TO,F,No Deposit,Transient-Party,29.0,,0
39,2016,40,25,1,0,1,0,0,0,0,0,1,0,129.7,0,0,1,1,0,1,0,129.7,0.0,City Hotel,September,Sunday,BB,DEU,Online TA,TA/TO,A,No Deposit,Transient,10.0,,0
27,2017,12,19,2,3,2,0,0,0,0,0,0,0,76.23,0,0,5,2,0,1,0,38.115,0.0,City Hotel,March,Sunday,BB,PRT,Online TA,TA/TO,D,No Deposit,Transient,7.0,,0
26,2016,36,31,0,2,2,0,0,0,0,0,0,0,110.0,0,1,2,2,0,1,0,55.0,0.0,City Hotel,August,Wednesday,SC,CHE,Online TA,TA/TO,A,No Deposit,Transient,9.0,,0
36,2017,25,19,1,2,2,0,0,0,0,0,0,0,160.0,0,1,3,2,0,1,0,80.0,0.0,City Hotel,June,Monday,BB,GBR,Online TA,TA/TO,A,No Deposit,Transient,9.0,,0
330,2017,23,8,2,5,2,0,0,0,0,0,0,0,84.7,0,1,7,2,0,1,0,42.35,0.0,Resort Hotel,June,Thursday,HB,GBR,Offline TA/TO,TA/TO,A,No Deposit,Contract,243.0,,0
276,2017,7,17,0,1,2,2,0,0,0,0,0,0,153.9,0,0,1,4,1,1,0,38.475,0.0,City Hotel,February,Friday,BB,FRA,Online TA,TA/TO,F,No Deposit,Transient,9.0,,1
19,2015,52,22,2,5,2,0,0,0,0,0,0,0,64.14,0,0,7,2,0,1,0,32.07,0.0,Resort Hotel,December,Tuesday,HB,IRL,Offline TA/TO,TA/TO,A,No Deposit,Transient-Party,314.0,,0
234,2016,51,12,1,4,2,0,0,0,0,0,2,0,76.84,0,1,5,2,0,1,0,38.42,0.0,City Hotel,December,Monday,BB,DEU,Online TA,TA/TO,A,No Deposit,Transient,9.0,,0
18,2017,8,25,1,1,2,2,0,0,0,0,1,0,203.0,0,0,2,4,1,1,0,50.75,0.0,City Hotel,February,Saturday,BB,ESP,Online TA,TA/TO,F,No Deposit,Transient,9.0,,1
101,2016,16,14,1,3,2,0,0,0,0,0,0,0,77.78,0,1,4,2,0,1,0,38.89,0.0,City Hotel,April,Thursday,BB,CHE,Online TA,TA/TO,B,No Deposit,Transient-Party,9.0,,0
86,2016,49,2,1,2,2,0,0,0,0,0,0,0,79.2,0,1,3,2,0,1,0,39.6,0.0,City Hotel,December,Friday,SC,BEL,Online TA,TA/TO,A,No Deposit,Transient,9.0,,1
6,2017,4,23,1,3,2,0,0,0,0,0,0,0,91.8,0,1,4,2,0,1,0,45.9,0.0,City Hotel,January,Monday,BB,FRA,Online TA,TA/TO,A,No Deposit,Transient,9.0,,0
0,2017,10,5,2,1,2,0,0,0,0,0,0,0,70.0,0,0,3,2,0,0,0,35.0,0.0,Resort Hotel,March,Sunday,BB,PRT,Direct,Direct,D,No Deposit,Transient,,,0
33,2017,21,26,1,2,2,1,0,0,0,0,0,0,174.8,0,1,3,3,1,1,0,58.26666666666667,0.0,City Hotel,May,Friday,BB,DEU,Online TA,TA/TO,D,No Deposit,Transient,7.0,,0
107,2017,19,11,1,3,2,0,0,0,0,0,0,0,144.0,0,0,4,2,0,1,0,72.0,0.0,City Hotel,May,Thursday,BB,DEU,Online TA,TA/TO,D,No Deposit,Transient,9.0,,0
137,2016,52,24,2,3,2,0,0,0,0,0,0,0,117.3,0,2,5,2,0,1,0,58.65,0.0,City Hotel,December,Saturday,HB,FRA,Online TA,TA/TO,A,No Deposit,Transient,9.0,,0
305,2015,38,13,4,7,2,0,0,0,0,0,0,0,53.1,0,3,11,2,0,1,0,26.55,0.0,Resort Hotel,September,Sunday,BB,IRL,Offline TA/TO,TA/TO,A,No Deposit,Contract,142.0,,0
110,2017,26,26,2,5,2,0,0,0,0,0,0,0,128.57,0,1,7,2,0,1,0,64.285,0.0,Resort Hotel,June,Monday,BB,GBR,Online TA,TA/TO,A,No Deposit,Transient,240.0,,0
0,2015,29,16,2,3,2,0,0,0,0,0,0,0,126.28,0,0,5,2,0,1,0,63.14,0.0,Resort Hotel,July,Thursday,BB,ISR,Online TA,TA/TO,F,No Deposit,Transient,241.0,,0
106,2017,17,26,1,4,1,0,0,0,0,0,1,0,100.8,0,0,5,1,0,1,0,100.8,0.0,City Hotel,April,Wednesday,BB,NOR,Direct,Direct,A,No Deposit,Transient,14.0,,0
11,2015,35,28,0,1,2,0,0,0,0,0,0,0,90.0,0,2,1,2,0,1,0,45.0,0.0,City Hotel,August,Friday,BB,PRT,Online TA,TA/TO,A,No Deposit,Contract,9.0,,1
125,2016,43,17,1,0,1,0,0,0,0,0,0,0,132.3,0,2,1,1,0,1,0,132.3,0.0,City Hotel,October,Monday,BB,DEU,Online TA,TA/TO,D,No Deposit,Transient,9.0,,0
85,2017,32,10,2,5,2,0,0,0,0,0,1,0,218.6,0,0,7,2,0,1,0,109.3,0.0,Resort Hotel,August,Thursday,HB,ESP,Online TA,TA/TO,A,No Deposit,Transient,314.0,,0
29,2016,13,23,0,3,2,0,0,0,0,0,1,0,64.8,0,0,3,2,0,1,0,32.4,0.0,City Hotel,March,Wednesday,SC,IRL,Offline TA/TO,TA/TO,A,No Deposit,Transient,138.0,,0
198,2016,21,20,0,1,2,0,0,0,0,0,0,98,65.0,0,0,1,2,0,1,0,32.5,0.0,City Hotel,May,Friday,BB,PRT,Groups,TA/TO,A,No Deposit,Transient-Party,1.0,,0
65,2016,48,26,2,1,2,0,0,0,0,0,0,0,79.2,0,1,3,2,0,1,0,39.6,0.0,City Hotel,November,Saturday,SC,ITA,Online TA,TA/TO,A,No Deposit,Transient,9.0,,0
87,2015,37,11,0,1,2,0,0,0,0,0,0,0,100.0,0,0,1,2,0,0,1,50.0,0.0,City Hotel,September,Friday,BB,FRA,Corporate,Corporate,A,No Deposit,Transient-Party,,68.0,1
44,2017,25,22,2,8,2,0,0,0,0,0,0,0,108.97,0,0,10,2,0,1,0,54.485,0.0,Resort Hotel,June,Thursday,BB,GBR,Offline TA/TO,TA/TO,E,No Deposit,Transient,531.0,,0
20,2017,7,14,0,3,2,0,0,0,0,0,0,0,75.0,0,0,3,2,0,1,0,37.5,0.0,City Hotel,February,Tuesday,BB,FRA,Offline TA/TO,TA/TO,A,No Deposit,Transient,28.0,,0
20,2016,8,18,0,3,2,0,0,0,0,0,0,0,54.0,1,1,3,2,0,1,0,27.0,0.0,Resort Hotel,February,Thursday,BB,ESP,Online TA,TA/TO,A,No Deposit,Transient,240.0,,0
38,2017,7,18,0,1,2,2,0,0,0,0,0,0,88.0,0,0,1,4,1,1,0,22.0,0.0,Resort Hotel,February,Saturday,BB,PRT,Online TA,TA/TO,G,No Deposit,Transient,240.0,,1
6,2015,44,30,1,2,2,0,0,0,0,0,0,0,87.27,0,1,3,2,0,1,0,43.635,0.0,City Hotel,October,Friday,BB,PRT,Online TA,TA/TO,A,No Deposit,Transient,7.0,,0
11,2016,28,5,2,6,1,0,0,0,0,0,0,0,145.0,0,0,8,1,0,1,0,145.0,0.0,City Hotel,July,Tuesday,BB,USA,Online TA,TA/TO,A,No Deposit,Transient,9.0,,1
14,2016,3,15,0,1,2,0,0,0,0,0,0,0,71.6,0,1,1,2,0,1,0,35.8,0.0,City Hotel,January,Friday,BB,PRT,Online TA,TA/TO,A,No Deposit,Transient,9.0,,0
7,2017,9,2,1,3,2,0,0,1,0,0,2,0,44.0,1,0,4,2,0,0,1,22.0,0.0,Resort Hotel,March,Thursday,BB,BEL,Groups,Corporate,A,No Deposit,Transient-Party,,223.0,0
4,2015,48,23,1,1,1,0,0,0,0,0,0,0,35.0,0,0,2,1,0,0,1,35.0,0.0,Resort Hotel,November,Monday,BB,PRT,Corporate,Corporate,A,No Deposit,Transient,,118.0,0
170,2015,37,10,1,3,2,0,0,0,0,0,0,0,70.98,0,0,4,2,0,1,0,35.49,0.0,Resort Hotel,September,Thursday,BB,GBR,Offline TA/TO,TA/TO,D,No Deposit,Contract,26.0,,0
189,2016,34,20,2,5,2,0,0,0,0,0,2,0,109.77,0,2,7,2,0,1,0,54.885,0.0,City Hotel,August,Saturday,BB,ITA,Online TA,TA/TO,D,No Deposit,Transient,9.0,,0
125,2016,22,22,2,4,2,0,0,0,0,0,0,0,43.66,0,1,6,2,0,1,0,21.83,0.0,Resort Hotel,May,Sunday,BB,NLD,Online TA,TA/TO,A,No Deposit,Transient,241.0,,0
5,2016,15,5,0,2,1,0,0,0,1,4,0,0,39.0,0,0,2,1,0,0,1,39.0,0.2,Resort Hotel,April,Tuesday,BB,PRT,Corporate,Corporate,A,No Deposit,Transient,,94.0,0
199,2016,40,1,1,1,2,0,0,0,0,0,0,0,98.1,0,1,2,2,0,1,0,49.05,0.0,City Hotel,October,Saturday,SC,DEU,Online TA,TA/TO,A,No Deposit,Transient,9.0,,0
66,2016,50,5,1,4,2,0,0,0,0,0,0,0,68.07,0,1,5,2,0,1,0,34.035,0.0,City Hotel,December,Monday,BB,BRA,Online TA,TA/TO,A,No Deposit,Transient,7.0,,0
192,2015,40,3,2,2,1,0,0,0,0,0,0,0,38.07,0,0,4,1,0,1,0,38.07,0.0,Resort Hotel,October,Saturday,BB,GBR,Online TA,TA/TO,A,No Deposit,Transient-Party,240.0,,0
8,2016,30,19,0,2,1,0,0,0,0,0,0,0,126.0,0,1,2,1,0,1,0,126.0,0.0,City Hotel,July,Tuesday,BB,SWE,Online TA,TA/TO,A,No Deposit,Transient,8.0,,0
85,2015,38,15,2,5,2,0,0,0,0,0,0,0,78.87,0,1,7,2,0,1,0,39.435,0.0,Resort Hotel,September,Tuesday,BB,GBR,Online TA,TA/TO,E,No Deposit,Transient,241.0,,0
148,2016,14,27,2,1,2,0,0,0,0,0,0,0,90.0,0,1,3,2,0,1,0,45.0,0.0,Resort Hotel,March,Sunday,HB,PRT,Online TA,TA/TO,E,No Deposit,Transient,242.0,,1
0,2016,17,18,1,0,1,0,0,1,0,2,0,0,42.0,0,0,1,1,0,0,1,42.0,0.0,Resort Hotel,April,Monday,BB,PRT,Corporate,Direct,A,No Deposit,Transient,,195.0,0
209,2016,26,22,4,10,2,0,0,0,0,0,0,0,72.97,0,0,14,2,0,1,0,36.485,0.0,Resort Hotel,June,Wednesday,BB,IRL,Offline TA/TO,TA/TO,D,No Deposit,Transient,171.0,,0
215,2016,48,21,1,1,1,0,0,0,0,0,1,0,75.0,0,0,2,1,0,0,1,75.0,0.0,City Hotel,November,Monday,BB,FRA,Groups,Corporate,A,No Deposit,Transient,,233.0,0
128,2016,20,14,2,5,2,0,0,0,0,0,0,0,46.18,0,1,7,2,0,1,0,23.09,0.0,Resort Hotel,May,Saturday,BB,PRT,Offline TA/TO,TA/TO,D,No Deposit,Transient-Party,147.0,,1
95,2017,31,4,2,5,2,0,0,0,0,0,0,0,230.0,0,1,7,2,0,1,0,115.0,0.0,Resort Hotel,August,Friday,BB,ITA,Online TA,TA/TO,A,No Deposit,Transient,240.0,,1
132,2016,24,7,0,4,2,0,0,0,0,0,0,0,86.5,0,1,4,2,0,1,0,43.25,0.0,Resort Hotel,June,Tuesday,BB,SWE,Online TA,TA/TO,A,No Deposit,Transient,240.0,,0
119,2016,33,13,2,2,2,0,0,0,0,0,1,0,88.73,0,1,4,2,0,1,0,44.365,0.0,City Hotel,August,Saturday,BB,GBR,Online TA,TA/TO,A,No Deposit,Transient,9.0,,0
83,2015,32,7,2,2,2,0,0,0,0,0,0,0,119.2,1,2,4,2,0,1,0,59.6,0.0,Resort Hotel,August,Friday,BB,ESP,Offline TA/TO,TA/TO,A,No Deposit,Transient-Party,175.0,,0
40,2016,13,23,0,4,2,0,0,0,0,0,1,0,70.75,0,0,4,2,0,1,0,35.375,0.0,Resort Hotel,March,Wednesday,BB,ESP,Online TA,TA/TO,D,No Deposit,Transient,240.0,,0
21,2016,47,14,1,1,2,0,0,0,0,0,0,0,83.71,0,1,2,2,0,1,0,41.855,0.0,Resort Hotel,November,Monday,HB,ESP,Online TA,TA/TO,E,No Deposit,Transient,242.0,,0
1,2016,25,17,1,2,1,0,0,0,0,0,0,0,70.0,0,0,3,1,0,1,0,70.0,0.0,City Hotel,June,Friday,BB,QAT,Offline TA/TO,TA/TO,A,No Deposit,Transient-Party,6.0,,0
3,2017,10,11,0,1,2,2,0,0,0,0,0,0,208.0,0,0,1,4,1,1,0,52.0,0.0,City Hotel,March,Saturday,BB,PRT,Online TA,TA/TO,F,No Deposit,Transient,9.0,,0
68,2016,21,21,2,2,1,0,0,0,0,0,0,0,40.96,0,1,4,1,0,1,0,40.96,0.0,Resort Hotel,May,Saturday,BB,BRA,Online TA,TA/TO,A,No Deposit,Transient,241.0,,0
12,2017,34,24,0,2,2,0,0,0,0,0,0,0,148.5,1,0,2,2,0,1,0,74.25,0.0,City Hotel,August,Thursday,BB,FRA,Direct,Direct,A,No Deposit,Transient,14.0,,0
17,2015,44,30,0,1,1,0,0,0,0,0,0,0,95.0,0,0,1,1,0,1,0,95.0,0.0,City Hotel,October,Friday,BB,PRT,Offline TA/TO,TA/TO,A,No Deposit,Transient-Party,111.0,,0
212,2015,39,24,2,3,2,2,0,0,1,0,0,0,139.0,0,0,5,4,1,1,0,34.75,1.0,Resort Hotel,September,Thursday,BB,PRT,Online TA,TA/TO,G,No Deposit,Transient,240.0,,1
99,2017,21,23,0,4,2,0,0,0,0,0,0,0,137.25,0,0,4,2,0,1,0,68.625,0.0,City Hotel,May,Tuesday,BB,ISR,Online TA,TA/TO,A,No Deposit,Transient,9.0,,1
0,2015,53,31,0,1,2,0,0,0,0,0,0,0,284.0,0,0,1,2,0,0,0,142.0,0.0,Resort Hotel,December,Thursday,BB,BEL,Direct,Direct,F,No Deposit,Transient,,,0
4,2016,12,15,0,2,1,0,0,1,0,2,0,0,40.0,1,0,2,1,0,0,0,40.0,0.0,Resort Hotel,March,Tuesday,BB,PRT,Direct,Corporate,A,No Deposit,Transient,,,0
162,2015,38,17,0,3,2,0,0,0,0,0,0,0,70.0,0,1,3,2,0,1,0,35.0,0.0,City Hotel,September,Thursday,BB,FRA,Offline TA/TO,TA/TO,A,No Deposit,Transient-Party,3.0,,0
3,2016,21,16,1,3,1,0,0,0,0,0,0,0,42.0,1,0,4,1,0,0,1,42.0,0.0,Resort Hotel,May,Monday,BB,PRT,Corporate,Direct,A,No Deposit,Transient,,47.0,0
32,2016,14,2,4,10,2,0,0,0,0,0,0,0,95.0,0,0,14,2,0,1,0,47.5,0.0,Resort Hotel,April,Saturday,BB,PRT,Online TA,TA/TO,E,No Deposit,Transient,240.0,,1
21,2016,27,28,0,4,3,0,0,0,0,0,0,0,182.0,0,3,4,3,0,1,0,60.666666666666664,0.0,City Hotel,June,Tuesday,BB,FRA,Online TA,TA/TO,D,No Deposit,Transient,9.0,,0
107,2017,25,18,2,1,2,0,0,0,0,0,0,0,89.1,0,1,3,2,0,1,0,44.55,0.0,City Hotel,June,Sunday,BB,PRT,Offline TA/TO,TA/TO,A,No Deposit,Transient,85.0,,1
62,2015,44,25,2,5,2,0,0,0,0,0,1,0,47.0,0,2,7,2,0,1,0,23.5,0.0,Resort Hotel,October,Sunday,BB,DEU,Online TA,TA/TO,A,No Deposit,Transient,240.0,,0
1,2016,20,14,1,1,2,0,0,0,0,0,0,0,115.0,1,0,2,2,0,1,0,57.5,0.0,Resort Hotel,May,Saturday,BB,ITA,Online TA,TA/TO,E,No Deposit,Transient,240.0,,0
14,2016,9,22,1,3,3,0,0,0,0,0,0,0,118.0,0,1,4,3,0,1,0,39.333333333333336,0.0,City Hotel,February,Monday,BB,FRA,Offline TA/TO,TA/TO,A,No Deposit,Transient,28.0,,0
3,2017,11,17,0,2,2,1,0,0,0,0,1,0,127.0,0,1,2,3,1,1,0,42.333333333333336,0.0,City Hotel,March,Friday,BB,PRT,Online TA,TA/TO,A,No Deposit,Transient,9.0,,0
42,2016,9,21,1,0,2,0,0,0,0,0,0,0,80.3,0,1,1,2,0,1,0,40.15,0.0,City Hotel,February,Sunday,BB,FRA,Online TA,TA/TO,A,No Deposit,Transient,9.0,,0
0,2016,18,28,0,1,1,0,0,0,0,0,0,0,45.0,0,2,1,1,0,1,0,45.0,0.0,City Hotel,April,Thursday,BB,PRT,Offline TA/TO,TA/TO,A,No Deposit,Transient-Party,94.0,,1
185,2017,31,30,2,2,2,0,0,0,0,0,0,0,106.85,0,0,4,2,0,1,0,53.425,0.0,Resort Hotel,July,Sunday,BB,CN,Offline TA/TO,TA/TO,A,No Deposit,Transient,410.0,,0
176,2016,13,20,2,4,1,0,0,0,0,0,0,0,74.7,0,0,6,1,0,1,0,74.7,0.0,City Hotel,March,Sunday,BB,NOR,Direct,Direct,A,No Deposit,Group,14.0,,0
77,2016,43,17,2,5,2,0,0,0,0,0,0,0,9.71,0,0,7,2,0,0,0,4.855,0.0,Resort Hotel,October,Monday,BB,PRT,Direct,Direct,F,No Deposit,Transient,,,0
3,2016,46,10,0,1,1,0,0,0,0,0,0,0,95.0,0,0,1,1,0,0,1,95.0,0.0,City Hotel,November,Thursday,BB,ITA,Aviation,Corporate,D,No Deposit,Transient-Party,,153.0,0
45,2017,32,10,0,3,2,0,0,0,0,0,0,0,170.0,0,1,3,2,0,1,0,85.0,0.0,City Hotel,August,Thursday,BB,CHE,Online TA,TA/TO,D,No Deposit,Transient,9.0,,1
1,2015,39,20,2,3,2,0,1,0,0,0,0,0,111.65,0,2,5,3,1,1,0,37.21666666666667,0.0,City Hotel,September,Sunday,BB,PRT,Online TA,TA/TO,A,No Deposit,Group,7.0,,1
57,2016,37,4,2,2,2,0,0,0,0,0,0,0,117.45,0,2,4,2,0,1,0,58.725,0.0,City Hotel,September,Sunday,BB,SWE,Online TA,TA/TO,D,No Deposit,Transient,9.0,,1
0,2016,4,20,0,1,1,0,0,0,0,0,0,0,39.0,1,0,1,1,0,0,0,39.0,0.0,Resort Hotel,January,Wednesday,BB,PRT,Direct,Direct,A,No Deposit,Transient,,,0
40,2015,51,19,2,5,2,1,0,0,0,0,0,0,74.61,0,1,7,3,1,1,0,24.87,0.0,Resort Hotel,December,Saturday,HB,FRA,Offline TA/TO,TA/TO,A,No Deposit,Transient-Party,6.0,,0
210,2017,31,4,2,3,2,0,0,0,0,0,0,0,130.5,0,1,5,2,0,1,0,65.25,0.0,City Hotel,August,Friday,BB,GBR,Online TA,TA/TO,A,No Deposit,Transient,9.0,,1
64,2016,53,26,1,3,2,0,0,0,0,0,0,0,105.61,0,2,4,2,0,1,0,52.805,0.0,City Hotel,December,Monday,BB,FRA,Online TA,TA/TO,D,No Deposit,Transient,9.0,,0
41,2017,17,26,0,1,1,0,0,0,0,0,0,0,110.0,0,0,1,1,0,0,1,110.0,0.0,City Hotel,April,Wednesday,BB,SWE,Corporate,Corporate,A,No Deposit,Transient-Party,,280.0,0
158,2016,29,11,3,6,2,0,0,0,0,0,0,0,112.7,0,1,9,2,0,1,0,56.35,0.0,Resort Hotel,July,Monday,BB,DEU,Offline TA/TO,TA/TO,D,No Deposit,Transient,69.0,,0
155,2017,16,17,1,3,2,0,0,0,0,0,0,0,117.0,0,2,4,2,0,1,0,58.5,0.0,City Hotel,April,Monday,BB,ESP,Online TA,TA/TO,A,No Deposit,Transient,9.0,,1
21,2016,20,10,0,0,1,0,0,0,0,0,0,0,0.0,0,0,0,1,0,0,1,0.0,0.0,Resort Hotel,May,Tuesday,BB,PRT,Corporate,Corporate,A,No Deposit,Transient,,380.0,0
144,2016,28,9,2,5,3,0,0,0,0,0,0,0,133.69,0,0,7,3,0,1,0,44.56333333333333,0.0,City Hotel,July,Saturday,BB,POL,Online TA,TA/TO,D,No Deposit,Transient,9.0,,1
4,2016,29,16,2,2,1,0,0,0,0,0,0,0,68.0,0,0,4,1,0,1,0,68.0,0.0,City Hotel,July,Saturday,BB,PRT,Offline TA/TO,TA/TO,A,No Deposit,Transient,118.0,,1
47,2015,46,11,0,1,1,0,0,0,0,0,0,0,65.0,0,0,1,1,0,0,1,65.0,0.0,City Hotel,November,Wednesday,BB,PRT,Corporate,Corporate,A,No Deposit,Transient,,40.0,0
186,2017,15,9,2,1,2,2,0,0,0,0,0,0,196.0,0,0,3,4,1,1,0,49.0,0.0,City Hotel,April,Sunday,BB,FRA,Online TA,TA/TO,F,No Deposit,Transient,9.0,,0
119,2016,18,29,1,2,2,0,0,0,0,0,1,0,99.3,0,0,3,2,0,1,0,49.65,0.0,City Hotel,April,Friday,BB,PRT,Online TA,TA/TO,A,No Deposit,Transient,9.0,,0
92,2017,33,17,0,3,2,0,0,0,0,0,0,0,80.1,0,1,3,2,0,1,0,40.05,0.0,City Hotel,August,Thursday,BB,AUT,Offline TA/TO,TA/TO,A,No Deposit,Transient,42.0,,0
28,2016,6,5,2,7,1,0,0,0,0,0,2,0,101.78,0,0,9,1,0,1,0,101.78,0.0,City Hotel,February,Friday,BB,CPV,Online TA,TA/TO,D,No Deposit,Transient,9.0,,1
20,2016,12,19,2,3,2,0,0,0,0,0,2,0,128.2,0,1,5,2,0,1,0,64.1,0.0,City Hotel,March,Saturday,BB,DNK,Online TA,TA/TO,A,No Deposit,Transient-Party,9.0,,0
19,2016,7,13,0,1,2,0,0,0,0,0,0,0,106.5,0,1,1,2,0,1,0,53.25,0.0,Resort Hotel,February,Saturday,BB,PRT,Direct,Direct,E,No Deposit,Transient,250.0,,0
57,2016,11,12,2,2,2,0,0,0,0,0,0,0,45.9,0,0,4,2,0,1,0,22.95,0.0,City Hotel,March,Saturday,SC,PRT,Online TA,TA/TO,A,No Deposit,Transient,11.0,,0
5,2016,16,13,0,3,2,0,0,0,0,0,0,0,95.0,0,1,3,2,0,1,0,47.5,0.0,Resort Hotel,April,Wednesday,BB,FRA,Online TA,TA/TO,F,No Deposit,Transient,242.0,,0
301,2016,31,30,1,1,2,0,0,0,0,0,0,0,109.0,0,0,2,2,0,1,0,54.5,0.0,City Hotel,July,Saturday,HB,PRT,Offline TA/TO,TA/TO,A,No Deposit,Transient-Party,6.0,,1
1,2016,48,22,0,1,1,0,0,1,0,1,0,0,88.0,1,0,1,1,0,0,1,88.0,0.0,City Hotel,November,Tuesday,BB,PRT,Corporate,Corporate,A,No Deposit,Transient,,219.0,0
39,2016,26,21,0,2,1,2,0,0,0,0,0,0,168.3,0,2,2,3,1,1,0,56.1,0.0,City Hotel,June,Tuesday,BB,USA,Direct,Direct,F,No Deposit,Transient,14.0,,0
353,2017,21,27,2,5,2,0,0,0,0,0,0,0,73.41,0,1,7,2,0,1,0,36.705,0.0,Resort Hotel,May,Saturday,BB,GBR,Online TA,TA/TO,D,No Deposit,Transient,240.0,,1
14,2015,38,15,0,1,2,0,0,0,0,0,1,0,96.0,0,1,1,2,0,1,0,48.0,0.0,City Hotel,September,Tuesday,BB,PRT,Online TA,TA/TO,A,No Deposit,Contract,9.0,,0
41,2017,17,26,0,2,1,0,0,0,0,0,1,0,110.0,0,0,2,1,0,0,1,110.0,0.0,City Hotel,April,Wednesday,BB,DEU,Corporate,Corporate,A,No Deposit,Transient-Party,,280.0,0
0,2016,25,13,1,1,2,0,0,0,0,0,0,0,121.0,1,0,2,2,0,0,0,60.5,0.0,Resort Hotel,June,Monday,BB,PRT,Direct,Direct,A,No Deposit,Transient,,,0
353,2017,21,24,0,3,2,0,0,0,0,0,0,0,99.0,0,1,3,2,0,1,0,49.5,0.0,City Hotel,May,Wednesday,SC,IRL,Online TA,TA/TO,A,No Deposit,Transient,9.0,,0
67,2016,48,23,0,4,2,0,0,0,0,0,0,0,88.4,0,2,4,2,0,1,0,44.2,0.0,City Hotel,November,Wednesday,BB,DEU,Online TA,TA/TO,A,No Deposit,Transient,9.0,,1
1,2015,29,18,0,1,2,0,0,0,0,0,0,0,173.0,0,1,1,2,0,0,0,86.5,0.0,Resort Hotel,July,Saturday,BB,PRT,Direct,Direct,D,No Deposit,Transient,,,0
52,2015,41,5,2,5,2,0,0,0,0,0,0,0,54.72,0,0,7,2,0,1,0,27.36,0.0,Resort Hotel,October,Monday,BB,PRT,Offline TA/TO,TA/TO,E,No Deposit,Transient,171.0,,0
269,2017,15,15,2,3,2,0,0,0,0,0,0,0,109.8,0,0,5,2,0,1,0,54.9,0.0,City Hotel,April,Saturday,BB,CHE,Online TA,TA/TO,A,No Deposit,Transient,9.0,,1
1,2016,40,27,0,1,2,0,0,0,0,0,1,0,115.0,0,0,1,2,0,0,1,57.5,0.0,City Hotel,September,Tuesday,BB,PRT,Corporate,Corporate,A,No Deposit,Transient,,320.0,0
10,2016,49,3,0,1,1,0,0,0,0,0,0,0,44.0,0,0,1,1,0,0,0,44.0,0.0,Resort Hotel,December,Saturday,HB,PRT,Groups,Direct,A,No Deposit,Transient-Party,,,0
163,2017,16,21,1,2,2,0,0,0,0,0,0,28,90.0,0,0,3,2,0,1,0,45.0,0.0,City Hotel,April,Friday,BB,PRT,Groups,TA/TO,A,Non Refund,Transient,3.0,,1
34,2015,32,5,0,2,3,0,0,0,0,0,1,0,84.0,0,0,2,3,0,1,0,28.0,0.0,City Hotel,August,Wednesday,BB,ESP,Groups,TA/TO,A,No Deposit,Transient,1.0,,0
9,2016,21,15,1,0,2,0,0,0,0,0,0,0,70.0,1,0,1,2,0,0,0,35.0,0.0,Resort Hotel,May,Sunday,BB,GBR,Groups,TA/TO,A,Refundable,Transient-Party,,,0
25,2016,30,18,1,0,2,1,0,0,0,0,0,0,186.5,0,2,1,3,1,1,0,62.166666666666664,0.0,City Hotel,July,Monday,BB,CHE,Online TA,TA/TO,A,No Deposit,Transient,9.0,,0
213,2017,31,4,1,2,2,0,0,0,0,0,0,0,180.0,0,3,3,2,0,1,0,90.0,0.0,City Hotel,August,Friday,BB,BEL,Online TA,TA/TO,D,No Deposit,Transient,9.0,,0
57,2016,35,25,0,3,2,0,0,0,0,0,0,0,201.0,0,0,3,2,0,1,0,100.5,0.0,Resort Hotel,August,Thursday,BB,ESP,Online TA,TA/TO,A,No Deposit,Transient,240.0,,0
242,2016,37,6,2,5,2,0,0,0,0,0,0,0,81.0,0,1,7,2,0,1,0,40.5,0.0,Resort Hotel,September,Tuesday,BB,PRT,Online TA,TA/TO,A,No Deposit,Transient,240.0,,1
156,2017,24,15,0,3,2,0,0,0,0,0,0,0,162.0,0,2,3,2,0,1,0,81.0,0.0,City Hotel,June,Thursday,BB,NLD,Online TA,TA/TO,E,No Deposit,Transient,9.0,,0
14,2016,7,13,1,1,2,0,0,0,0,0,0,0,68.0,0,1,2,2,0,1,0,34.0,0.0,Resort Hotel,February,Saturday,BB,PRT,Online TA,TA/TO,E,No Deposit,Transient,240.0,,1
87,2017,9,1,0,3,1,0,0,0,0,0,1,0,79.2,0,0,3,1,0,1,0,79.2,0.0,City Hotel,March,Wednesday,BB,PRT,Direct,Direct,A,No Deposit,Transient,14.0,,0
18,2016,33,11,1,3,2,0,0,0,0,0,0,0,226.5,0,0,4,2,0,1,0,113.25,0.0,Resort Hotel,August,Thursday,BB,ESP,Online TA,TA/TO,A,No Deposit,Transient,240.0,,1
35,2017,1,7,2,1,2,0,0,0,0,0,0,0,38.0,0,0,3,2,0,1,0,19.0,0.0,Resort Hotel,January,Saturday,BB,GBR,Offline TA/TO,TA/TO,A,No Deposit,Transient,26.0,,0
255,2016,27,1,2,2,2,2,0,0,0,0,0,0,142.5,0,0,4,4,1,1,0,35.625,0.0,Resort Hotel,July,Friday,BB,PRT,Online TA,TA/TO,G,No Deposit,Transient,240.0,,1
141,2017,26,30,2,3,2,0,0,0,0,0,0,0,80.1,0,1,5,2,0,1,0,40.05,0.0,City Hotel,June,Friday,BB,GBR,Offline TA/TO,TA/TO,A,No Deposit,Transient,85.0,,0
176,2017,20,20,2,1,1,0,0,0,0,0,0,63,190.0,0,0,3,1,0,1,0,190.0,0.0,City Hotel,May,Saturday,BB,PRT,Offline TA/TO,TA/TO,A,Non Refund,Transient,34.0,,1
39,2016,27,2,2,2,2,0,0,0,0,0,0,0,117.9,0,0,4,2,0,1,0,58.95,0.0,City Hotel,July,Saturday,BB,BEL,Online TA,TA/TO,A,No Deposit,Transient,9.0,,1
33,2016,16,10,1,0,1,0,0,0,0,0,0,0,42.0,0,0,1,1,0,0,1,42.0,0.0,Resort Hotel,April,Sunday,BB,ESP,Corporate,Direct,A,No Deposit,Transient-Party,,263.0,0
43,2015,43,23,0,1,1,0,0,0,0,0,1,0,0.0,0,0,1,1,0,1,0,0.0,0.0,City Hotel,October,Friday,BB,PRT,Offline TA/TO,TA/TO,A,No Deposit,Transient-Party,2.0,,0
21,2017,9,4,2,5,2,0,0,0,0,0,0,0,127.01,0,0,7,2,0,1,0,63.505,0.0,City Hotel,March,Saturday,BB,FRA,Online TA,TA/TO,E,No Deposit,Transient,9.0,,1
12,2015,48,25,0,1,1,0,0,1,0,1,0,0,65.0,0,1,1,1,0,0,1,65.0,0.0,City Hotel,November,Wednesday,BB,PRT,Corporate,Corporate,A,No Deposit,Transient-Party,,40.0,0
13,2017,7,12,2,3,2,1,0,0,0,0,0,0,108.8,0,3,5,3,1,1,0,36.266666666666666,0.0,City Hotel,February,Sunday,BB,IRL,Online TA,TA/TO,A,No Deposit,Transient,9.0,,0
13,2016,49,2,2,4,3,0,0,0,0,0,0,0,131.89,0,0,6,3,0,1,0,43.96333333333333,0.0,City Hotel,December,Friday,BB,BGD,Online TA,TA/TO,D,No Deposit,Transient,9.0,,1
78,2017,16,17,1,3,2,1,0,0,0,0,1,0,198.0,0,2,4,3,1,1,0,66.0,0.0,City Hotel,April,Monday,HB,ITA,Online TA,TA/TO,E,No Deposit,Transient,9.0,,0
37,2017,12,24,3,7,2,2,0,0,0,0,0,0,210.4,0,1,10,4,1,1,0,52.6,0.0,City Hotel,March,Friday,BB,BRA,Online TA,TA/TO,F,No Deposit,Transient,9.0,,1
82,2017,19,8,1,1,1,0,0,0,0,0,0,0,65.52,1,1,2,1,0,1,0,65.52,0.0,Resort Hotel,May,Monday,BB,GBR,Online TA,TA/TO,A,No Deposit,Transient,241.0,,0
214,2017,31,1,0,3,2,0,0,0,0,0,0,0,80.1,0,0,3,2,0,1,0,40.05,0.0,City Hotel,August,Tuesday,BB,CYP,Offline TA/TO,TA/TO,A,No Deposit,Transient,138.0,,0
160,2017,33,19,1,1,1,2,0,0,0,0,1,0,148.5,0,1,2,3,1,1,0,49.5,0.0,City Hotel,August,Saturday,BB,POL,Online TA,TA/TO,A,No Deposit,Transient,9.0,,0
91,2017,32,10,2,3,2,1,0,0,0,0,0,0,273.25,0,0,5,3,1,1,0,91.08333333333331,0.0,Resort Hotel,August,Thursday,HB,PRT,Online TA,TA/TO,A,No Deposit,Transient,314.0,,1
113,2016,16,15,0,2,2,0,0,0,0,0,0,0,96.3,0,1,2,2,0,1,0,48.15,0.0,City Hotel,April,Friday,BB,FRA,Online TA,TA/TO,A,No Deposit,Transient,9.0,,0
37,2016,27,1,0,1,2,0,0,0,0,0,0,0,131.4,0,0,1,2,0,1,0,65.7,0.0,City Hotel,July,Friday,BB,ITA,Online TA,TA/TO,D,No Deposit,Transient,9.0,,1
188,2016,31,30,2,3,2,0,0,0,0,0,0,0,87.55,0,0,5,2,0,1,0,43.775,0.0,City Hotel,July,Saturday,BB,ESP,Direct,Direct,A,No Deposit,Transient-Party,14.0,,0
60,2016,26,23,0,1,3,0,0,0,0,0,0,0,132.3,0,0,1,3,0,1,0,44.1,0.0,City Hotel,June,Thursday,BB,HKG,Online TA,TA/TO,D,No Deposit,Transient,9.0,,1
185,2016,47,17,0,1,2,0,0,0,0,0,0,0,55.8,0,3,1,2,0,1,0,27.9,0.0,Resort Hotel,November,Thursday,BB,BRA,Online TA,TA/TO,E,No Deposit,Transient,240.0,,1
18,2017,9,26,2,0,2,0,0,0,0,0,1,0,43.12,0,1,2,2,0,1,0,21.56,0.0,Resort Hotel,February,Sunday,BB,GBR,Online TA,TA/TO,D,No Deposit,Transient,241.0,,0
67,2015,45,1,2,1,2,0,0,0,0,0,0,0,32.71,0,0,3,2,0,1,0,16.355,0.0,City Hotel,November,Sunday,BB,GBR,Offline TA/TO,TA/TO,A,No Deposit,Group,6.0,,0
250,2017,32,6,4,10,3,0,0,1,0,1,0,0,251.43,1,3,14,3,0,0,0,83.81,0.0,Resort Hotel,August,Sunday,HB,PRT,Direct,Direct,E,No Deposit,Transient,,,0
177,2017,27,3,2,5,3,0,0,0,0,0,1,0,175.57,0,1,7,3,0,1,0,58.52333333333333,0.0,Resort Hotel,July,Monday,BB,IRL,Direct,Direct,F,No Deposit,Transient-Party,250.0,,0
226,2017,12,25,2,2,2,0,0,0,0,0,0,0,30.24,0,1,4,2,0,1,0,15.12,0.0,Resort Hotel,March,Saturday,BB,IRL,Online TA,TA/TO,A,No Deposit,Transient-Party,314.0,,0
3,2016,18,25,1,1,2,0,0,0,0,0,1,0,81.0,1,1,2,2,0,1,0,40.5,0.0,Resort Hotel,April,Monday,BB,PRT,Direct,Direct,A,No Deposit,Transient,250.0,,0
0,2016,49,28,1,0,2,0,0,0,0,0,0,0,48.0,1,1,1,2,0,1,0,24.0,0.0,Resort Hotel,November,Monday,BB,PRT,Online TA,TA/TO,A,No Deposit,Transient,240.0,,0
129,2017,34,23,0,1,2,0,0,0,0,0,0,0,125.0,0,2,1,2,0,1,0,62.5,0.0,City Hotel,August,Wednesday,SC,IRL,Online TA,TA/TO,A,No Deposit,Transient,9.0,,0
1,2017,30,28,1,2,2,0,0,0,0,0,0,0,172.67,1,1,3,2,0,1,0,86.335,0.0,Resort Hotel,July,Friday,BB,PRT,Online TA,TA/TO,A,No Deposit,Transient,241.0,,0
2,2016,17,23,2,4,2,2,0,0,0,0,0,0,206.0,0,0,6,4,1,1,0,51.5,0.0,City Hotel,April,Saturday,BB,AGO,Online TA,TA/TO,F,No Deposit,Transient,9.0,,1
31,2016,11,9,0,1,2,0,0,0,0,0,0,0,81.9,0,0,1,2,0,1,0,40.95,0.0,City Hotel,March,Wednesday,BB,HUN,Online TA,TA/TO,A,No Deposit,Transient,9.0,,1
0,2016,16,11,1,0,1,0,0,0,0,0,0,0,88.65,0,0,1,1,0,0,0,88.65,0.0,City Hotel,April,Monday,BB,PRT,Direct,Direct,A,No Deposit,Transient,,,0
18,2016,39,23,0,2,1,0,0,0,0,0,0,0,149.0,0,2,2,1,0,1,0,149.0,0.0,City Hotel,September,Friday,SC,ESP,Online TA,TA/TO,A,No Deposit,Transient,9.0,,1
14,2016,43,22,1,1,2,1,0,0,0,0,0,0,168.25,0,1,2,3,1,1,0,56.083333333333336,0.0,City Hotel,October,Saturday,BB,NLD,Online TA,TA/TO,F,No Deposit,Transient,7.0,,0
102,2017,18,30,2,4,2,0,0,0,0,0,0,0,85.0,0,0,6,2,0,1,0,42.5,0.0,City Hotel,April,Sunday,BB,DZA,Offline TA/TO,TA/TO,A,No Deposit,Transient,28.0,,0
130,2015,42,16,0,2,2,0,0,0,0,0,0,0,92.4,0,0,2,2,0,1,0,46.2,0.0,Resort Hotel,October,Friday,BB,USA,Online TA,TA/TO,F,No Deposit,Transient,241.0,,0
1,2016,16,16,2,2,2,0,0,0,0,0,0,0,89.0,0,1,4,2,0,1,0,44.5,0.0,City Hotel,April,Saturday,SC,ISR,Online TA,TA/TO,A,No Deposit,Transient,9.0,,0
191,2016,20,11,1,4,2,0,0,0,0,0,0,0,100.3,0,0,5,2,0,1,0,50.15,0.0,City Hotel,May,Wednesday,BB,NOR,Online TA,TA/TO,A,No Deposit,Transient,8.0,,0
62,2017,34,23,0,1,1,0,0,0,0,0,0,0,115.0,0,0,1,1,0,1,0,115.0,0.0,City Hotel,August,Wednesday,BB,DEU,Offline TA/TO,TA/TO,A,No Deposit,Transient-Party,98.0,,0
13,2016,20,8,2,5,2,0,0,0,0,0,0,0,55.87,0,0,7,2,0,1,0,27.935,0.0,Resort Hotel,May,Sunday,BB,IRL,Online TA,TA/TO,D,No Deposit,Transient,147.0,,0
510,2016,49,1,0,2,2,0,0,0,0,0,0,0,62.8,0,0,2,2,0,1,0,31.4,0.0,City Hotel,December,Thursday,BB,PRT,Groups,TA/TO,A,Non Refund,Transient,1.0,,1
151,2016,28,6,0,4,2,0,0,0,0,0,0,0,120.7,0,1,4,2,0,1,0,60.35,0.0,City Hotel,July,Wednesday,BB,FRA,Online TA,TA/TO,D,No Deposit,Transient,9.0,,0
67,2017,19,13,1,1,2,0,0,0,0,0,0,0,189.0,0,0,2,2,0,1,0,94.5,0.0,City Hotel,May,Saturday,BB,AUT,Online TA,TA/TO,E,No Deposit,Transient,9.0,,1
26,2015,43,21,0,1,1,0,0,0,0,0,0,0,65.0,0,0,1,1,0,0,1,65.0,0.0,City Hotel,October,Wednesday,BB,PRT,Corporate,Corporate,A,No Deposit,Transient,,40.0,0
344,2016,25,16,0,2,2,0,0,0,0,0,0,0,62.0,0,0,2,2,0,1,0,31.0,0.0,City Hotel,June,Thursday,BB,PRT,Groups,TA/TO,A,Non Refund,Transient,1.0,,1
238,2016,42,13,0,1,1,0,0,0,0,0,0,0,80.0,0,0,1,1,0,1,0,80.0,0.0,City Hotel,October,Thursday,BB,PRT,Offline TA/TO,TA/TO,A,No Deposit,Transient-Party,56.0,,0
161,2016,30,19,2,5,2,0,0,0,0,0,0,0,97.76,0,0,7,2,0,1,0,48.88,0.0,Resort Hotel,July,Tuesday,BB,GBR,Offline TA/TO,TA/TO,A,No Deposit,Transient,26.0,,0
46,2016,11,11,2,4,2,0,0,0,0,0,0,0,77.35,0,1,6,2,0,1,0,38.675,0.0,City Hotel,March,Friday,BB,DEU,Online TA,TA/TO,A,No Deposit,Transient,9.0,,0
31,2017,6,10,0,2,2,0,0,0,0,0,0,0,88.0,0,2,2,2,0,1,0,44.0,0.0,City Hotel,February,Friday,SC,GBR,Online TA,TA/TO,A,No Deposit,Transient,9.0,,0
287,2016,29,12,2,5,1,0,0,0,0,0,1,0,81.6,0,1,7,1,0,1,0,81.6,0.0,Resort Hotel,July,Tuesday,BB,NOR,Offline TA/TO,TA/TO,D,No Deposit,Transient,8.0,,0
160,2016,31,28,2,3,2,0,0,0,0,0,0,0,129.2,0,1,5,2,0,1,0,64.6,0.0,Resort Hotel,July,Thursday,BB,CN,Offline TA/TO,TA/TO,D,No Deposit,Transient,96.0,,0
12,2016,33,13,2,1,3,0,0,0,0,0,0,0,200.0,1,1,3,3,0,1,0,66.66666666666667,0.0,City Hotel,August,Saturday,BB,ESP,Online TA,TA/TO,D,No Deposit,Transient,9.0,,0
54,2017,25,23,1,2,2,0,0,0,0,0,0,0,126.67,0,1,3,2,0,1,0,63.335,0.0,City Hotel,June,Friday,SC,AUS,Online TA,TA/TO,A,No Deposit,Transient,9.0,,0
187,2017,32,12,2,5,2,2,0,0,0,0,0,0,256.57,0,0,7,4,1,1,0,64.1425,0.0,Resort Hotel,August,Saturday,HB,ESP,Online TA,TA/TO,C,No Deposit,Transient,240.0,,1
43,2015,53,31,0,1,2,0,0,0,0,0,0,0,80.0,0,0,1,2,0,0,0,40.0,0.0,Resort Hotel,December,Thursday,BB,PRT,Direct,Direct,D,No Deposit,Transient,,,1
81,2016,20,9,1,4,2,1,0,0,0,0,0,0,135.15,0,2,5,3,1,1,0,45.05,0.0,City Hotel,May,Monday,BB,DEU,Online TA,TA/TO,A,No Deposit,Transient,9.0,,1
172,2016,17,18,3,5,2,0,0,0,0,0,0,0,68.42,0,1,8,2,0,1,0,34.21,0.0,Resort Hotel,April,Monday,HB,GBR,Offline TA/TO,TA/TO,A,No Deposit,Transient-Party,147.0,,0
98,2015,48,23,1,1,1,0,0,0,0,0,0,0,70.0,0,0,2,1,0,1,0,70.0,0.0,City Hotel,November,Monday,BB,POL,Groups,TA/TO,A,No Deposit,Transient-Party,37.0,,0
99,2016,42,12,0,4,1,0,0,0,0,0,3,0,152.78,0,0,4,1,0,1,0,152.78,0.0,City Hotel,October,Wednesday,BB,USA,Direct,Direct,E,No Deposit,Transient,14.0,,0
44,2015,52,23,2,5,2,0,0,0,0,0,0,0,56.0,1,0,7,2,0,1,0,28.0,0.0,Resort Hotel,December,Wednesday,BB,FRA,Offline TA/TO,TA/TO,A,No Deposit,Transient,6.0,,0
6,2016,20,8,2,0,1,0,0,0,0,0,0,0,99.0,0,2,2,1,0,1,0,99.0,0.0,City Hotel,May,Sunday,SC,GBR,Online TA,TA/TO,A,No Deposit,Transient,9.0,,0
66,2016,45,3,2,8,2,0,0,0,0,0,0,0,73.8,0,2,10,2,0,1,0,36.9,0.0,Resort Hotel,November,Thursday,HB,PRT,Online TA,TA/TO,D,No Deposit,Transient,240.0,,1
61,2016,25,18,2,1,2,0,0,0,0,0,0,0,153.0,1,0,3,2,0,1,0,76.5,0.0,Resort Hotel,June,Saturday,BB,GBR,Online TA,TA/TO,A,No Deposit,Transient,240.0,,0
13,2017,21,22,1,0,1,0,0,0,0,0,0,0,110.0,0,0,1,1,0,0,1,110.0,0.0,City Hotel,May,Monday,BB,PRT,Corporate,Corporate,D,No Deposit,Transient,,179.0,1
24,2016,19,7,2,5,2,0,0,0,0,0,0,0,85.0,0,0,7,2,0,1,0,42.5,0.0,Resort Hotel,May,Saturday,HB,DEU,Groups,TA/TO,A,No Deposit,Transient-Party,15.0,,0
112,2017,23,4,1,0,2,0,0,0,0,0,0,0,144.0,0,0,1,2,0,1,0,72.0,0.0,City Hotel,June,Sunday,BB,DEU,Online TA,TA/TO,A,No Deposit,Transient,9.0,,0
228,2017,18,1,1,2,2,0,0,0,0,0,0,0,110.0,0,1,3,2,0,1,0,55.0,0.0,City Hotel,May,Monday,SC,USA,Online TA,TA/TO,A,No Deposit,Transient,9.0,,1
2,2016,8,17,0,2,1,0,0,0,0,0,1,0,36.0,1,0,2,1,0,0,1,36.0,0.0,Resort Hotel,February,Wednesday,BB,PRT,Corporate,Corporate,A,No Deposit,Transient,,47.0,0
40,2015,48,24,0,3,2,0,0,0,0,0,0,0,41.4,1,2,3,2,0,1,0,20.7,0.0,Resort Hotel,November,Tuesday,BB,ESP,Online TA,TA/TO,D,No Deposit,Transient,242.0,,0
15,2017,18,4,0,3,2,0,0,0,0,0,0,0,160.0,0,1,3,2,0,1,0,80.0,0.0,City Hotel,May,Thursday,BB,ESP,Online TA,TA/TO,A,No Deposit,Transient,9.0,,1
2,2017,9,27,1,3,2,0,0,0,0,0,0,0,74.8,0,0,4,2,0,1,0,37.4,0.0,City Hotel,February,Monday,SC,FRA,Online TA,TA/TO,A,No Deposit,Transient,9.0,,0
34,2015,37,10,0,3,2,0,0,0,0,0,0,0,145.8,0,2,3,2,0,1,0,72.9,0.0,City Hotel,September,Thursday,BB,USA,Online TA,TA/TO,A,No Deposit,Contract,9.0,,0
101,2016,24,8,0,4,2,0,0,0,0,0,0,0,87.67,0,3,4,2,0,1,0,43.835,0.0,City Hotel,June,Wednesday,BB,PRT,Online TA,TA/TO,A,No Deposit,Transient,7.0,,0
71,2016,45,30,2,0,2,0,0,0,0,0,0,0,75.54,0,1,2,2,0,1,0,37.77,0.0,City Hotel,October,Sunday,BB,GBR,Online TA,TA/TO,A,No Deposit,Transient,7.0,,0
130,2017,33,13,2,5,2,0,0,0,0,0,0,0,125.0,0,2,7,2,0,1,0,62.5,0.0,City Hotel,August,Sunday,SC,FRA,Online TA,TA/TO,A,No Deposit,Transient,9.0,,1
66,2017,13,31,2,3,2,0,0,0,0,0,0,0,122.04,0,0,5,2,0,1,0,61.02,0.0,City Hotel,March,Friday,BB,FIN,Online TA,TA/TO,D,No Deposit,Transient,8.0,,0
120,2017,19,12,0,2,2,0,0,0,0,0,2,0,126.0,0,0,2,2,0,1,0,63.0,0.0,City Hotel,May,Friday,SC,COL,Online TA,TA/TO,A,No Deposit,Transient,9.0,,1
219,2015,36,4,0,1,2,0,0,0,0,0,0,0,108.0,0,0,1,2,0,1,0,54.0,0.0,City Hotel,September,Friday,HB,PRT,Offline TA/TO,TA/TO,A,No Deposit,Transient-Party,6.0,,0
4,2016,8,20,0,1,2,0,0,0,0,0,0,0,92.0,0,1,1,2,0,0,0,46.0,0.0,City Hotel,February,Saturday,BB,PRT,Direct,Direct,A,No Deposit,Transient-Party,,,0
25,2016,3,12,0,3,2,0,0,0,0,0,0,0,40.67,0,0,3,2,0,1,0,20.335,0.0,City Hotel,January,Tuesday,BB,DEU,Offline TA/TO,TA/TO,A,No Deposit,Transient,27.0,,0
256,2017,29,21,0,1,2,1,0,0,0,0,0,0,125.1,0,2,1,3,1,1,0,41.7,0.0,City Hotel,July,Friday,BB,DEU,Online TA,TA/TO,A,No Deposit,Transient,9.0,,0
135,2017,30,27,0,3,2,0,0,0,0,0,0,0,80.1,0,0,3,2,0,1,0,40.05,0.0,City Hotel,July,Thursday,BB,DEU,Offline TA/TO,TA/TO,A,No Deposit,Transient,42.0,,0
18,2016,43,22,0,1,2,2,0,0,0,0,0,0,244.0,0,0,1,4,1,1,0,61.0,0.0,City Hotel,October,Saturday,BB,CHE,Direct,Direct,F,No Deposit,Transient,14.0,,1
179,2016,35,23,0,3,2,0,0,0,0,0,0,0,91.5,0,0,3,2,0,1,0,45.75,0.0,City Hotel,August,Tuesday,SC,NLD,Online TA,TA/TO,A,No Deposit,Transient,9.0,,1
28,2016,10,5,2,1,2,0,0,0,0,0,0,0,105.8,0,0,3,2,0,1,0,52.9,0.0,City Hotel,March,Saturday,BB,PRT,Online TA,TA/TO,D,No Deposit,Transient,9.0,,1
55,2016,23,29,2,1,2,0,0,0,0,0,2,0,140.0,0,0,3,2,0,0,0,70.0,0.0,City Hotel,May,Sunday,BB,PRT,Groups,TA/TO,A,No Deposit,Transient-Party,,,0
53,2016,17,18,1,0,2,2,0,0,0,0,0,0,118.0,0,0,1,4,1,1,0,29.5,0.0,Resort Hotel,April,Monday,BB,PRT,Online TA,TA/TO,G,No Deposit,Transient,240.0,,1
20,2016,47,14,1,2,2,0,0,0,0,0,0,0,104.0,0,2,3,2,0,1,0,52.0,0.0,City Hotel,November,Monday,BB,ESP,Online TA,TA/TO,A,No Deposit,Transient,9.0,,1
5,2016,15,6,0,1,1,0,0,1,0,1,0,0,95.0,0,0,1,1,0,0,1,95.0,0.0,City Hotel,April,Wednesday,BB,FRA,Corporate,Corporate,A,No Deposit,Transient,,91.0,0
20,2016,46,6,2,2,1,0,0,0,0,0,0,0,124.16,0,1,4,1,0,1,0,124.16,0.0,City Hotel,November,Sunday,BB,EST,Online TA,TA/TO,A,No Deposit,Transient,7.0,,0
130,2017,22,30,0,1,2,0,0,0,0,0,0,0,126.0,0,0,1,2,0,1,0,63.0,0.0,City Hotel,May,Tuesday,BB,GBR,Online TA,TA/TO,A,No Deposit,Transient,9.0,,1
6,2016,7,9,0,3,1,0,0,0,0,0,0,0,25.0,0,0,3,1,0,1,0,25.0,0.0,Resort Hotel,February,Tuesday,BB,,Offline TA/TO,TA/TO,A,No Deposit,Transient,196.0,,0
4,2017,14,8,0,1,2,0,0,0,0,0,0,0,85.0,1,1,1,2,0,1,0,42.5,0.0,Resort Hotel,April,Saturday,BB,PRT,Online TA,TA/TO,A,No Deposit,Transient,240.0,,0
186,2016,34,16,0,3,2,0,0,0,0,0,0,0,72.25,0,0,3,2,0,1,0,36.125,0.0,City Hotel,August,Tuesday,BB,FRA,Offline TA/TO,TA/TO,A,No Deposit,Transient,85.0,,0
123,2017,20,18,1,3,2,0,0,0,0,0,0,0,108.0,0,1,4,2,0,1,0,54.0,0.0,City Hotel,May,Thursday,SC,ARG,Online TA,TA/TO,A,No Deposit,Transient,9.0,,1
11,2016,7,12,1,2,2,0,0,0,0,0,0,0,68.0,0,1,3,2,0,1,0,34.0,0.0,Resort Hotel,February,Friday,BB,CN,Online TA,TA/TO,E,No Deposit,Transient,240.0,,0
204,2015,35,26,0,4,2,0,0,0,0,0,0,0,134.0,0,0,4,2,0,1,0,67.0,0.0,Resort Hotel,August,Wednesday,BB,IRL,Direct,Direct,A,No Deposit,Transient,250.0,,0
0,2017,3,21,0,1,2,0,0,0,0,0,0,0,67.0,1,0,1,2,0,0,0,33.5,0.0,Resort Hotel,January,Saturday,BB,PRT,Direct,Direct,E,No Deposit,Transient,,,0
151,2016,4,19,0,2,1,0,0,0,0,0,2,63,71.0,0,0,2,1,0,1,0,71.0,0.0,City Hotel,January,Tuesday,BB,ESP,Offline TA/TO,TA/TO,A,No Deposit,Transient-Party,19.0,,0
2,2016,13,23,0,2,2,0,0,0,0,0,0,0,96.5,0,0,2,2,0,1,0,48.25,0.0,Resort Hotel,March,Wednesday,BB,PRT,Direct,Direct,E,No Deposit,Transient,250.0,,0
17,2016,41,3,1,1,1,0,0,0,0,0,0,0,95.0,0,0,2,1,0,0,1,95.0,0.0,City Hotel,October,Monday,BB,CYP,Corporate,Corporate,A,No Deposit,Transient,,150.0,0
10,2017,13,27,1,1,1,0,0,0,0,0,2,0,95.0,0,0,2,1,0,1,0,95.0,0.0,City Hotel,March,Monday,BB,ISR,Groups,TA/TO,A,No Deposit,Transient-Party,37.0,,0
205,2016,16,13,0,3,2,0,0,0,0,0,1,0,141.0,1,0,3,2,0,1,0,70.5,0.0,Resort Hotel,April,Wednesday,BB,FIN,Direct,Direct,E,No Deposit,Transient,250.0,,0
300,2017,31,30,2,5,1,0,0,0,0,0,2,0,149.81,1,2,7,1,0,1,0,149.81,0.0,Resort Hotel,July,Sunday,BB,PRT,Online TA,TA/TO,A,No Deposit,Transient-Party,240.0,,0
96,2016,16,10,2,3,2,0,0,0,0,0,0,0,84.15,0,1,5,2,0,1,0,42.075,0.0,City Hotel,April,Sunday,BB,CHE,Online TA,TA/TO,A,No Deposit,Transient,9.0,,0
3,2016,26,23,0,1,2,0,0,0,0,0,0,0,97.0,0,1,1,2,0,1,0,48.5,0.0,City Hotel,June,Thursday,SC,PRT,Online TA,TA/TO,A,No Deposit,Transient,9.0,,0
1,2015,53,31,0,1,2,0,0,0,0,0,0,0,135.0,0,1,1,2,0,1,0,67.5,0.0,City Hotel,December,Thursday,BB,PRT,Online TA,TA/TO,A,No Deposit,Transient,9.0,,0
